[2m13:35:56[22m [31m[1m[vite][22m[39m [31mInternal server error: D:\Projetos\Mano calos projetos\VILA\Vila 2\src\components\admin\MiniCharts.tsx: Adjacent JSX elements must be wrapped in an enclosing tag. Did you want a JSX fragment <>...</>? (222:4)

[0m [90m 220 |[31m         ))}
 [90m 221 |[31m       [33m<[31m[33m/[31m[33mdiv[31m[33m>[31m
[31m[1m>[22m[31m[90m 222 |[31m     [33m<[31m[33m/[31m[33mdiv[31m[33m>[31m
 [90m     |[31m     [31m[1m^[22m[31m
 [90m 223 |[31m   )[33m;[31m
 [90m 224 |[31m }[33m;[31m
 [90m 225 |[31m[0m[39m
  Plugin: [35mvite:react-babel[39m
  File: [36mD:/Projetos/Mano calos projetos/VILA/Vila 2/src/components/admin/MiniCharts.tsx[39m:222:4
[33m  220|          ))}
  221|        </div>
  222|      </div>
     |      ^
  223|    );
  224|  };[39m
      at constructor (D:\Projetos\Mano calos projetos\VILA\Vila 2\node_modules\@babel\parser\lib\index.js:369:19)
      at TypeScriptParserMixin.raise (D:\Projetos\Mano calos projetos\VILA\Vila 2\node_modules\@babel\parser\lib\index.js:6622:19)
      at TypeScriptParserMixin.jsxParseElementAt (D:\Projetos\Mano calos projetos\VILA\Vila 2\node_modules\@babel\parser\lib\index.js:4760:18)
      at TypeScriptParserMixin.jsxParseElement (D:\Projetos\Mano calos projetos\VILA\Vila 2\node_modules\@babel\parser\lib\index.js:4767:17)
      at TypeScriptParserMixin.parseExprAtom (D:\Projetos\Mano calos projetos\VILA\Vila 2\node_modules\@babel\parser\lib\index.js:4777:19)
      at TypeScriptParserMixin.parseExprSubscripts (D:\Projetos\Mano calos projetos\VILA\Vila 2\node_modules\@babel\parser\lib\index.js:11107:23)
      at TypeScriptParserMixin.parseUpdate (D:\Projetos\Mano calos projetos\VILA\Vila 2\node_modules\@babel\parser\lib\index.js:11092:21)
      at TypeScriptParserMixin.parseMaybeUnary (D:\Projetos\Mano calos projetos\VILA\Vila 2\node_modules\@babel\parser\lib\index.js:11072:23)
      at TypeScriptParserMixin.parseMaybeUnary (D:\Projetos\Mano calos projetos\VILA\Vila 2\node_modules\@babel\parser\lib\index.js:9860:18)
      at TypeScriptParserMixin.parseMaybeUnaryOrPrivate (D:\Projetos\Mano calos projetos\VILA\Vila 2\node_modules\@babel\parser\lib\index.js:10925:61)
      at TypeScriptParserMixin.parseExprOps (D:\Projetos\Mano calos projetos\VILA\Vila 2\node_modules\@babel\parser\lib\index.js:10930:23)
      at TypeScriptParserMixin.parseMaybeConditional (D:\Projetos\Mano calos projetos\VILA\Vila 2\node_modules\@babel\parser\lib\index.js:10907:23)
      at TypeScriptParserMixin.parseMaybeAssign (D:\Projetos\Mano calos projetos\VILA\Vila 2\node_modules\@babel\parser\lib\index.js:10857:21)
      at D:\Projetos\Mano calos projetos\VILA\Vila 2\node_modules\@babel\parser\lib\index.js:9798:39
      at TypeScriptParserMixin.tryParse (D:\Projetos\Mano calos projetos\VILA\Vila 2\node_modules\@babel\parser\lib\index.js:6930:20)
      at TypeScriptParserMixin.parseMaybeAssign (D:\Projetos\Mano calos projetos\VILA\Vila 2\node_modules\@babel\parser\lib\index.js:9798:18)
      at D:\Projetos\Mano calos projetos\VILA\Vila 2\node_modules\@babel\parser\lib\index.js:10826:39
      at TypeScriptParserMixin.allowInAnd (D:\Projetos\Mano calos projetos\VILA\Vila 2\node_modules\@babel\parser\lib\index.js:12460:12)
      at TypeScriptParserMixin.parseMaybeAssignAllowIn (D:\Projetos\Mano calos projetos\VILA\Vila 2\node_modules\@babel\parser\lib\index.js:10826:17)
      at TypeScriptParserMixin.parseMaybeAssignAllowInOrVoidPattern (D:\Projetos\Mano calos projetos\VILA\Vila 2\node_modules\@babel\parser\lib\index.js:12527:17)
      at TypeScriptParserMixin.parseParenAndDistinguishExpression (D:\Projetos\Mano calos projetos\VILA\Vila 2\node_modules\@babel\parser\lib\index.js:11706:28)
      at TypeScriptParserMixin.parseExprAtom (D:\Projetos\Mano calos projetos\VILA\Vila 2\node_modules\@babel\parser\lib\index.js:11362:23)
      at TypeScriptParserMixin.parseExprAtom (D:\Projetos\Mano calos projetos\VILA\Vila 2\node_modules\@babel\parser\lib\index.js:4782:20)
      at TypeScriptParserMixin.parseExprSubscripts (D:\Projetos\Mano calos projetos\VILA\Vila 2\node_modules\@babel\parser\lib\index.js:11107:23)
      at TypeScriptParserMixin.parseUpdate (D:\Projetos\Mano calos projetos\VILA\Vila 2\node_modules\@babel\parser\lib\index.js:11092:21)
      at TypeScriptParserMixin.parseMaybeUnary (D:\Projetos\Mano calos projetos\VILA\Vila 2\node_modules\@babel\parser\lib\index.js:11072:23)
      at TypeScriptParserMixin.parseMaybeUnary (D:\Projetos\Mano calos projetos\VILA\Vila 2\node_modules\@babel\parser\lib\index.js:9860:18)
      at TypeScriptParserMixin.parseMaybeUnaryOrPrivate (D:\Projetos\Mano calos projetos\VILA\Vila 2\node_modules\@babel\parser\lib\index.js:10925:61)
      at TypeScriptParserMixin.parseExprOpBaseRightExpr (D:\Projetos\Mano calos projetos\VILA\Vila 2\node_modules\@babel\parser\lib\index.js:11012:34)
      at TypeScriptParserMixin.parseExprOpRightExpr (D:\Projetos\Mano calos projetos\VILA\Vila 2\node_modules\@babel\parser\lib\index.js:11007:21)
      at TypeScriptParserMixin.parseExprOp (D:\Projetos\Mano calos projetos\VILA\Vila 2\node_modules\@babel\parser\lib\index.js:10973:27)
      at TypeScriptParserMixin.parseExprOp (D:\Projetos\Mano calos projetos\VILA\Vila 2\node_modules\@babel\parser\lib\index.js:9329:18)
      at TypeScriptParserMixin.parseExprOps (D:\Projetos\Mano calos projetos\VILA\Vila 2\node_modules\@babel\parser\lib\index.js:10934:17)
      at TypeScriptParserMixin.parseMaybeConditional (D:\Projetos\Mano calos projetos\VILA\Vila 2\node_modules\@babel\parser\lib\index.js:10907:23)
      at TypeScriptParserMixin.parseMaybeAssign (D:\Projetos\Mano calos projetos\VILA\Vila 2\node_modules\@babel\parser\lib\index.js:10857:21)
      at TypeScriptParserMixin.parseMaybeAssign (D:\Projetos\Mano calos projetos\VILA\Vila 2\node_modules\@babel\parser\lib\index.js:9809:20)
      at TypeScriptParserMixin.parseExpressionBase (D:\Projetos\Mano calos projetos\VILA\Vila 2\node_modules\@babel\parser\lib\index.js:10810:23)
      at D:\Projetos\Mano calos projetos\VILA\Vila 2\node_modules\@babel\parser\lib\index.js:10806:39
      at TypeScriptParserMixin.allowInAnd (D:\Projetos\Mano calos projetos\VILA\Vila 2\node_modules\@babel\parser\lib\index.js:12460:12)
      at TypeScriptParserMixin.parseExpression (D:\Projetos\Mano calos projetos\VILA\Vila 2\node_modules\@babel\parser\lib\index.js:10806:17)
      at TypeScriptParserMixin.jsxParseExpressionContainer (D:\Projetos\Mano calos projetos\VILA\Vila 2\node_modules\@babel\parser\lib\index.js:4650:31)
      at TypeScriptParserMixin.jsxParseElementAt (D:\Projetos\Mano calos projetos\VILA\Vila 2\node_modules\@babel\parser\lib\index.js:4729:36)
      at TypeScriptParserMixin.jsxParseElement (D:\Projetos\Mano calos projetos\VILA\Vila 2\node_modules\@babel\parser\lib\index.js:4767:17)
      at TypeScriptParserMixin.parseExprAtom (D:\Projetos\Mano calos projetos\VILA\Vila 2\node_modules\@babel\parser\lib\index.js:4777:19)
      at TypeScriptParserMixin.parseExprSubscripts (D:\Projetos\Mano calos projetos\VILA\Vila 2\node_modules\@babel\parser\lib\index.js:11107:23)
      at TypeScriptParserMixin.parseUpdate (D:\Projetos\Mano calos projetos\VILA\Vila 2\node_modules\@babel\parser\lib\index.js:11092:21)
      at TypeScriptParserMixin.parseMaybeUnary (D:\Projetos\Mano calos projetos\VILA\Vila 2\node_modules\@babel\parser\lib\index.js:11072:23)
      at TypeScriptParserMixin.parseMaybeUnary (D:\Projetos\Mano calos projetos\VILA\Vila 2\node_modules\@babel\parser\lib\index.js:9860:18)
      at TypeScriptParserMixin.parseMaybeUnaryOrPrivate (D:\Projetos\Mano calos projetos\VILA\Vila 2\node_modules\@babel\parser\lib\index.js:10925:61)
      at TypeScriptParserMixin.parseExprOps (D:\Projetos\Mano calos projetos\VILA\Vila 2\node_modules\@babel\parser\lib\index.js:10930:23)
[2m13:35:56[22m [31m[1m[vite][22m[39m [31mInternal server error: D:\Projetos\Mano calos projetos\VILA\Vila 2\src\components\admin\MiniCharts.tsx: Adjacent JSX elements must be wrapped in an enclosing tag. Did you want a JSX fragment <>...</>? (222:4)

[0m [90m 220 |[31m         ))}
 [90m 221 |[31m       [33m<[31m[33m/[31m[33mdiv[31m[33m>[31m
[31m[1m>[22m[31m[90m 222 |[31m     [33m<[31m[33m/[31m[33mdiv[31m[33m>[31m
 [90m     |[31m     [31m[1m^[22m[31m
 [90m 223 |[31m   )[33m;[31m
 [90m 224 |[31m }[33m;[31m
 [90m 225 |[31m[0m[39m
  Plugin: [35mvite:react-babel[39m
  File: [36mD:/Projetos/Mano calos projetos/VILA/Vila 2/src/components/admin/MiniCharts.tsx[39m:222:4
[33m  220|          ))}
  221|        </div>
  222|      </div>
     |      ^
  223|    );
  224|  };[39m
      at constructor (D:\Projetos\Mano calos projetos\VILA\Vila 2\node_modules\@babel\parser\lib\index.js:369:19)
      at TypeScriptParserMixin.raise (D:\Projetos\Mano calos projetos\VILA\Vila 2\node_modules\@babel\parser\lib\index.js:6622:19)
      at TypeScriptParserMixin.jsxParseElementAt (D:\Projetos\Mano calos projetos\VILA\Vila 2\node_modules\@babel\parser\lib\index.js:4760:18)
      at TypeScriptParserMixin.jsxParseElement (D:\Projetos\Mano calos projetos\VILA\Vila 2\node_modules\@babel\parser\lib\index.js:4767:17)
      at TypeScriptParserMixin.parseExprAtom (D:\Projetos\Mano calos projetos\VILA\Vila 2\node_modules\@babel\parser\lib\index.js:4777:19)
      at TypeScriptParserMixin.parseExprSubscripts (D:\Projetos\Mano calos projetos\VILA\Vila 2\node_modules\@babel\parser\lib\index.js:11107:23)
      at TypeScriptParserMixin.parseUpdate (D:\Projetos\Mano calos projetos\VILA\Vila 2\node_modules\@babel\parser\lib\index.js:11092:21)
      at TypeScriptParserMixin.parseMaybeUnary (D:\Projetos\Mano calos projetos\VILA\Vila 2\node_modules\@babel\parser\lib\index.js:11072:23)
      at TypeScriptParserMixin.parseMaybeUnary (D:\Projetos\Mano calos projetos\VILA\Vila 2\node_modules\@babel\parser\lib\index.js:9860:18)
      at TypeScriptParserMixin.parseMaybeUnaryOrPrivate (D:\Projetos\Mano calos projetos\VILA\Vila 2\node_modules\@babel\parser\lib\index.js:10925:61)
      at TypeScriptParserMixin.parseExprOps (D:\Projetos\Mano calos projetos\VILA\Vila 2\node_modules\@babel\parser\lib\index.js:10930:23)
      at TypeScriptParserMixin.parseMaybeConditional (D:\Projetos\Mano calos projetos\VILA\Vila 2\node_modules\@babel\parser\lib\index.js:10907:23)
      at TypeScriptParserMixin.parseMaybeAssign (D:\Projetos\Mano calos projetos\VILA\Vila 2\node_modules\@babel\parser\lib\index.js:10857:21)
      at D:\Projetos\Mano calos projetos\VILA\Vila 2\node_modules\@babel\parser\lib\index.js:9798:39
      at TypeScriptParserMixin.tryParse (D:\Projetos\Mano calos projetos\VILA\Vila 2\node_modules\@babel\parser\lib\index.js:6930:20)
      at TypeScriptParserMixin.parseMaybeAssign (D:\Projetos\Mano calos projetos\VILA\Vila 2\node_modules\@babel\parser\lib\index.js:9798:18)
      at D:\Projetos\Mano calos projetos\VILA\Vila 2\node_modules\@babel\parser\lib\index.js:10826:39
      at TypeScriptParserMixin.allowInAnd (D:\Projetos\Mano calos projetos\VILA\Vila 2\node_modules\@babel\parser\lib\index.js:12460:12)
      at TypeScriptParserMixin.parseMaybeAssignAllowIn (D:\Projetos\Mano calos projetos\VILA\Vila 2\node_modules\@babel\parser\lib\index.js:10826:17)
      at TypeScriptParserMixin.parseMaybeAssignAllowInOrVoidPattern (D:\Projetos\Mano calos projetos\VILA\Vila 2\node_modules\@babel\parser\lib\index.js:12527:17)
      at TypeScriptParserMixin.parseParenAndDistinguishExpression (D:\Projetos\Mano calos projetos\VILA\Vila 2\node_modules\@babel\parser\lib\index.js:11706:28)
      at TypeScriptParserMixin.parseExprAtom (D:\Projetos\Mano calos projetos\VILA\Vila 2\node_modules\@babel\parser\lib\index.js:11362:23)
      at TypeScriptParserMixin.parseExprAtom (D:\Projetos\Mano calos projetos\VILA\Vila 2\node_modules\@babel\parser\lib\index.js:4782:20)
      at TypeScriptParserMixin.parseExprSubscripts (D:\Projetos\Mano calos projetos\VILA\Vila 2\node_modules\@babel\parser\lib\index.js:11107:23)
      at TypeScriptParserMixin.parseUpdate (D:\Projetos\Mano calos projetos\VILA\Vila 2\node_modules\@babel\parser\lib\index.js:11092:21)
      at TypeScriptParserMixin.parseMaybeUnary (D:\Projetos\Mano calos projetos\VILA\Vila 2\node_modules\@babel\parser\lib\index.js:11072:23)
      at TypeScriptParserMixin.parseMaybeUnary (D:\Projetos\Mano calos projetos\VILA\Vila 2\node_modules\@babel\parser\lib\index.js:9860:18)
      at TypeScriptParserMixin.parseMaybeUnaryOrPrivate (D:\Projetos\Mano calos projetos\VILA\Vila 2\node_modules\@babel\parser\lib\index.js:10925:61)
      at TypeScriptParserMixin.parseExprOpBaseRightExpr (D:\Projetos\Mano calos projetos\VILA\Vila 2\node_modules\@babel\parser\lib\index.js:11012:34)
      at TypeScriptParserMixin.parseExprOpRightExpr (D:\Projetos\Mano calos projetos\VILA\Vila 2\node_modules\@babel\parser\lib\index.js:11007:21)
      at TypeScriptParserMixin.parseExprOp (D:\Projetos\Mano calos projetos\VILA\Vila 2\node_modules\@babel\parser\lib\index.js:10973:27)
      at TypeScriptParserMixin.parseExprOp (D:\Projetos\Mano calos projetos\VILA\Vila 2\node_modules\@babel\parser\lib\index.js:9329:18)
      at TypeScriptParserMixin.parseExprOps (D:\Projetos\Mano calos projetos\VILA\Vila 2\node_modules\@babel\parser\lib\index.js:10934:17)
      at TypeScriptParserMixin.parseMaybeConditional (D:\Projetos\Mano calos projetos\VILA\Vila 2\node_modules\@babel\parser\lib\index.js:10907:23)
      at TypeScriptParserMixin.parseMaybeAssign (D:\Projetos\Mano calos projetos\VILA\Vila 2\node_modules\@babel\parser\lib\index.js:10857:21)
      at TypeScriptParserMixin.parseMaybeAssign (D:\Projetos\Mano calos projetos\VILA\Vila 2\node_modules\@babel\parser\lib\index.js:9809:20)
      at TypeScriptParserMixin.parseExpressionBase (D:\Projetos\Mano calos projetos\VILA\Vila 2\node_modules\@babel\parser\lib\index.js:10810:23)
      at D:\Projetos\Mano calos projetos\VILA\Vila 2\node_modules\@babel\parser\lib\index.js:10806:39
      at TypeScriptParserMixin.allowInAnd (D:\Projetos\Mano calos projetos\VILA\Vila 2\node_modules\@babel\parser\lib\index.js:12460:12)
      at TypeScriptParserMixin.parseExpression (D:\Projetos\Mano calos projetos\VILA\Vila 2\node_modules\@babel\parser\lib\index.js:10806:17)
      at TypeScriptParserMixin.jsxParseExpressionContainer (D:\Projetos\Mano calos projetos\VILA\Vila 2\node_modules\@babel\parser\lib\index.js:4650:31)
      at TypeScriptParserMixin.jsxParseElementAt (D:\Projetos\Mano calos projetos\VILA\Vila 2\node_modules\@babel\parser\lib\index.js:4729:36)
      at TypeScriptParserMixin.jsxParseElement (D:\Projetos\Mano calos projetos\VILA\Vila 2\node_modules\@babel\parser\lib\index.js:4767:17)
      at TypeScriptParserMixin.parseExprAtom (D:\Projetos\Mano calos projetos\VILA\Vila 2\node_modules\@babel\parser\lib\index.js:4777:19)
      at TypeScriptParserMixin.parseExprSubscripts (D:\Projetos\Mano calos projetos\VILA\Vila 2\node_modules\@babel\parser\lib\index.js:11107:23)
      at TypeScriptParserMixin.parseUpdate (D:\Projetos\Mano calos projetos\VILA\Vila 2\node_modules\@babel\parser\lib\index.js:11092:21)
      at TypeScriptParserMixin.parseMaybeUnary (D:\Projetos\Mano calos projetos\VILA\Vila 2\node_modules\@babel\parser\lib\index.js:11072:23)
      at TypeScriptParserMixin.parseMaybeUnary (D:\Projetos\Mano calos projetos\VILA\Vila 2\node_modules\@babel\parser\lib\index.js:9860:18)
      at TypeScriptParserMixin.parseMaybeUnaryOrPrivate (D:\Projetos\Mano calos projetos\VILA\Vila 2\node_modules\@babel\parser\lib\index.js:10925:61)
      at TypeScriptParserMixin.parseExprOps (D:\Projetos\Mano calos projetos\VILA\Vila 2\node_modules\@babel\parser\lib\index.js:10930:23)
[2m18:17:38[22m [31m[1m[vite][22m[39m [31mInternal server error: D:\Projetos\Mano calos projetos\VILA\Vila 2\src\components\admin\UtilizadoresComunidadesView.tsx: Unterminated JSX contents. (1740:10)

[0m [90m 1738 |[31m         [33m<[31m[33m/[31m[33mdiv[31m[33m>[31m
 [90m 1739 |[31m       )}
[31m[1m>[22m[31m[90m 1740 |[31m     [33m<[31m[33m/[31m[33mdiv[31m[33m>[31m
 [90m      |[31m           [31m[1m^[22m[31m
 [90m 1741 |[31m   )[33m;[31m
 [90m 1742 |[31m }[33m;[31m
 [90m 1743 |[31m[0m[39m
  Plugin: [35mvite:react-babel[39m
  File: [36mD:/Projetos/Mano calos projetos/VILA/Vila 2/src/components/admin/UtilizadoresComunidadesView.tsx[39m:1740:10
[33m  1738|          </div>
  1739|        )}
  1740|      </div>
     |            ^
  1741|    );
  1742|  };[39m
      at constructor (D:\Projetos\Mano calos projetos\VILA\Vila 2\node_modules\@babel\parser\lib\index.js:369:19)
      at TypeScriptParserMixin.raise (D:\Projetos\Mano calos projetos\VILA\Vila 2\node_modules\@babel\parser\lib\index.js:6622:19)
      at TypeScriptParserMixin.jsxReadToken (D:\Projetos\Mano calos projetos\VILA\Vila 2\node_modules\@babel\parser\lib\index.js:4466:20)
      at TypeScriptParserMixin.getTokenFromCode (D:\Projetos\Mano calos projetos\VILA\Vila 2\node_modules\@babel\parser\lib\index.js:4792:12)
      at TypeScriptParserMixin.getTokenFromCode (D:\Projetos\Mano calos projetos\VILA\Vila 2\node_modules\@babel\parser\lib\index.js:10010:11)
      at TypeScriptParserMixin.nextToken (D:\Projetos\Mano calos projetos\VILA\Vila 2\node_modules\@babel\parser\lib\index.js:5805:10)
      at TypeScriptParserMixin.next (D:\Projetos\Mano calos projetos\VILA\Vila 2\node_modules\@babel\parser\lib\index.js:5715:10)
      at TypeScriptParserMixin.eat (D:\Projetos\Mano calos projetos\VILA\Vila 2\node_modules\@babel\parser\lib\index.js:5719:12)
      at TypeScriptParserMixin.expect (D:\Projetos\Mano calos projetos\VILA\Vila 2\node_modules\@babel\parser\lib\index.js:6921:15)
      at TypeScriptParserMixin.jsxParseClosingElementAt (D:\Projetos\Mano calos projetos\VILA\Vila 2\node_modules\@babel\parser\lib\index.js:4698:10)
      at TypeScriptParserMixin.jsxParseElementAt (D:\Projetos\Mano calos projetos\VILA\Vila 2\node_modules\@babel\parser\lib\index.js:4713:37)
      at TypeScriptParserMixin.jsxParseElementAt (D:\Projetos\Mano calos projetos\VILA\Vila 2\node_modules\@babel\parser\lib\index.js:4716:32)
      at TypeScriptParserMixin.jsxParseElement (D:\Projetos\Mano calos projetos\VILA\Vila 2\node_modules\@babel\parser\lib\index.js:4767:17)
      at TypeScriptParserMixin.parseExprAtom (D:\Projetos\Mano calos projetos\VILA\Vila 2\node_modules\@babel\parser\lib\index.js:4777:19)
      at TypeScriptParserMixin.parseExprSubscripts (D:\Projetos\Mano calos projetos\VILA\Vila 2\node_modules\@babel\parser\lib\index.js:11107:23)
      at TypeScriptParserMixin.parseUpdate (D:\Projetos\Mano calos projetos\VILA\Vila 2\node_modules\@babel\parser\lib\index.js:11092:21)
      at TypeScriptParserMixin.parseMaybeUnary (D:\Projetos\Mano calos projetos\VILA\Vila 2\node_modules\@babel\parser\lib\index.js:11072:23)
      at TypeScriptParserMixin.parseMaybeUnary (D:\Projetos\Mano calos projetos\VILA\Vila 2\node_modules\@babel\parser\lib\index.js:9860:18)
      at TypeScriptParserMixin.parseMaybeUnaryOrPrivate (D:\Projetos\Mano calos projetos\VILA\Vila 2\node_modules\@babel\parser\lib\index.js:10925:61)
      at TypeScriptParserMixin.parseExprOps (D:\Projetos\Mano calos projetos\VILA\Vila 2\node_modules\@babel\parser\lib\index.js:10930:23)
      at TypeScriptParserMixin.parseMaybeConditional (D:\Projetos\Mano calos projetos\VILA\Vila 2\node_modules\@babel\parser\lib\index.js:10907:23)
      at TypeScriptParserMixin.parseMaybeAssign (D:\Projetos\Mano calos projetos\VILA\Vila 2\node_modules\@babel\parser\lib\index.js:10857:21)
      at D:\Projetos\Mano calos projetos\VILA\Vila 2\node_modules\@babel\parser\lib\index.js:9798:39
      at TypeScriptParserMixin.tryParse (D:\Projetos\Mano calos projetos\VILA\Vila 2\node_modules\@babel\parser\lib\index.js:6930:20)
      at TypeScriptParserMixin.parseMaybeAssign (D:\Projetos\Mano calos projetos\VILA\Vila 2\node_modules\@babel\parser\lib\index.js:9798:18)
      at D:\Projetos\Mano calos projetos\VILA\Vila 2\node_modules\@babel\parser\lib\index.js:10826:39
      at TypeScriptParserMixin.allowInAnd (D:\Projetos\Mano calos projetos\VILA\Vila 2\node_modules\@babel\parser\lib\index.js:12460:12)
      at TypeScriptParserMixin.parseMaybeAssignAllowIn (D:\Projetos\Mano calos projetos\VILA\Vila 2\node_modules\@babel\parser\lib\index.js:10826:17)
      at TypeScriptParserMixin.parseMaybeAssignAllowInOrVoidPattern (D:\Projetos\Mano calos projetos\VILA\Vila 2\node_modules\@babel\parser\lib\index.js:12527:17)
      at TypeScriptParserMixin.parseParenAndDistinguishExpression (D:\Projetos\Mano calos projetos\VILA\Vila 2\node_modules\@babel\parser\lib\index.js:11706:28)
      at TypeScriptParserMixin.parseExprAtom (D:\Projetos\Mano calos projetos\VILA\Vila 2\node_modules\@babel\parser\lib\index.js:11362:23)
      at TypeScriptParserMixin.parseExprAtom (D:\Projetos\Mano calos projetos\VILA\Vila 2\node_modules\@babel\parser\lib\index.js:4782:20)
      at TypeScriptParserMixin.parseExprSubscripts (D:\Projetos\Mano calos projetos\VILA\Vila 2\node_modules\@babel\parser\lib\index.js:11107:23)
      at TypeScriptParserMixin.parseUpdate (D:\Projetos\Mano calos projetos\VILA\Vila 2\node_modules\@babel\parser\lib\index.js:11092:21)
      at TypeScriptParserMixin.parseMaybeUnary (D:\Projetos\Mano calos projetos\VILA\Vila 2\node_modules\@babel\parser\lib\index.js:11072:23)
      at TypeScriptParserMixin.parseMaybeUnary (D:\Projetos\Mano calos projetos\VILA\Vila 2\node_modules\@babel\parser\lib\index.js:9860:18)
      at TypeScriptParserMixin.parseMaybeUnaryOrPrivate (D:\Projetos\Mano calos projetos\VILA\Vila 2\node_modules\@babel\parser\lib\index.js:10925:61)
      at TypeScriptParserMixin.parseExprOps (D:\Projetos\Mano calos projetos\VILA\Vila 2\node_modules\@babel\parser\lib\index.js:10930:23)
      at TypeScriptParserMixin.parseMaybeConditional (D:\Projetos\Mano calos projetos\VILA\Vila 2\node_modules\@babel\parser\lib\index.js:10907:23)
      at TypeScriptParserMixin.parseMaybeAssign (D:\Projetos\Mano calos projetos\VILA\Vila 2\node_modules\@babel\parser\lib\index.js:10857:21)
      at TypeScriptParserMixin.parseMaybeAssign (D:\Projetos\Mano calos projetos\VILA\Vila 2\node_modules\@babel\parser\lib\index.js:9809:20)
      at TypeScriptParserMixin.parseExpressionBase (D:\Projetos\Mano calos projetos\VILA\Vila 2\node_modules\@babel\parser\lib\index.js:10810:23)
      at D:\Projetos\Mano calos projetos\VILA\Vila 2\node_modules\@babel\parser\lib\index.js:10806:39
      at TypeScriptParserMixin.allowInAnd (D:\Projetos\Mano calos projetos\VILA\Vila 2\node_modules\@babel\parser\lib\index.js:12455:16)
      at TypeScriptParserMixin.parseExpression (D:\Projetos\Mano calos projetos\VILA\Vila 2\node_modules\@babel\parser\lib\index.js:10806:17)
      at TypeScriptParserMixin.parseReturnStatement (D:\Projetos\Mano calos projetos\VILA\Vila 2\node_modules\@babel\parser\lib\index.js:13176:28)
      at TypeScriptParserMixin.parseStatementContent (D:\Projetos\Mano calos projetos\VILA\Vila 2\node_modules\@babel\parser\lib\index.js:12832:21)
      at TypeScriptParserMixin.parseStatementContent (D:\Projetos\Mano calos projetos\VILA\Vila 2\node_modules\@babel\parser\lib\index.js:9531:18)
      at TypeScriptParserMixin.parseStatementLike (D:\Projetos\Mano calos projetos\VILA\Vila 2\node_modules\@babel\parser\lib\index.js:12801:17)
      at TypeScriptParserMixin.parseStatementListItem (D:\Projetos\Mano calos projetos\VILA\Vila 2\node_modules\@babel\parser\lib\index.js:12781:17)
[2m18:17:38[22m [31m[1m[vite][22m[39m [31mInternal server error: D:\Projetos\Mano calos projetos\VILA\Vila 2\src\components\admin\UtilizadoresComunidadesView.tsx: Unterminated JSX contents. (1740:10)

[0m [90m 1738 |[31m         [33m<[31m[33m/[31m[33mdiv[31m[33m>[31m
 [90m 1739 |[31m       )}
[31m[1m>[22m[31m[90m 1740 |[31m     [33m<[31m[33m/[31m[33mdiv[31m[33m>[31m
 [90m      |[31m           [31m[1m^[22m[31m
 [90m 1741 |[31m   )[33m;[31m
 [90m 1742 |[31m }[33m;[31m
 [90m 1743 |[31m[0m[39m
  Plugin: [35mvite:react-babel[39m
  File: [36mD:/Projetos/Mano calos projetos/VILA/Vila 2/src/components/admin/UtilizadoresComunidadesView.tsx[39m:1740:10
[33m  1738|          </div>
  1739|        )}
  1740|      </div>
     |            ^
  1741|    );
  1742|  };[39m
      at constructor (D:\Projetos\Mano calos projetos\VILA\Vila 2\node_modules\@babel\parser\lib\index.js:369:19)
      at TypeScriptParserMixin.raise (D:\Projetos\Mano calos projetos\VILA\Vila 2\node_modules\@babel\parser\lib\index.js:6622:19)
      at TypeScriptParserMixin.jsxReadToken (D:\Projetos\Mano calos projetos\VILA\Vila 2\node_modules\@babel\parser\lib\index.js:4466:20)
      at TypeScriptParserMixin.getTokenFromCode (D:\Projetos\Mano calos projetos\VILA\Vila 2\node_modules\@babel\parser\lib\index.js:4792:12)
      at TypeScriptParserMixin.getTokenFromCode (D:\Projetos\Mano calos projetos\VILA\Vila 2\node_modules\@babel\parser\lib\index.js:10010:11)
      at TypeScriptParserMixin.nextToken (D:\Projetos\Mano calos projetos\VILA\Vila 2\node_modules\@babel\parser\lib\index.js:5805:10)
      at TypeScriptParserMixin.next (D:\Projetos\Mano calos projetos\VILA\Vila 2\node_modules\@babel\parser\lib\index.js:5715:10)
      at TypeScriptParserMixin.eat (D:\Projetos\Mano calos projetos\VILA\Vila 2\node_modules\@babel\parser\lib\index.js:5719:12)
      at TypeScriptParserMixin.expect (D:\Projetos\Mano calos projetos\VILA\Vila 2\node_modules\@babel\parser\lib\index.js:6921:15)
      at TypeScriptParserMixin.jsxParseClosingElementAt (D:\Projetos\Mano calos projetos\VILA\Vila 2\node_modules\@babel\parser\lib\index.js:4698:10)
      at TypeScriptParserMixin.jsxParseElementAt (D:\Projetos\Mano calos projetos\VILA\Vila 2\node_modules\@babel\parser\lib\index.js:4713:37)
      at TypeScriptParserMixin.jsxParseElementAt (D:\Projetos\Mano calos projetos\VILA\Vila 2\node_modules\@babel\parser\lib\index.js:4716:32)
      at TypeScriptParserMixin.jsxParseElement (D:\Projetos\Mano calos projetos\VILA\Vila 2\node_modules\@babel\parser\lib\index.js:4767:17)
      at TypeScriptParserMixin.parseExprAtom (D:\Projetos\Mano calos projetos\VILA\Vila 2\node_modules\@babel\parser\lib\index.js:4777:19)
      at TypeScriptParserMixin.parseExprSubscripts (D:\Projetos\Mano calos projetos\VILA\Vila 2\node_modules\@babel\parser\lib\index.js:11107:23)
      at TypeScriptParserMixin.parseUpdate (D:\Projetos\Mano calos projetos\VILA\Vila 2\node_modules\@babel\parser\lib\index.js:11092:21)
      at TypeScriptParserMixin.parseMaybeUnary (D:\Projetos\Mano calos projetos\VILA\Vila 2\node_modules\@babel\parser\lib\index.js:11072:23)
      at TypeScriptParserMixin.parseMaybeUnary (D:\Projetos\Mano calos projetos\VILA\Vila 2\node_modules\@babel\parser\lib\index.js:9860:18)
      at TypeScriptParserMixin.parseMaybeUnaryOrPrivate (D:\Projetos\Mano calos projetos\VILA\Vila 2\node_modules\@babel\parser\lib\index.js:10925:61)
      at TypeScriptParserMixin.parseExprOps (D:\Projetos\Mano calos projetos\VILA\Vila 2\node_modules\@babel\parser\lib\index.js:10930:23)
      at TypeScriptParserMixin.parseMaybeConditional (D:\Projetos\Mano calos projetos\VILA\Vila 2\node_modules\@babel\parser\lib\index.js:10907:23)
      at TypeScriptParserMixin.parseMaybeAssign (D:\Projetos\Mano calos projetos\VILA\Vila 2\node_modules\@babel\parser\lib\index.js:10857:21)
      at D:\Projetos\Mano calos projetos\VILA\Vila 2\node_modules\@babel\parser\lib\index.js:9798:39
      at TypeScriptParserMixin.tryParse (D:\Projetos\Mano calos projetos\VILA\Vila 2\node_modules\@babel\parser\lib\index.js:6930:20)
      at TypeScriptParserMixin.parseMaybeAssign (D:\Projetos\Mano calos projetos\VILA\Vila 2\node_modules\@babel\parser\lib\index.js:9798:18)
      at D:\Projetos\Mano calos projetos\VILA\Vila 2\node_modules\@babel\parser\lib\index.js:10826:39
      at TypeScriptParserMixin.allowInAnd (D:\Projetos\Mano calos projetos\VILA\Vila 2\node_modules\@babel\parser\lib\index.js:12460:12)
      at TypeScriptParserMixin.parseMaybeAssignAllowIn (D:\Projetos\Mano calos projetos\VILA\Vila 2\node_modules\@babel\parser\lib\index.js:10826:17)
      at TypeScriptParserMixin.parseMaybeAssignAllowInOrVoidPattern (D:\Projetos\Mano calos projetos\VILA\Vila 2\node_modules\@babel\parser\lib\index.js:12527:17)
      at TypeScriptParserMixin.parseParenAndDistinguishExpression (D:\Projetos\Mano calos projetos\VILA\Vila 2\node_modules\@babel\parser\lib\index.js:11706:28)
      at TypeScriptParserMixin.parseExprAtom (D:\Projetos\Mano calos projetos\VILA\Vila 2\node_modules\@babel\parser\lib\index.js:11362:23)
      at TypeScriptParserMixin.parseExprAtom (D:\Projetos\Mano calos projetos\VILA\Vila 2\node_modules\@babel\parser\lib\index.js:4782:20)
      at TypeScriptParserMixin.parseExprSubscripts (D:\Projetos\Mano calos projetos\VILA\Vila 2\node_modules\@babel\parser\lib\index.js:11107:23)
      at TypeScriptParserMixin.parseUpdate (D:\Projetos\Mano calos projetos\VILA\Vila 2\node_modules\@babel\parser\lib\index.js:11092:21)
      at TypeScriptParserMixin.parseMaybeUnary (D:\Projetos\Mano calos projetos\VILA\Vila 2\node_modules\@babel\parser\lib\index.js:11072:23)
      at TypeScriptParserMixin.parseMaybeUnary (D:\Projetos\Mano calos projetos\VILA\Vila 2\node_modules\@babel\parser\lib\index.js:9860:18)
      at TypeScriptParserMixin.parseMaybeUnaryOrPrivate (D:\Projetos\Mano calos projetos\VILA\Vila 2\node_modules\@babel\parser\lib\index.js:10925:61)
      at TypeScriptParserMixin.parseExprOps (D:\Projetos\Mano calos projetos\VILA\Vila 2\node_modules\@babel\parser\lib\index.js:10930:23)
      at TypeScriptParserMixin.parseMaybeConditional (D:\Projetos\Mano calos projetos\VILA\Vila 2\node_modules\@babel\parser\lib\index.js:10907:23)
      at TypeScriptParserMixin.parseMaybeAssign (D:\Projetos\Mano calos projetos\VILA\Vila 2\node_modules\@babel\parser\lib\index.js:10857:21)
      at TypeScriptParserMixin.parseMaybeAssign (D:\Projetos\Mano calos projetos\VILA\Vila 2\node_modules\@babel\parser\lib\index.js:9809:20)
      at TypeScriptParserMixin.parseExpressionBase (D:\Projetos\Mano calos projetos\VILA\Vila 2\node_modules\@babel\parser\lib\index.js:10810:23)
      at D:\Projetos\Mano calos projetos\VILA\Vila 2\node_modules\@babel\parser\lib\index.js:10806:39
      at TypeScriptParserMixin.allowInAnd (D:\Projetos\Mano calos projetos\VILA\Vila 2\node_modules\@babel\parser\lib\index.js:12455:16)
      at TypeScriptParserMixin.parseExpression (D:\Projetos\Mano calos projetos\VILA\Vila 2\node_modules\@babel\parser\lib\index.js:10806:17)
      at TypeScriptParserMixin.parseReturnStatement (D:\Projetos\Mano calos projetos\VILA\Vila 2\node_modules\@babel\parser\lib\index.js:13176:28)
      at TypeScriptParserMixin.parseStatementContent (D:\Projetos\Mano calos projetos\VILA\Vila 2\node_modules\@babel\parser\lib\index.js:12832:21)
      at TypeScriptParserMixin.parseStatementContent (D:\Projetos\Mano calos projetos\VILA\Vila 2\node_modules\@babel\parser\lib\index.js:9531:18)
      at TypeScriptParserMixin.parseStatementLike (D:\Projetos\Mano calos projetos\VILA\Vila 2\node_modules\@babel\parser\lib\index.js:12801:17)
      at TypeScriptParserMixin.parseStatementListItem (D:\Projetos\Mano calos projetos\VILA\Vila 2\node_modules\@babel\parser\lib\index.js:12781:17)
[2m18:17:39[22m [31m[1m[vite][22m[39m [31m[2m(client)[22m[39m Pre-transform error: D:\Projetos\Mano calos projetos\VILA\Vila 2\src\components\admin\UtilizadoresComunidadesView.tsx: Unterminated JSX contents. (1740:10)

[0m [90m 1738 |[39m         [33m<[39m[33m/[39m[33mdiv[39m[33m>[39m
 [90m 1739 |[39m       )}
[31m[1m>[22m[39m[90m 1740 |[39m     [33m<[39m[33m/[39m[33mdiv[39m[33m>[39m
 [90m      |[39m           [31m[1m^[22m[39m
 [90m 1741 |[39m   )[33m;[39m
 [90m 1742 |[39m }[33m;[39m
 [90m 1743 |[39m[0m
  Plugin: [35mvite:react-babel[39m
  File: [36mD:/Projetos/Mano calos projetos/VILA/Vila 2/src/components/admin/UtilizadoresComunidadesView.tsx[39m:1740:10
[33m  1738|          </div>
  1739|        )}
  1740|      </div>
     |            ^
  1741|    );
  1742|  };[39m
[2m18:17:40[22m [31m[1m[vite][22m[39m [31mInternal server error: D:\Projetos\Mano calos projetos\VILA\Vila 2\src\components\admin\UtilizadoresComunidadesView.tsx: Unterminated JSX contents. (1740:10)

[0m [90m 1738 |[31m         [33m<[31m[33m/[31m[33mdiv[31m[33m>[31m
 [90m 1739 |[31m       )}
[31m[1m>[22m[31m[90m 1740 |[31m     [33m<[31m[33m/[31m[33mdiv[31m[33m>[31m
 [90m      |[31m           [31m[1m^[22m[31m
 [90m 1741 |[31m   )[33m;[31m
 [90m 1742 |[31m }[33m;[31m
 [90m 1743 |[31m[0m[39m
  Plugin: [35mvite:react-babel[39m
  File: [36mD:/Projetos/Mano calos projetos/VILA/Vila 2/src/components/admin/UtilizadoresComunidadesView.tsx[39m:1740:10
[33m  1738|          </div>
  1739|        )}
  1740|      </div>
     |            ^
  1741|    );
  1742|  };[39m
      at constructor (D:\Projetos\Mano calos projetos\VILA\Vila 2\node_modules\@babel\parser\lib\index.js:369:19)
      at TypeScriptParserMixin.raise (D:\Projetos\Mano calos projetos\VILA\Vila 2\node_modules\@babel\parser\lib\index.js:6622:19)
      at TypeScriptParserMixin.jsxReadToken (D:\Projetos\Mano calos projetos\VILA\Vila 2\node_modules\@babel\parser\lib\index.js:4466:20)
      at TypeScriptParserMixin.getTokenFromCode (D:\Projetos\Mano calos projetos\VILA\Vila 2\node_modules\@babel\parser\lib\index.js:4792:12)
      at TypeScriptParserMixin.getTokenFromCode (D:\Projetos\Mano calos projetos\VILA\Vila 2\node_modules\@babel\parser\lib\index.js:10010:11)
      at TypeScriptParserMixin.nextToken (D:\Projetos\Mano calos projetos\VILA\Vila 2\node_modules\@babel\parser\lib\index.js:5805:10)
      at TypeScriptParserMixin.next (D:\Projetos\Mano calos projetos\VILA\Vila 2\node_modules\@babel\parser\lib\index.js:5715:10)
      at TypeScriptParserMixin.eat (D:\Projetos\Mano calos projetos\VILA\Vila 2\node_modules\@babel\parser\lib\index.js:5719:12)
      at TypeScriptParserMixin.expect (D:\Projetos\Mano calos projetos\VILA\Vila 2\node_modules\@babel\parser\lib\index.js:6921:15)
      at TypeScriptParserMixin.jsxParseClosingElementAt (D:\Projetos\Mano calos projetos\VILA\Vila 2\node_modules\@babel\parser\lib\index.js:4698:10)
      at TypeScriptParserMixin.jsxParseElementAt (D:\Projetos\Mano calos projetos\VILA\Vila 2\node_modules\@babel\parser\lib\index.js:4713:37)
      at TypeScriptParserMixin.jsxParseElementAt (D:\Projetos\Mano calos projetos\VILA\Vila 2\node_modules\@babel\parser\lib\index.js:4716:32)
      at TypeScriptParserMixin.jsxParseElement (D:\Projetos\Mano calos projetos\VILA\Vila 2\node_modules\@babel\parser\lib\index.js:4767:17)
      at TypeScriptParserMixin.parseExprAtom (D:\Projetos\Mano calos projetos\VILA\Vila 2\node_modules\@babel\parser\lib\index.js:4777:19)
      at TypeScriptParserMixin.parseExprSubscripts (D:\Projetos\Mano calos projetos\VILA\Vila 2\node_modules\@babel\parser\lib\index.js:11107:23)
      at TypeScriptParserMixin.parseUpdate (D:\Projetos\Mano calos projetos\VILA\Vila 2\node_modules\@babel\parser\lib\index.js:11092:21)
      at TypeScriptParserMixin.parseMaybeUnary (D:\Projetos\Mano calos projetos\VILA\Vila 2\node_modules\@babel\parser\lib\index.js:11072:23)
      at TypeScriptParserMixin.parseMaybeUnary (D:\Projetos\Mano calos projetos\VILA\Vila 2\node_modules\@babel\parser\lib\index.js:9860:18)
      at TypeScriptParserMixin.parseMaybeUnaryOrPrivate (D:\Projetos\Mano calos projetos\VILA\Vila 2\node_modules\@babel\parser\lib\index.js:10925:61)
      at TypeScriptParserMixin.parseExprOps (D:\Projetos\Mano calos projetos\VILA\Vila 2\node_modules\@babel\parser\lib\index.js:10930:23)
      at TypeScriptParserMixin.parseMaybeConditional (D:\Projetos\Mano calos projetos\VILA\Vila 2\node_modules\@babel\parser\lib\index.js:10907:23)
      at TypeScriptParserMixin.parseMaybeAssign (D:\Projetos\Mano calos projetos\VILA\Vila 2\node_modules\@babel\parser\lib\index.js:10857:21)
      at D:\Projetos\Mano calos projetos\VILA\Vila 2\node_modules\@babel\parser\lib\index.js:9798:39
      at TypeScriptParserMixin.tryParse (D:\Projetos\Mano calos projetos\VILA\Vila 2\node_modules\@babel\parser\lib\index.js:6930:20)
      at TypeScriptParserMixin.parseMaybeAssign (D:\Projetos\Mano calos projetos\VILA\Vila 2\node_modules\@babel\parser\lib\index.js:9798:18)
      at D:\Projetos\Mano calos projetos\VILA\Vila 2\node_modules\@babel\parser\lib\index.js:10826:39
      at TypeScriptParserMixin.allowInAnd (D:\Projetos\Mano calos projetos\VILA\Vila 2\node_modules\@babel\parser\lib\index.js:12460:12)
      at TypeScriptParserMixin.parseMaybeAssignAllowIn (D:\Projetos\Mano calos projetos\VILA\Vila 2\node_modules\@babel\parser\lib\index.js:10826:17)
      at TypeScriptParserMixin.parseMaybeAssignAllowInOrVoidPattern (D:\Projetos\Mano calos projetos\VILA\Vila 2\node_modules\@babel\parser\lib\index.js:12527:17)
      at TypeScriptParserMixin.parseParenAndDistinguishExpression (D:\Projetos\Mano calos projetos\VILA\Vila 2\node_modules\@babel\parser\lib\index.js:11706:28)
      at TypeScriptParserMixin.parseExprAtom (D:\Projetos\Mano calos projetos\VILA\Vila 2\node_modules\@babel\parser\lib\index.js:11362:23)
      at TypeScriptParserMixin.parseExprAtom (D:\Projetos\Mano calos projetos\VILA\Vila 2\node_modules\@babel\parser\lib\index.js:4782:20)
      at TypeScriptParserMixin.parseExprSubscripts (D:\Projetos\Mano calos projetos\VILA\Vila 2\node_modules\@babel\parser\lib\index.js:11107:23)
      at TypeScriptParserMixin.parseUpdate (D:\Projetos\Mano calos projetos\VILA\Vila 2\node_modules\@babel\parser\lib\index.js:11092:21)
      at TypeScriptParserMixin.parseMaybeUnary (D:\Projetos\Mano calos projetos\VILA\Vila 2\node_modules\@babel\parser\lib\index.js:11072:23)
      at TypeScriptParserMixin.parseMaybeUnary (D:\Projetos\Mano calos projetos\VILA\Vila 2\node_modules\@babel\parser\lib\index.js:9860:18)
      at TypeScriptParserMixin.parseMaybeUnaryOrPrivate (D:\Projetos\Mano calos projetos\VILA\Vila 2\node_modules\@babel\parser\lib\index.js:10925:61)
      at TypeScriptParserMixin.parseExprOps (D:\Projetos\Mano calos projetos\VILA\Vila 2\node_modules\@babel\parser\lib\index.js:10930:23)
      at TypeScriptParserMixin.parseMaybeConditional (D:\Projetos\Mano calos projetos\VILA\Vila 2\node_modules\@babel\parser\lib\index.js:10907:23)
      at TypeScriptParserMixin.parseMaybeAssign (D:\Projetos\Mano calos projetos\VILA\Vila 2\node_modules\@babel\parser\lib\index.js:10857:21)
      at TypeScriptParserMixin.parseMaybeAssign (D:\Projetos\Mano calos projetos\VILA\Vila 2\node_modules\@babel\parser\lib\index.js:9809:20)
      at TypeScriptParserMixin.parseExpressionBase (D:\Projetos\Mano calos projetos\VILA\Vila 2\node_modules\@babel\parser\lib\index.js:10810:23)
      at D:\Projetos\Mano calos projetos\VILA\Vila 2\node_modules\@babel\parser\lib\index.js:10806:39
      at TypeScriptParserMixin.allowInAnd (D:\Projetos\Mano calos projetos\VILA\Vila 2\node_modules\@babel\parser\lib\index.js:12455:16)
      at TypeScriptParserMixin.parseExpression (D:\Projetos\Mano calos projetos\VILA\Vila 2\node_modules\@babel\parser\lib\index.js:10806:17)
      at TypeScriptParserMixin.parseReturnStatement (D:\Projetos\Mano calos projetos\VILA\Vila 2\node_modules\@babel\parser\lib\index.js:13176:28)
      at TypeScriptParserMixin.parseStatementContent (D:\Projetos\Mano calos projetos\VILA\Vila 2\node_modules\@babel\parser\lib\index.js:12832:21)
      at TypeScriptParserMixin.parseStatementContent (D:\Projetos\Mano calos projetos\VILA\Vila 2\node_modules\@babel\parser\lib\index.js:9531:18)
      at TypeScriptParserMixin.parseStatementLike (D:\Projetos\Mano calos projetos\VILA\Vila 2\node_modules\@babel\parser\lib\index.js:12801:17)
      at TypeScriptParserMixin.parseStatementListItem (D:\Projetos\Mano calos projetos\VILA\Vila 2\node_modules\@babel\parser\lib\index.js:12781:17)
[2m18:17:41[22m [31m[1m[vite][22m[39m [31mInternal server error: D:\Projetos\Mano calos projetos\VILA\Vila 2\src\components\admin\UtilizadoresComunidadesView.tsx: Unterminated JSX contents. (1740:10)

[0m [90m 1738 |[31m         [33m<[31m[33m/[31m[33mdiv[31m[33m>[31m
 [90m 1739 |[31m       )}
[31m[1m>[22m[31m[90m 1740 |[31m     [33m<[31m[33m/[31m[33mdiv[31m[33m>[31m
 [90m      |[31m           [31m[1m^[22m[31m
 [90m 1741 |[31m   )[33m;[31m
 [90m 1742 |[31m }[33m;[31m
 [90m 1743 |[31m[0m[39m
  Plugin: [35mvite:react-babel[39m
  File: [36mD:/Projetos/Mano calos projetos/VILA/Vila 2/src/components/admin/UtilizadoresComunidadesView.tsx[39m:1740:10
[33m  1738|          </div>
  1739|        )}
  1740|      </div>
     |            ^
  1741|    );
  1742|  };[39m
      at constructor (D:\Projetos\Mano calos projetos\VILA\Vila 2\node_modules\@babel\parser\lib\index.js:369:19)
      at TypeScriptParserMixin.raise (D:\Projetos\Mano calos projetos\VILA\Vila 2\node_modules\@babel\parser\lib\index.js:6622:19)
      at TypeScriptParserMixin.jsxReadToken (D:\Projetos\Mano calos projetos\VILA\Vila 2\node_modules\@babel\parser\lib\index.js:4466:20)
      at TypeScriptParserMixin.getTokenFromCode (D:\Projetos\Mano calos projetos\VILA\Vila 2\node_modules\@babel\parser\lib\index.js:4792:12)
      at TypeScriptParserMixin.getTokenFromCode (D:\Projetos\Mano calos projetos\VILA\Vila 2\node_modules\@babel\parser\lib\index.js:10010:11)
      at TypeScriptParserMixin.nextToken (D:\Projetos\Mano calos projetos\VILA\Vila 2\node_modules\@babel\parser\lib\index.js:5805:10)
      at TypeScriptParserMixin.next (D:\Projetos\Mano calos projetos\VILA\Vila 2\node_modules\@babel\parser\lib\index.js:5715:10)
      at TypeScriptParserMixin.eat (D:\Projetos\Mano calos projetos\VILA\Vila 2\node_modules\@babel\parser\lib\index.js:5719:12)
      at TypeScriptParserMixin.expect (D:\Projetos\Mano calos projetos\VILA\Vila 2\node_modules\@babel\parser\lib\index.js:6921:15)
      at TypeScriptParserMixin.jsxParseClosingElementAt (D:\Projetos\Mano calos projetos\VILA\Vila 2\node_modules\@babel\parser\lib\index.js:4698:10)
      at TypeScriptParserMixin.jsxParseElementAt (D:\Projetos\Mano calos projetos\VILA\Vila 2\node_modules\@babel\parser\lib\index.js:4713:37)
      at TypeScriptParserMixin.jsxParseElementAt (D:\Projetos\Mano calos projetos\VILA\Vila 2\node_modules\@babel\parser\lib\index.js:4716:32)
      at TypeScriptParserMixin.jsxParseElement (D:\Projetos\Mano calos projetos\VILA\Vila 2\node_modules\@babel\parser\lib\index.js:4767:17)
      at TypeScriptParserMixin.parseExprAtom (D:\Projetos\Mano calos projetos\VILA\Vila 2\node_modules\@babel\parser\lib\index.js:4777:19)
      at TypeScriptParserMixin.parseExprSubscripts (D:\Projetos\Mano calos projetos\VILA\Vila 2\node_modules\@babel\parser\lib\index.js:11107:23)
      at TypeScriptParserMixin.parseUpdate (D:\Projetos\Mano calos projetos\VILA\Vila 2\node_modules\@babel\parser\lib\index.js:11092:21)
      at TypeScriptParserMixin.parseMaybeUnary (D:\Projetos\Mano calos projetos\VILA\Vila 2\node_modules\@babel\parser\lib\index.js:11072:23)
      at TypeScriptParserMixin.parseMaybeUnary (D:\Projetos\Mano calos projetos\VILA\Vila 2\node_modules\@babel\parser\lib\index.js:9860:18)
      at TypeScriptParserMixin.parseMaybeUnaryOrPrivate (D:\Projetos\Mano calos projetos\VILA\Vila 2\node_modules\@babel\parser\lib\index.js:10925:61)
      at TypeScriptParserMixin.parseExprOps (D:\Projetos\Mano calos projetos\VILA\Vila 2\node_modules\@babel\parser\lib\index.js:10930:23)
      at TypeScriptParserMixin.parseMaybeConditional (D:\Projetos\Mano calos projetos\VILA\Vila 2\node_modules\@babel\parser\lib\index.js:10907:23)
      at TypeScriptParserMixin.parseMaybeAssign (D:\Projetos\Mano calos projetos\VILA\Vila 2\node_modules\@babel\parser\lib\index.js:10857:21)
      at D:\Projetos\Mano calos projetos\VILA\Vila 2\node_modules\@babel\parser\lib\index.js:9798:39
      at TypeScriptParserMixin.tryParse (D:\Projetos\Mano calos projetos\VILA\Vila 2\node_modules\@babel\parser\lib\index.js:6930:20)
      at TypeScriptParserMixin.parseMaybeAssign (D:\Projetos\Mano calos projetos\VILA\Vila 2\node_modules\@babel\parser\lib\index.js:9798:18)
      at D:\Projetos\Mano calos projetos\VILA\Vila 2\node_modules\@babel\parser\lib\index.js:10826:39
      at TypeScriptParserMixin.allowInAnd (D:\Projetos\Mano calos projetos\VILA\Vila 2\node_modules\@babel\parser\lib\index.js:12460:12)
      at TypeScriptParserMixin.parseMaybeAssignAllowIn (D:\Projetos\Mano calos projetos\VILA\Vila 2\node_modules\@babel\parser\lib\index.js:10826:17)
      at TypeScriptParserMixin.parseMaybeAssignAllowInOrVoidPattern (D:\Projetos\Mano calos projetos\VILA\Vila 2\node_modules\@babel\parser\lib\index.js:12527:17)
      at TypeScriptParserMixin.parseParenAndDistinguishExpression (D:\Projetos\Mano calos projetos\VILA\Vila 2\node_modules\@babel\parser\lib\index.js:11706:28)
      at TypeScriptParserMixin.parseExprAtom (D:\Projetos\Mano calos projetos\VILA\Vila 2\node_modules\@babel\parser\lib\index.js:11362:23)
      at TypeScriptParserMixin.parseExprAtom (D:\Projetos\Mano calos projetos\VILA\Vila 2\node_modules\@babel\parser\lib\index.js:4782:20)
      at TypeScriptParserMixin.parseExprSubscripts (D:\Projetos\Mano calos projetos\VILA\Vila 2\node_modules\@babel\parser\lib\index.js:11107:23)
      at TypeScriptParserMixin.parseUpdate (D:\Projetos\Mano calos projetos\VILA\Vila 2\node_modules\@babel\parser\lib\index.js:11092:21)
      at TypeScriptParserMixin.parseMaybeUnary (D:\Projetos\Mano calos projetos\VILA\Vila 2\node_modules\@babel\parser\lib\index.js:11072:23)
      at TypeScriptParserMixin.parseMaybeUnary (D:\Projetos\Mano calos projetos\VILA\Vila 2\node_modules\@babel\parser\lib\index.js:9860:18)
      at TypeScriptParserMixin.parseMaybeUnaryOrPrivate (D:\Projetos\Mano calos projetos\VILA\Vila 2\node_modules\@babel\parser\lib\index.js:10925:61)
      at TypeScriptParserMixin.parseExprOps (D:\Projetos\Mano calos projetos\VILA\Vila 2\node_modules\@babel\parser\lib\index.js:10930:23)
      at TypeScriptParserMixin.parseMaybeConditional (D:\Projetos\Mano calos projetos\VILA\Vila 2\node_modules\@babel\parser\lib\index.js:10907:23)
      at TypeScriptParserMixin.parseMaybeAssign (D:\Projetos\Mano calos projetos\VILA\Vila 2\node_modules\@babel\parser\lib\index.js:10857:21)
      at TypeScriptParserMixin.parseMaybeAssign (D:\Projetos\Mano calos projetos\VILA\Vila 2\node_modules\@babel\parser\lib\index.js:9809:20)
      at TypeScriptParserMixin.parseExpressionBase (D:\Projetos\Mano calos projetos\VILA\Vila 2\node_modules\@babel\parser\lib\index.js:10810:23)
      at D:\Projetos\Mano calos projetos\VILA\Vila 2\node_modules\@babel\parser\lib\index.js:10806:39
      at TypeScriptParserMixin.allowInAnd (D:\Projetos\Mano calos projetos\VILA\Vila 2\node_modules\@babel\parser\lib\index.js:12455:16)
      at TypeScriptParserMixin.parseExpression (D:\Projetos\Mano calos projetos\VILA\Vila 2\node_modules\@babel\parser\lib\index.js:10806:17)
      at TypeScriptParserMixin.parseReturnStatement (D:\Projetos\Mano calos projetos\VILA\Vila 2\node_modules\@babel\parser\lib\index.js:13176:28)
      at TypeScriptParserMixin.parseStatementContent (D:\Projetos\Mano calos projetos\VILA\Vila 2\node_modules\@babel\parser\lib\index.js:12832:21)
      at TypeScriptParserMixin.parseStatementContent (D:\Projetos\Mano calos projetos\VILA\Vila 2\node_modules\@babel\parser\lib\index.js:9531:18)
      at TypeScriptParserMixin.parseStatementLike (D:\Projetos\Mano calos projetos\VILA\Vila 2\node_modules\@babel\parser\lib\index.js:12801:17)
      at TypeScriptParserMixin.parseStatementListItem (D:\Projetos\Mano calos projetos\VILA\Vila 2\node_modules\@babel\parser\lib\index.js:12781:17)
[2m18:17:41[22m [31m[1m[vite][22m[39m [31mInternal server error: D:\Projetos\Mano calos projetos\VILA\Vila 2\src\components\admin\UtilizadoresComunidadesView.tsx: Unterminated JSX contents. (1740:10)

[0m [90m 1738 |[31m         [33m<[31m[33m/[31m[33mdiv[31m[33m>[31m
 [90m 1739 |[31m       )}
[31m[1m>[22m[31m[90m 1740 |[31m     [33m<[31m[33m/[31m[33mdiv[31m[33m>[31m
 [90m      |[31m           [31m[1m^[22m[31m
 [90m 1741 |[31m   )[33m;[31m
 [90m 1742 |[31m }[33m;[31m
 [90m 1743 |[31m[0m[39m
  Plugin: [35mvite:react-babel[39m
  File: [36mD:/Projetos/Mano calos projetos/VILA/Vila 2/src/components/admin/UtilizadoresComunidadesView.tsx[39m:1740:10
[33m  1738|          </div>
  1739|        )}
  1740|      </div>
     |            ^
  1741|    );
  1742|  };[39m
      at constructor (D:\Projetos\Mano calos projetos\VILA\Vila 2\node_modules\@babel\parser\lib\index.js:369:19)
      at TypeScriptParserMixin.raise (D:\Projetos\Mano calos projetos\VILA\Vila 2\node_modules\@babel\parser\lib\index.js:6622:19)
      at TypeScriptParserMixin.jsxReadToken (D:\Projetos\Mano calos projetos\VILA\Vila 2\node_modules\@babel\parser\lib\index.js:4466:20)
      at TypeScriptParserMixin.getTokenFromCode (D:\Projetos\Mano calos projetos\VILA\Vila 2\node_modules\@babel\parser\lib\index.js:4792:12)
      at TypeScriptParserMixin.getTokenFromCode (D:\Projetos\Mano calos projetos\VILA\Vila 2\node_modules\@babel\parser\lib\index.js:10010:11)
      at TypeScriptParserMixin.nextToken (D:\Projetos\Mano calos projetos\VILA\Vila 2\node_modules\@babel\parser\lib\index.js:5805:10)
      at TypeScriptParserMixin.next (D:\Projetos\Mano calos projetos\VILA\Vila 2\node_modules\@babel\parser\lib\index.js:5715:10)
      at TypeScriptParserMixin.eat (D:\Projetos\Mano calos projetos\VILA\Vila 2\node_modules\@babel\parser\lib\index.js:5719:12)
      at TypeScriptParserMixin.expect (D:\Projetos\Mano calos projetos\VILA\Vila 2\node_modules\@babel\parser\lib\index.js:6921:15)
      at TypeScriptParserMixin.jsxParseClosingElementAt (D:\Projetos\Mano calos projetos\VILA\Vila 2\node_modules\@babel\parser\lib\index.js:4698:10)
      at TypeScriptParserMixin.jsxParseElementAt (D:\Projetos\Mano calos projetos\VILA\Vila 2\node_modules\@babel\parser\lib\index.js:4713:37)
      at TypeScriptParserMixin.jsxParseElementAt (D:\Projetos\Mano calos projetos\VILA\Vila 2\node_modules\@babel\parser\lib\index.js:4716:32)
      at TypeScriptParserMixin.jsxParseElement (D:\Projetos\Mano calos projetos\VILA\Vila 2\node_modules\@babel\parser\lib\index.js:4767:17)
      at TypeScriptParserMixin.parseExprAtom (D:\Projetos\Mano calos projetos\VILA\Vila 2\node_modules\@babel\parser\lib\index.js:4777:19)
      at TypeScriptParserMixin.parseExprSubscripts (D:\Projetos\Mano calos projetos\VILA\Vila 2\node_modules\@babel\parser\lib\index.js:11107:23)
      at TypeScriptParserMixin.parseUpdate (D:\Projetos\Mano calos projetos\VILA\Vila 2\node_modules\@babel\parser\lib\index.js:11092:21)
      at TypeScriptParserMixin.parseMaybeUnary (D:\Projetos\Mano calos projetos\VILA\Vila 2\node_modules\@babel\parser\lib\index.js:11072:23)
      at TypeScriptParserMixin.parseMaybeUnary (D:\Projetos\Mano calos projetos\VILA\Vila 2\node_modules\@babel\parser\lib\index.js:9860:18)
      at TypeScriptParserMixin.parseMaybeUnaryOrPrivate (D:\Projetos\Mano calos projetos\VILA\Vila 2\node_modules\@babel\parser\lib\index.js:10925:61)
      at TypeScriptParserMixin.parseExprOps (D:\Projetos\Mano calos projetos\VILA\Vila 2\node_modules\@babel\parser\lib\index.js:10930:23)
      at TypeScriptParserMixin.parseMaybeConditional (D:\Projetos\Mano calos projetos\VILA\Vila 2\node_modules\@babel\parser\lib\index.js:10907:23)
      at TypeScriptParserMixin.parseMaybeAssign (D:\Projetos\Mano calos projetos\VILA\Vila 2\node_modules\@babel\parser\lib\index.js:10857:21)
      at D:\Projetos\Mano calos projetos\VILA\Vila 2\node_modules\@babel\parser\lib\index.js:9798:39
      at TypeScriptParserMixin.tryParse (D:\Projetos\Mano calos projetos\VILA\Vila 2\node_modules\@babel\parser\lib\index.js:6930:20)
      at TypeScriptParserMixin.parseMaybeAssign (D:\Projetos\Mano calos projetos\VILA\Vila 2\node_modules\@babel\parser\lib\index.js:9798:18)
      at D:\Projetos\Mano calos projetos\VILA\Vila 2\node_modules\@babel\parser\lib\index.js:10826:39
      at TypeScriptParserMixin.allowInAnd (D:\Projetos\Mano calos projetos\VILA\Vila 2\node_modules\@babel\parser\lib\index.js:12460:12)
      at TypeScriptParserMixin.parseMaybeAssignAllowIn (D:\Projetos\Mano calos projetos\VILA\Vila 2\node_modules\@babel\parser\lib\index.js:10826:17)
      at TypeScriptParserMixin.parseMaybeAssignAllowInOrVoidPattern (D:\Projetos\Mano calos projetos\VILA\Vila 2\node_modules\@babel\parser\lib\index.js:12527:17)
      at TypeScriptParserMixin.parseParenAndDistinguishExpression (D:\Projetos\Mano calos projetos\VILA\Vila 2\node_modules\@babel\parser\lib\index.js:11706:28)
      at TypeScriptParserMixin.parseExprAtom (D:\Projetos\Mano calos projetos\VILA\Vila 2\node_modules\@babel\parser\lib\index.js:11362:23)
      at TypeScriptParserMixin.parseExprAtom (D:\Projetos\Mano calos projetos\VILA\Vila 2\node_modules\@babel\parser\lib\index.js:4782:20)
      at TypeScriptParserMixin.parseExprSubscripts (D:\Projetos\Mano calos projetos\VILA\Vila 2\node_modules\@babel\parser\lib\index.js:11107:23)
      at TypeScriptParserMixin.parseUpdate (D:\Projetos\Mano calos projetos\VILA\Vila 2\node_modules\@babel\parser\lib\index.js:11092:21)
      at TypeScriptParserMixin.parseMaybeUnary (D:\Projetos\Mano calos projetos\VILA\Vila 2\node_modules\@babel\parser\lib\index.js:11072:23)
      at TypeScriptParserMixin.parseMaybeUnary (D:\Projetos\Mano calos projetos\VILA\Vila 2\node_modules\@babel\parser\lib\index.js:9860:18)
      at TypeScriptParserMixin.parseMaybeUnaryOrPrivate (D:\Projetos\Mano calos projetos\VILA\Vila 2\node_modules\@babel\parser\lib\index.js:10925:61)
      at TypeScriptParserMixin.parseExprOps (D:\Projetos\Mano calos projetos\VILA\Vila 2\node_modules\@babel\parser\lib\index.js:10930:23)
      at TypeScriptParserMixin.parseMaybeConditional (D:\Projetos\Mano calos projetos\VILA\Vila 2\node_modules\@babel\parser\lib\index.js:10907:23)
      at TypeScriptParserMixin.parseMaybeAssign (D:\Projetos\Mano calos projetos\VILA\Vila 2\node_modules\@babel\parser\lib\index.js:10857:21)
      at TypeScriptParserMixin.parseMaybeAssign (D:\Projetos\Mano calos projetos\VILA\Vila 2\node_modules\@babel\parser\lib\index.js:9809:20)
      at TypeScriptParserMixin.parseExpressionBase (D:\Projetos\Mano calos projetos\VILA\Vila 2\node_modules\@babel\parser\lib\index.js:10810:23)
      at D:\Projetos\Mano calos projetos\VILA\Vila 2\node_modules\@babel\parser\lib\index.js:10806:39
      at TypeScriptParserMixin.allowInAnd (D:\Projetos\Mano calos projetos\VILA\Vila 2\node_modules\@babel\parser\lib\index.js:12455:16)
      at TypeScriptParserMixin.parseExpression (D:\Projetos\Mano calos projetos\VILA\Vila 2\node_modules\@babel\parser\lib\index.js:10806:17)
      at TypeScriptParserMixin.parseReturnStatement (D:\Projetos\Mano calos projetos\VILA\Vila 2\node_modules\@babel\parser\lib\index.js:13176:28)
      at TypeScriptParserMixin.parseStatementContent (D:\Projetos\Mano calos projetos\VILA\Vila 2\node_modules\@babel\parser\lib\index.js:12832:21)
      at TypeScriptParserMixin.parseStatementContent (D:\Projetos\Mano calos projetos\VILA\Vila 2\node_modules\@babel\parser\lib\index.js:9531:18)
      at TypeScriptParserMixin.parseStatementLike (D:\Projetos\Mano calos projetos\VILA\Vila 2\node_modules\@babel\parser\lib\index.js:12801:17)
      at TypeScriptParserMixin.parseStatementListItem (D:\Projetos\Mano calos projetos\VILA\Vila 2\node_modules\@babel\parser\lib\index.js:12781:17)
[2m18:17:43[22m [31m[1m[vite][22m[39m [31mInternal server error: D:\Projetos\Mano calos projetos\VILA\Vila 2\src\components\admin\UtilizadoresComunidadesView.tsx: Unterminated JSX contents. (1740:10)

[0m [90m 1738 |[31m         [33m<[31m[33m/[31m[33mdiv[31m[33m>[31m
 [90m 1739 |[31m       )}
[31m[1m>[22m[31m[90m 1740 |[31m     [33m<[31m[33m/[31m[33mdiv[31m[33m>[31m
 [90m      |[31m           [31m[1m^[22m[31m
 [90m 1741 |[31m   )[33m;[31m
 [90m 1742 |[31m }[33m;[31m
 [90m 1743 |[31m[0m[39m
  Plugin: [35mvite:react-babel[39m
  File: [36mD:/Projetos/Mano calos projetos/VILA/Vila 2/src/components/admin/UtilizadoresComunidadesView.tsx[39m:1740:10
[33m  1738|          </div>
  1739|        )}
  1740|      </div>
     |            ^
  1741|    );
  1742|  };[39m
      at constructor (D:\Projetos\Mano calos projetos\VILA\Vila 2\node_modules\@babel\parser\lib\index.js:369:19)
      at TypeScriptParserMixin.raise (D:\Projetos\Mano calos projetos\VILA\Vila 2\node_modules\@babel\parser\lib\index.js:6622:19)
      at TypeScriptParserMixin.jsxReadToken (D:\Projetos\Mano calos projetos\VILA\Vila 2\node_modules\@babel\parser\lib\index.js:4466:20)
      at TypeScriptParserMixin.getTokenFromCode (D:\Projetos\Mano calos projetos\VILA\Vila 2\node_modules\@babel\parser\lib\index.js:4792:12)
      at TypeScriptParserMixin.getTokenFromCode (D:\Projetos\Mano calos projetos\VILA\Vila 2\node_modules\@babel\parser\lib\index.js:10010:11)
      at TypeScriptParserMixin.nextToken (D:\Projetos\Mano calos projetos\VILA\Vila 2\node_modules\@babel\parser\lib\index.js:5805:10)
      at TypeScriptParserMixin.next (D:\Projetos\Mano calos projetos\VILA\Vila 2\node_modules\@babel\parser\lib\index.js:5715:10)
      at TypeScriptParserMixin.eat (D:\Projetos\Mano calos projetos\VILA\Vila 2\node_modules\@babel\parser\lib\index.js:5719:12)
      at TypeScriptParserMixin.expect (D:\Projetos\Mano calos projetos\VILA\Vila 2\node_modules\@babel\parser\lib\index.js:6921:15)
      at TypeScriptParserMixin.jsxParseClosingElementAt (D:\Projetos\Mano calos projetos\VILA\Vila 2\node_modules\@babel\parser\lib\index.js:4698:10)
      at TypeScriptParserMixin.jsxParseElementAt (D:\Projetos\Mano calos projetos\VILA\Vila 2\node_modules\@babel\parser\lib\index.js:4713:37)
      at TypeScriptParserMixin.jsxParseElementAt (D:\Projetos\Mano calos projetos\VILA\Vila 2\node_modules\@babel\parser\lib\index.js:4716:32)
      at TypeScriptParserMixin.jsxParseElement (D:\Projetos\Mano calos projetos\VILA\Vila 2\node_modules\@babel\parser\lib\index.js:4767:17)
      at TypeScriptParserMixin.parseExprAtom (D:\Projetos\Mano calos projetos\VILA\Vila 2\node_modules\@babel\parser\lib\index.js:4777:19)
      at TypeScriptParserMixin.parseExprSubscripts (D:\Projetos\Mano calos projetos\VILA\Vila 2\node_modules\@babel\parser\lib\index.js:11107:23)
      at TypeScriptParserMixin.parseUpdate (D:\Projetos\Mano calos projetos\VILA\Vila 2\node_modules\@babel\parser\lib\index.js:11092:21)
      at TypeScriptParserMixin.parseMaybeUnary (D:\Projetos\Mano calos projetos\VILA\Vila 2\node_modules\@babel\parser\lib\index.js:11072:23)
      at TypeScriptParserMixin.parseMaybeUnary (D:\Projetos\Mano calos projetos\VILA\Vila 2\node_modules\@babel\parser\lib\index.js:9860:18)
      at TypeScriptParserMixin.parseMaybeUnaryOrPrivate (D:\Projetos\Mano calos projetos\VILA\Vila 2\node_modules\@babel\parser\lib\index.js:10925:61)
      at TypeScriptParserMixin.parseExprOps (D:\Projetos\Mano calos projetos\VILA\Vila 2\node_modules\@babel\parser\lib\index.js:10930:23)
      at TypeScriptParserMixin.parseMaybeConditional (D:\Projetos\Mano calos projetos\VILA\Vila 2\node_modules\@babel\parser\lib\index.js:10907:23)
      at TypeScriptParserMixin.parseMaybeAssign (D:\Projetos\Mano calos projetos\VILA\Vila 2\node_modules\@babel\parser\lib\index.js:10857:21)
      at D:\Projetos\Mano calos projetos\VILA\Vila 2\node_modules\@babel\parser\lib\index.js:9798:39
      at TypeScriptParserMixin.tryParse (D:\Projetos\Mano calos projetos\VILA\Vila 2\node_modules\@babel\parser\lib\index.js:6930:20)
      at TypeScriptParserMixin.parseMaybeAssign (D:\Projetos\Mano calos projetos\VILA\Vila 2\node_modules\@babel\parser\lib\index.js:9798:18)
      at D:\Projetos\Mano calos projetos\VILA\Vila 2\node_modules\@babel\parser\lib\index.js:10826:39
      at TypeScriptParserMixin.allowInAnd (D:\Projetos\Mano calos projetos\VILA\Vila 2\node_modules\@babel\parser\lib\index.js:12460:12)
      at TypeScriptParserMixin.parseMaybeAssignAllowIn (D:\Projetos\Mano calos projetos\VILA\Vila 2\node_modules\@babel\parser\lib\index.js:10826:17)
      at TypeScriptParserMixin.parseMaybeAssignAllowInOrVoidPattern (D:\Projetos\Mano calos projetos\VILA\Vila 2\node_modules\@babel\parser\lib\index.js:12527:17)
      at TypeScriptParserMixin.parseParenAndDistinguishExpression (D:\Projetos\Mano calos projetos\VILA\Vila 2\node_modules\@babel\parser\lib\index.js:11706:28)
      at TypeScriptParserMixin.parseExprAtom (D:\Projetos\Mano calos projetos\VILA\Vila 2\node_modules\@babel\parser\lib\index.js:11362:23)
      at TypeScriptParserMixin.parseExprAtom (D:\Projetos\Mano calos projetos\VILA\Vila 2\node_modules\@babel\parser\lib\index.js:4782:20)
      at TypeScriptParserMixin.parseExprSubscripts (D:\Projetos\Mano calos projetos\VILA\Vila 2\node_modules\@babel\parser\lib\index.js:11107:23)
      at TypeScriptParserMixin.parseUpdate (D:\Projetos\Mano calos projetos\VILA\Vila 2\node_modules\@babel\parser\lib\index.js:11092:21)
      at TypeScriptParserMixin.parseMaybeUnary (D:\Projetos\Mano calos projetos\VILA\Vila 2\node_modules\@babel\parser\lib\index.js:11072:23)
      at TypeScriptParserMixin.parseMaybeUnary (D:\Projetos\Mano calos projetos\VILA\Vila 2\node_modules\@babel\parser\lib\index.js:9860:18)
      at TypeScriptParserMixin.parseMaybeUnaryOrPrivate (D:\Projetos\Mano calos projetos\VILA\Vila 2\node_modules\@babel\parser\lib\index.js:10925:61)
      at TypeScriptParserMixin.parseExprOps (D:\Projetos\Mano calos projetos\VILA\Vila 2\node_modules\@babel\parser\lib\index.js:10930:23)
      at TypeScriptParserMixin.parseMaybeConditional (D:\Projetos\Mano calos projetos\VILA\Vila 2\node_modules\@babel\parser\lib\index.js:10907:23)
      at TypeScriptParserMixin.parseMaybeAssign (D:\Projetos\Mano calos projetos\VILA\Vila 2\node_modules\@babel\parser\lib\index.js:10857:21)
      at TypeScriptParserMixin.parseMaybeAssign (D:\Projetos\Mano calos projetos\VILA\Vila 2\node_modules\@babel\parser\lib\index.js:9809:20)
      at TypeScriptParserMixin.parseExpressionBase (D:\Projetos\Mano calos projetos\VILA\Vila 2\node_modules\@babel\parser\lib\index.js:10810:23)
      at D:\Projetos\Mano calos projetos\VILA\Vila 2\node_modules\@babel\parser\lib\index.js:10806:39
      at TypeScriptParserMixin.allowInAnd (D:\Projetos\Mano calos projetos\VILA\Vila 2\node_modules\@babel\parser\lib\index.js:12455:16)
      at TypeScriptParserMixin.parseExpression (D:\Projetos\Mano calos projetos\VILA\Vila 2\node_modules\@babel\parser\lib\index.js:10806:17)
      at TypeScriptParserMixin.parseReturnStatement (D:\Projetos\Mano calos projetos\VILA\Vila 2\node_modules\@babel\parser\lib\index.js:13176:28)
      at TypeScriptParserMixin.parseStatementContent (D:\Projetos\Mano calos projetos\VILA\Vila 2\node_modules\@babel\parser\lib\index.js:12832:21)
      at TypeScriptParserMixin.parseStatementContent (D:\Projetos\Mano calos projetos\VILA\Vila 2\node_modules\@babel\parser\lib\index.js:9531:18)
      at TypeScriptParserMixin.parseStatementLike (D:\Projetos\Mano calos projetos\VILA\Vila 2\node_modules\@babel\parser\lib\index.js:12801:17)
      at TypeScriptParserMixin.parseStatementListItem (D:\Projetos\Mano calos projetos\VILA\Vila 2\node_modules\@babel\parser\lib\index.js:12781:17)
[2m18:17:43[22m [31m[1m[vite][22m[39m [31mInternal server error: D:\Projetos\Mano calos projetos\VILA\Vila 2\src\components\admin\UtilizadoresComunidadesView.tsx: Unterminated JSX contents. (1740:10)

[0m [90m 1738 |[31m         [33m<[31m[33m/[31m[33mdiv[31m[33m>[31m
 [90m 1739 |[31m       )}
[31m[1m>[22m[31m[90m 1740 |[31m     [33m<[31m[33m/[31m[33mdiv[31m[33m>[31m
 [90m      |[31m           [31m[1m^[22m[31m
 [90m 1741 |[31m   )[33m;[31m
 [90m 1742 |[31m }[33m;[31m
 [90m 1743 |[31m[0m[39m
  Plugin: [35mvite:react-babel[39m
  File: [36mD:/Projetos/Mano calos projetos/VILA/Vila 2/src/components/admin/UtilizadoresComunidadesView.tsx[39m:1740:10
[33m  1738|          </div>
  1739|        )}
  1740|      </div>
     |            ^
  1741|    );
  1742|  };[39m
      at constructor (D:\Projetos\Mano calos projetos\VILA\Vila 2\node_modules\@babel\parser\lib\index.js:369:19)
      at TypeScriptParserMixin.raise (D:\Projetos\Mano calos projetos\VILA\Vila 2\node_modules\@babel\parser\lib\index.js:6622:19)
      at TypeScriptParserMixin.jsxReadToken (D:\Projetos\Mano calos projetos\VILA\Vila 2\node_modules\@babel\parser\lib\index.js:4466:20)
      at TypeScriptParserMixin.getTokenFromCode (D:\Projetos\Mano calos projetos\VILA\Vila 2\node_modules\@babel\parser\lib\index.js:4792:12)
      at TypeScriptParserMixin.getTokenFromCode (D:\Projetos\Mano calos projetos\VILA\Vila 2\node_modules\@babel\parser\lib\index.js:10010:11)
      at TypeScriptParserMixin.nextToken (D:\Projetos\Mano calos projetos\VILA\Vila 2\node_modules\@babel\parser\lib\index.js:5805:10)
      at TypeScriptParserMixin.next (D:\Projetos\Mano calos projetos\VILA\Vila 2\node_modules\@babel\parser\lib\index.js:5715:10)
      at TypeScriptParserMixin.eat (D:\Projetos\Mano calos projetos\VILA\Vila 2\node_modules\@babel\parser\lib\index.js:5719:12)
      at TypeScriptParserMixin.expect (D:\Projetos\Mano calos projetos\VILA\Vila 2\node_modules\@babel\parser\lib\index.js:6921:15)
      at TypeScriptParserMixin.jsxParseClosingElementAt (D:\Projetos\Mano calos projetos\VILA\Vila 2\node_modules\@babel\parser\lib\index.js:4698:10)
      at TypeScriptParserMixin.jsxParseElementAt (D:\Projetos\Mano calos projetos\VILA\Vila 2\node_modules\@babel\parser\lib\index.js:4713:37)
      at TypeScriptParserMixin.jsxParseElementAt (D:\Projetos\Mano calos projetos\VILA\Vila 2\node_modules\@babel\parser\lib\index.js:4716:32)
      at TypeScriptParserMixin.jsxParseElement (D:\Projetos\Mano calos projetos\VILA\Vila 2\node_modules\@babel\parser\lib\index.js:4767:17)
      at TypeScriptParserMixin.parseExprAtom (D:\Projetos\Mano calos projetos\VILA\Vila 2\node_modules\@babel\parser\lib\index.js:4777:19)
      at TypeScriptParserMixin.parseExprSubscripts (D:\Projetos\Mano calos projetos\VILA\Vila 2\node_modules\@babel\parser\lib\index.js:11107:23)
      at TypeScriptParserMixin.parseUpdate (D:\Projetos\Mano calos projetos\VILA\Vila 2\node_modules\@babel\parser\lib\index.js:11092:21)
      at TypeScriptParserMixin.parseMaybeUnary (D:\Projetos\Mano calos projetos\VILA\Vila 2\node_modules\@babel\parser\lib\index.js:11072:23)
      at TypeScriptParserMixin.parseMaybeUnary (D:\Projetos\Mano calos projetos\VILA\Vila 2\node_modules\@babel\parser\lib\index.js:9860:18)
      at TypeScriptParserMixin.parseMaybeUnaryOrPrivate (D:\Projetos\Mano calos projetos\VILA\Vila 2\node_modules\@babel\parser\lib\index.js:10925:61)
      at TypeScriptParserMixin.parseExprOps (D:\Projetos\Mano calos projetos\VILA\Vila 2\node_modules\@babel\parser\lib\index.js:10930:23)
      at TypeScriptParserMixin.parseMaybeConditional (D:\Projetos\Mano calos projetos\VILA\Vila 2\node_modules\@babel\parser\lib\index.js:10907:23)
      at TypeScriptParserMixin.parseMaybeAssign (D:\Projetos\Mano calos projetos\VILA\Vila 2\node_modules\@babel\parser\lib\index.js:10857:21)
      at D:\Projetos\Mano calos projetos\VILA\Vila 2\node_modules\@babel\parser\lib\index.js:9798:39
      at TypeScriptParserMixin.tryParse (D:\Projetos\Mano calos projetos\VILA\Vila 2\node_modules\@babel\parser\lib\index.js:6930:20)
      at TypeScriptParserMixin.parseMaybeAssign (D:\Projetos\Mano calos projetos\VILA\Vila 2\node_modules\@babel\parser\lib\index.js:9798:18)
      at D:\Projetos\Mano calos projetos\VILA\Vila 2\node_modules\@babel\parser\lib\index.js:10826:39
      at TypeScriptParserMixin.allowInAnd (D:\Projetos\Mano calos projetos\VILA\Vila 2\node_modules\@babel\parser\lib\index.js:12460:12)
      at TypeScriptParserMixin.parseMaybeAssignAllowIn (D:\Projetos\Mano calos projetos\VILA\Vila 2\node_modules\@babel\parser\lib\index.js:10826:17)
      at TypeScriptParserMixin.parseMaybeAssignAllowInOrVoidPattern (D:\Projetos\Mano calos projetos\VILA\Vila 2\node_modules\@babel\parser\lib\index.js:12527:17)
      at TypeScriptParserMixin.parseParenAndDistinguishExpression (D:\Projetos\Mano calos projetos\VILA\Vila 2\node_modules\@babel\parser\lib\index.js:11706:28)
      at TypeScriptParserMixin.parseExprAtom (D:\Projetos\Mano calos projetos\VILA\Vila 2\node_modules\@babel\parser\lib\index.js:11362:23)
      at TypeScriptParserMixin.parseExprAtom (D:\Projetos\Mano calos projetos\VILA\Vila 2\node_modules\@babel\parser\lib\index.js:4782:20)
      at TypeScriptParserMixin.parseExprSubscripts (D:\Projetos\Mano calos projetos\VILA\Vila 2\node_modules\@babel\parser\lib\index.js:11107:23)
      at TypeScriptParserMixin.parseUpdate (D:\Projetos\Mano calos projetos\VILA\Vila 2\node_modules\@babel\parser\lib\index.js:11092:21)
      at TypeScriptParserMixin.parseMaybeUnary (D:\Projetos\Mano calos projetos\VILA\Vila 2\node_modules\@babel\parser\lib\index.js:11072:23)
      at TypeScriptParserMixin.parseMaybeUnary (D:\Projetos\Mano calos projetos\VILA\Vila 2\node_modules\@babel\parser\lib\index.js:9860:18)
      at TypeScriptParserMixin.parseMaybeUnaryOrPrivate (D:\Projetos\Mano calos projetos\VILA\Vila 2\node_modules\@babel\parser\lib\index.js:10925:61)
      at TypeScriptParserMixin.parseExprOps (D:\Projetos\Mano calos projetos\VILA\Vila 2\node_modules\@babel\parser\lib\index.js:10930:23)
      at TypeScriptParserMixin.parseMaybeConditional (D:\Projetos\Mano calos projetos\VILA\Vila 2\node_modules\@babel\parser\lib\index.js:10907:23)
      at TypeScriptParserMixin.parseMaybeAssign (D:\Projetos\Mano calos projetos\VILA\Vila 2\node_modules\@babel\parser\lib\index.js:10857:21)
      at TypeScriptParserMixin.parseMaybeAssign (D:\Projetos\Mano calos projetos\VILA\Vila 2\node_modules\@babel\parser\lib\index.js:9809:20)
      at TypeScriptParserMixin.parseExpressionBase (D:\Projetos\Mano calos projetos\VILA\Vila 2\node_modules\@babel\parser\lib\index.js:10810:23)
      at D:\Projetos\Mano calos projetos\VILA\Vila 2\node_modules\@babel\parser\lib\index.js:10806:39
      at TypeScriptParserMixin.allowInAnd (D:\Projetos\Mano calos projetos\VILA\Vila 2\node_modules\@babel\parser\lib\index.js:12455:16)
      at TypeScriptParserMixin.parseExpression (D:\Projetos\Mano calos projetos\VILA\Vila 2\node_modules\@babel\parser\lib\index.js:10806:17)
      at TypeScriptParserMixin.parseReturnStatement (D:\Projetos\Mano calos projetos\VILA\Vila 2\node_modules\@babel\parser\lib\index.js:13176:28)
      at TypeScriptParserMixin.parseStatementContent (D:\Projetos\Mano calos projetos\VILA\Vila 2\node_modules\@babel\parser\lib\index.js:12832:21)
      at TypeScriptParserMixin.parseStatementContent (D:\Projetos\Mano calos projetos\VILA\Vila 2\node_modules\@babel\parser\lib\index.js:9531:18)
      at TypeScriptParserMixin.parseStatementLike (D:\Projetos\Mano calos projetos\VILA\Vila 2\node_modules\@babel\parser\lib\index.js:12801:17)
      at TypeScriptParserMixin.parseStatementListItem (D:\Projetos\Mano calos projetos\VILA\Vila 2\node_modules\@babel\parser\lib\index.js:12781:17)
[2m18:20:05[22m [31m[1m[vite][22m[39m [31mInternal server error: D:\Projetos\Mano calos projetos\VILA\Vila 2\src\components\admin\TerritoriosPaisesView.tsx: Unterminated JSX contents. (1485:10)

[0m [90m 1483 |[31m         [33m<[31m[33m/[31m[33mdiv[31m[33m>[31m
 [90m 1484 |[31m       )}
[31m[1m>[22m[31m[90m 1485 |[31m     [33m<[31m[33m/[31m[33mdiv[31m[33m>[31m
 [90m      |[31m           [31m[1m^[22m[31m
 [90m 1486 |[31m   )[33m;[31m
 [90m 1487 |[31m }[33m;[31m
 [90m 1488 |[31m [36mexport[31m [36mdefault[31m [33mTerritoriosPaisesView[31m[33m;[31m[0m[39m
  Plugin: [35mvite:react-babel[39m
  File: [36mD:/Projetos/Mano calos projetos/VILA/Vila 2/src/components/admin/TerritoriosPaisesView.tsx[39m:1485:10
[33m  1483|          </div>
  1484|        )}
  1485|      </div>
     |            ^
  1486|    );
  1487|  };[39m
      at constructor (D:\Projetos\Mano calos projetos\VILA\Vila 2\node_modules\@babel\parser\lib\index.js:369:19)
      at TypeScriptParserMixin.raise (D:\Projetos\Mano calos projetos\VILA\Vila 2\node_modules\@babel\parser\lib\index.js:6622:19)
      at TypeScriptParserMixin.jsxReadToken (D:\Projetos\Mano calos projetos\VILA\Vila 2\node_modules\@babel\parser\lib\index.js:4466:20)
      at TypeScriptParserMixin.getTokenFromCode (D:\Projetos\Mano calos projetos\VILA\Vila 2\node_modules\@babel\parser\lib\index.js:4792:12)
      at TypeScriptParserMixin.getTokenFromCode (D:\Projetos\Mano calos projetos\VILA\Vila 2\node_modules\@babel\parser\lib\index.js:10010:11)
      at TypeScriptParserMixin.nextToken (D:\Projetos\Mano calos projetos\VILA\Vila 2\node_modules\@babel\parser\lib\index.js:5805:10)
      at TypeScriptParserMixin.next (D:\Projetos\Mano calos projetos\VILA\Vila 2\node_modules\@babel\parser\lib\index.js:5715:10)
      at TypeScriptParserMixin.eat (D:\Projetos\Mano calos projetos\VILA\Vila 2\node_modules\@babel\parser\lib\index.js:5719:12)
      at TypeScriptParserMixin.expect (D:\Projetos\Mano calos projetos\VILA\Vila 2\node_modules\@babel\parser\lib\index.js:6921:15)
      at TypeScriptParserMixin.jsxParseClosingElementAt (D:\Projetos\Mano calos projetos\VILA\Vila 2\node_modules\@babel\parser\lib\index.js:4698:10)
      at TypeScriptParserMixin.jsxParseElementAt (D:\Projetos\Mano calos projetos\VILA\Vila 2\node_modules\@babel\parser\lib\index.js:4713:37)
      at TypeScriptParserMixin.jsxParseElementAt (D:\Projetos\Mano calos projetos\VILA\Vila 2\node_modules\@babel\parser\lib\index.js:4716:32)
      at TypeScriptParserMixin.jsxParseElement (D:\Projetos\Mano calos projetos\VILA\Vila 2\node_modules\@babel\parser\lib\index.js:4767:17)
      at TypeScriptParserMixin.parseExprAtom (D:\Projetos\Mano calos projetos\VILA\Vila 2\node_modules\@babel\parser\lib\index.js:4777:19)
      at TypeScriptParserMixin.parseExprSubscripts (D:\Projetos\Mano calos projetos\VILA\Vila 2\node_modules\@babel\parser\lib\index.js:11107:23)
      at TypeScriptParserMixin.parseUpdate (D:\Projetos\Mano calos projetos\VILA\Vila 2\node_modules\@babel\parser\lib\index.js:11092:21)
      at TypeScriptParserMixin.parseMaybeUnary (D:\Projetos\Mano calos projetos\VILA\Vila 2\node_modules\@babel\parser\lib\index.js:11072:23)
      at TypeScriptParserMixin.parseMaybeUnary (D:\Projetos\Mano calos projetos\VILA\Vila 2\node_modules\@babel\parser\lib\index.js:9860:18)
      at TypeScriptParserMixin.parseMaybeUnaryOrPrivate (D:\Projetos\Mano calos projetos\VILA\Vila 2\node_modules\@babel\parser\lib\index.js:10925:61)
      at TypeScriptParserMixin.parseExprOps (D:\Projetos\Mano calos projetos\VILA\Vila 2\node_modules\@babel\parser\lib\index.js:10930:23)
      at TypeScriptParserMixin.parseMaybeConditional (D:\Projetos\Mano calos projetos\VILA\Vila 2\node_modules\@babel\parser\lib\index.js:10907:23)
      at TypeScriptParserMixin.parseMaybeAssign (D:\Projetos\Mano calos projetos\VILA\Vila 2\node_modules\@babel\parser\lib\index.js:10857:21)
      at D:\Projetos\Mano calos projetos\VILA\Vila 2\node_modules\@babel\parser\lib\index.js:9798:39
      at TypeScriptParserMixin.tryParse (D:\Projetos\Mano calos projetos\VILA\Vila 2\node_modules\@babel\parser\lib\index.js:6930:20)
      at TypeScriptParserMixin.parseMaybeAssign (D:\Projetos\Mano calos projetos\VILA\Vila 2\node_modules\@babel\parser\lib\index.js:9798:18)
      at D:\Projetos\Mano calos projetos\VILA\Vila 2\node_modules\@babel\parser\lib\index.js:10826:39
      at TypeScriptParserMixin.allowInAnd (D:\Projetos\Mano calos projetos\VILA\Vila 2\node_modules\@babel\parser\lib\index.js:12460:12)
      at TypeScriptParserMixin.parseMaybeAssignAllowIn (D:\Projetos\Mano calos projetos\VILA\Vila 2\node_modules\@babel\parser\lib\index.js:10826:17)
      at TypeScriptParserMixin.parseMaybeAssignAllowInOrVoidPattern (D:\Projetos\Mano calos projetos\VILA\Vila 2\node_modules\@babel\parser\lib\index.js:12527:17)
      at TypeScriptParserMixin.parseParenAndDistinguishExpression (D:\Projetos\Mano calos projetos\VILA\Vila 2\node_modules\@babel\parser\lib\index.js:11706:28)
      at TypeScriptParserMixin.parseExprAtom (D:\Projetos\Mano calos projetos\VILA\Vila 2\node_modules\@babel\parser\lib\index.js:11362:23)
      at TypeScriptParserMixin.parseExprAtom (D:\Projetos\Mano calos projetos\VILA\Vila 2\node_modules\@babel\parser\lib\index.js:4782:20)
      at TypeScriptParserMixin.parseExprSubscripts (D:\Projetos\Mano calos projetos\VILA\Vila 2\node_modules\@babel\parser\lib\index.js:11107:23)
      at TypeScriptParserMixin.parseUpdate (D:\Projetos\Mano calos projetos\VILA\Vila 2\node_modules\@babel\parser\lib\index.js:11092:21)
      at TypeScriptParserMixin.parseMaybeUnary (D:\Projetos\Mano calos projetos\VILA\Vila 2\node_modules\@babel\parser\lib\index.js:11072:23)
      at TypeScriptParserMixin.parseMaybeUnary (D:\Projetos\Mano calos projetos\VILA\Vila 2\node_modules\@babel\parser\lib\index.js:9860:18)
      at TypeScriptParserMixin.parseMaybeUnaryOrPrivate (D:\Projetos\Mano calos projetos\VILA\Vila 2\node_modules\@babel\parser\lib\index.js:10925:61)
      at TypeScriptParserMixin.parseExprOps (D:\Projetos\Mano calos projetos\VILA\Vila 2\node_modules\@babel\parser\lib\index.js:10930:23)
      at TypeScriptParserMixin.parseMaybeConditional (D:\Projetos\Mano calos projetos\VILA\Vila 2\node_modules\@babel\parser\lib\index.js:10907:23)
      at TypeScriptParserMixin.parseMaybeAssign (D:\Projetos\Mano calos projetos\VILA\Vila 2\node_modules\@babel\parser\lib\index.js:10857:21)
      at TypeScriptParserMixin.parseMaybeAssign (D:\Projetos\Mano calos projetos\VILA\Vila 2\node_modules\@babel\parser\lib\index.js:9809:20)
      at TypeScriptParserMixin.parseExpressionBase (D:\Projetos\Mano calos projetos\VILA\Vila 2\node_modules\@babel\parser\lib\index.js:10810:23)
      at D:\Projetos\Mano calos projetos\VILA\Vila 2\node_modules\@babel\parser\lib\index.js:10806:39
      at TypeScriptParserMixin.allowInAnd (D:\Projetos\Mano calos projetos\VILA\Vila 2\node_modules\@babel\parser\lib\index.js:12455:16)
      at TypeScriptParserMixin.parseExpression (D:\Projetos\Mano calos projetos\VILA\Vila 2\node_modules\@babel\parser\lib\index.js:10806:17)
      at TypeScriptParserMixin.parseReturnStatement (D:\Projetos\Mano calos projetos\VILA\Vila 2\node_modules\@babel\parser\lib\index.js:13176:28)
      at TypeScriptParserMixin.parseStatementContent (D:\Projetos\Mano calos projetos\VILA\Vila 2\node_modules\@babel\parser\lib\index.js:12832:21)
      at TypeScriptParserMixin.parseStatementContent (D:\Projetos\Mano calos projetos\VILA\Vila 2\node_modules\@babel\parser\lib\index.js:9531:18)
      at TypeScriptParserMixin.parseStatementLike (D:\Projetos\Mano calos projetos\VILA\Vila 2\node_modules\@babel\parser\lib\index.js:12801:17)
      at TypeScriptParserMixin.parseStatementListItem (D:\Projetos\Mano calos projetos\VILA\Vila 2\node_modules\@babel\parser\lib\index.js:12781:17)
[2m18:20:05[22m [31m[1m[vite][22m[39m [31mInternal server error: D:\Projetos\Mano calos projetos\VILA\Vila 2\src\components\admin\TerritoriosPaisesView.tsx: Unterminated JSX contents. (1485:10)

[0m [90m 1483 |[31m         [33m<[31m[33m/[31m[33mdiv[31m[33m>[31m
 [90m 1484 |[31m       )}
[31m[1m>[22m[31m[90m 1485 |[31m     [33m<[31m[33m/[31m[33mdiv[31m[33m>[31m
 [90m      |[31m           [31m[1m^[22m[31m
 [90m 1486 |[31m   )[33m;[31m
 [90m 1487 |[31m }[33m;[31m
 [90m 1488 |[31m [36mexport[31m [36mdefault[31m [33mTerritoriosPaisesView[31m[33m;[31m[0m[39m
  Plugin: [35mvite:react-babel[39m
  File: [36mD:/Projetos/Mano calos projetos/VILA/Vila 2/src/components/admin/TerritoriosPaisesView.tsx[39m:1485:10
[33m  1483|          </div>
  1484|        )}
  1485|      </div>
     |            ^
  1486|    );
  1487|  };[39m
      at constructor (D:\Projetos\Mano calos projetos\VILA\Vila 2\node_modules\@babel\parser\lib\index.js:369:19)
      at TypeScriptParserMixin.raise (D:\Projetos\Mano calos projetos\VILA\Vila 2\node_modules\@babel\parser\lib\index.js:6622:19)
      at TypeScriptParserMixin.jsxReadToken (D:\Projetos\Mano calos projetos\VILA\Vila 2\node_modules\@babel\parser\lib\index.js:4466:20)
      at TypeScriptParserMixin.getTokenFromCode (D:\Projetos\Mano calos projetos\VILA\Vila 2\node_modules\@babel\parser\lib\index.js:4792:12)
      at TypeScriptParserMixin.getTokenFromCode (D:\Projetos\Mano calos projetos\VILA\Vila 2\node_modules\@babel\parser\lib\index.js:10010:11)
      at TypeScriptParserMixin.nextToken (D:\Projetos\Mano calos projetos\VILA\Vila 2\node_modules\@babel\parser\lib\index.js:5805:10)
      at TypeScriptParserMixin.next (D:\Projetos\Mano calos projetos\VILA\Vila 2\node_modules\@babel\parser\lib\index.js:5715:10)
      at TypeScriptParserMixin.eat (D:\Projetos\Mano calos projetos\VILA\Vila 2\node_modules\@babel\parser\lib\index.js:5719:12)
      at TypeScriptParserMixin.expect (D:\Projetos\Mano calos projetos\VILA\Vila 2\node_modules\@babel\parser\lib\index.js:6921:15)
      at TypeScriptParserMixin.jsxParseClosingElementAt (D:\Projetos\Mano calos projetos\VILA\Vila 2\node_modules\@babel\parser\lib\index.js:4698:10)
      at TypeScriptParserMixin.jsxParseElementAt (D:\Projetos\Mano calos projetos\VILA\Vila 2\node_modules\@babel\parser\lib\index.js:4713:37)
      at TypeScriptParserMixin.jsxParseElementAt (D:\Projetos\Mano calos projetos\VILA\Vila 2\node_modules\@babel\parser\lib\index.js:4716:32)
      at TypeScriptParserMixin.jsxParseElement (D:\Projetos\Mano calos projetos\VILA\Vila 2\node_modules\@babel\parser\lib\index.js:4767:17)
      at TypeScriptParserMixin.parseExprAtom (D:\Projetos\Mano calos projetos\VILA\Vila 2\node_modules\@babel\parser\lib\index.js:4777:19)
      at TypeScriptParserMixin.parseExprSubscripts (D:\Projetos\Mano calos projetos\VILA\Vila 2\node_modules\@babel\parser\lib\index.js:11107:23)
      at TypeScriptParserMixin.parseUpdate (D:\Projetos\Mano calos projetos\VILA\Vila 2\node_modules\@babel\parser\lib\index.js:11092:21)
      at TypeScriptParserMixin.parseMaybeUnary (D:\Projetos\Mano calos projetos\VILA\Vila 2\node_modules\@babel\parser\lib\index.js:11072:23)
      at TypeScriptParserMixin.parseMaybeUnary (D:\Projetos\Mano calos projetos\VILA\Vila 2\node_modules\@babel\parser\lib\index.js:9860:18)
      at TypeScriptParserMixin.parseMaybeUnaryOrPrivate (D:\Projetos\Mano calos projetos\VILA\Vila 2\node_modules\@babel\parser\lib\index.js:10925:61)
      at TypeScriptParserMixin.parseExprOps (D:\Projetos\Mano calos projetos\VILA\Vila 2\node_modules\@babel\parser\lib\index.js:10930:23)
      at TypeScriptParserMixin.parseMaybeConditional (D:\Projetos\Mano calos projetos\VILA\Vila 2\node_modules\@babel\parser\lib\index.js:10907:23)
      at TypeScriptParserMixin.parseMaybeAssign (D:\Projetos\Mano calos projetos\VILA\Vila 2\node_modules\@babel\parser\lib\index.js:10857:21)
      at D:\Projetos\Mano calos projetos\VILA\Vila 2\node_modules\@babel\parser\lib\index.js:9798:39
      at TypeScriptParserMixin.tryParse (D:\Projetos\Mano calos projetos\VILA\Vila 2\node_modules\@babel\parser\lib\index.js:6930:20)
      at TypeScriptParserMixin.parseMaybeAssign (D:\Projetos\Mano calos projetos\VILA\Vila 2\node_modules\@babel\parser\lib\index.js:9798:18)
      at D:\Projetos\Mano calos projetos\VILA\Vila 2\node_modules\@babel\parser\lib\index.js:10826:39
      at TypeScriptParserMixin.allowInAnd (D:\Projetos\Mano calos projetos\VILA\Vila 2\node_modules\@babel\parser\lib\index.js:12460:12)
      at TypeScriptParserMixin.parseMaybeAssignAllowIn (D:\Projetos\Mano calos projetos\VILA\Vila 2\node_modules\@babel\parser\lib\index.js:10826:17)
      at TypeScriptParserMixin.parseMaybeAssignAllowInOrVoidPattern (D:\Projetos\Mano calos projetos\VILA\Vila 2\node_modules\@babel\parser\lib\index.js:12527:17)
      at TypeScriptParserMixin.parseParenAndDistinguishExpression (D:\Projetos\Mano calos projetos\VILA\Vila 2\node_modules\@babel\parser\lib\index.js:11706:28)
      at TypeScriptParserMixin.parseExprAtom (D:\Projetos\Mano calos projetos\VILA\Vila 2\node_modules\@babel\parser\lib\index.js:11362:23)
      at TypeScriptParserMixin.parseExprAtom (D:\Projetos\Mano calos projetos\VILA\Vila 2\node_modules\@babel\parser\lib\index.js:4782:20)
      at TypeScriptParserMixin.parseExprSubscripts (D:\Projetos\Mano calos projetos\VILA\Vila 2\node_modules\@babel\parser\lib\index.js:11107:23)
      at TypeScriptParserMixin.parseUpdate (D:\Projetos\Mano calos projetos\VILA\Vila 2\node_modules\@babel\parser\lib\index.js:11092:21)
      at TypeScriptParserMixin.parseMaybeUnary (D:\Projetos\Mano calos projetos\VILA\Vila 2\node_modules\@babel\parser\lib\index.js:11072:23)
      at TypeScriptParserMixin.parseMaybeUnary (D:\Projetos\Mano calos projetos\VILA\Vila 2\node_modules\@babel\parser\lib\index.js:9860:18)
      at TypeScriptParserMixin.parseMaybeUnaryOrPrivate (D:\Projetos\Mano calos projetos\VILA\Vila 2\node_modules\@babel\parser\lib\index.js:10925:61)
      at TypeScriptParserMixin.parseExprOps (D:\Projetos\Mano calos projetos\VILA\Vila 2\node_modules\@babel\parser\lib\index.js:10930:23)
      at TypeScriptParserMixin.parseMaybeConditional (D:\Projetos\Mano calos projetos\VILA\Vila 2\node_modules\@babel\parser\lib\index.js:10907:23)
      at TypeScriptParserMixin.parseMaybeAssign (D:\Projetos\Mano calos projetos\VILA\Vila 2\node_modules\@babel\parser\lib\index.js:10857:21)
      at TypeScriptParserMixin.parseMaybeAssign (D:\Projetos\Mano calos projetos\VILA\Vila 2\node_modules\@babel\parser\lib\index.js:9809:20)
      at TypeScriptParserMixin.parseExpressionBase (D:\Projetos\Mano calos projetos\VILA\Vila 2\node_modules\@babel\parser\lib\index.js:10810:23)
      at D:\Projetos\Mano calos projetos\VILA\Vila 2\node_modules\@babel\parser\lib\index.js:10806:39
      at TypeScriptParserMixin.allowInAnd (D:\Projetos\Mano calos projetos\VILA\Vila 2\node_modules\@babel\parser\lib\index.js:12455:16)
      at TypeScriptParserMixin.parseExpression (D:\Projetos\Mano calos projetos\VILA\Vila 2\node_modules\@babel\parser\lib\index.js:10806:17)
      at TypeScriptParserMixin.parseReturnStatement (D:\Projetos\Mano calos projetos\VILA\Vila 2\node_modules\@babel\parser\lib\index.js:13176:28)
      at TypeScriptParserMixin.parseStatementContent (D:\Projetos\Mano calos projetos\VILA\Vila 2\node_modules\@babel\parser\lib\index.js:12832:21)
      at TypeScriptParserMixin.parseStatementContent (D:\Projetos\Mano calos projetos\VILA\Vila 2\node_modules\@babel\parser\lib\index.js:9531:18)
      at TypeScriptParserMixin.parseStatementLike (D:\Projetos\Mano calos projetos\VILA\Vila 2\node_modules\@babel\parser\lib\index.js:12801:17)
      at TypeScriptParserMixin.parseStatementListItem (D:\Projetos\Mano calos projetos\VILA\Vila 2\node_modules\@babel\parser\lib\index.js:12781:17)
[2m18:20:07[22m [31m[1m[vite][22m[39m [31m[2m(client)[22m[39m Pre-transform error: D:\Projetos\Mano calos projetos\VILA\Vila 2\src\components\admin\TerritoriosPaisesView.tsx: Unterminated JSX contents. (1485:10)

[0m [90m 1483 |[39m         [33m<[39m[33m/[39m[33mdiv[39m[33m>[39m
 [90m 1484 |[39m       )}
[31m[1m>[22m[39m[90m 1485 |[39m     [33m<[39m[33m/[39m[33mdiv[39m[33m>[39m
 [90m      |[39m           [31m[1m^[22m[39m
 [90m 1486 |[39m   )[33m;[39m
 [90m 1487 |[39m }[33m;[39m
 [90m 1488 |[39m [36mexport[39m [36mdefault[39m [33mTerritoriosPaisesView[39m[33m;[39m[0m
  Plugin: [35mvite:react-babel[39m
  File: [36mD:/Projetos/Mano calos projetos/VILA/Vila 2/src/components/admin/TerritoriosPaisesView.tsx[39m:1485:10
[33m  1483|          </div>
  1484|        )}
  1485|      </div>
     |            ^
  1486|    );
  1487|  };[39m
[2m18:20:08[22m [31m[1m[vite][22m[39m [31mInternal server error: D:\Projetos\Mano calos projetos\VILA\Vila 2\src\components\admin\TerritoriosPaisesView.tsx: Unterminated JSX contents. (1485:10)

[0m [90m 1483 |[31m         [33m<[31m[33m/[31m[33mdiv[31m[33m>[31m
 [90m 1484 |[31m       )}
[31m[1m>[22m[31m[90m 1485 |[31m     [33m<[31m[33m/[31m[33mdiv[31m[33m>[31m
 [90m      |[31m           [31m[1m^[22m[31m
 [90m 1486 |[31m   )[33m;[31m
 [90m 1487 |[31m }[33m;[31m
 [90m 1488 |[31m [36mexport[31m [36mdefault[31m [33mTerritoriosPaisesView[31m[33m;[31m[0m[39m
  Plugin: [35mvite:react-babel[39m
  File: [36mD:/Projetos/Mano calos projetos/VILA/Vila 2/src/components/admin/TerritoriosPaisesView.tsx[39m:1485:10
[33m  1483|          </div>
  1484|        )}
  1485|      </div>
     |            ^
  1486|    );
  1487|  };[39m
      at constructor (D:\Projetos\Mano calos projetos\VILA\Vila 2\node_modules\@babel\parser\lib\index.js:369:19)
      at TypeScriptParserMixin.raise (D:\Projetos\Mano calos projetos\VILA\Vila 2\node_modules\@babel\parser\lib\index.js:6622:19)
      at TypeScriptParserMixin.jsxReadToken (D:\Projetos\Mano calos projetos\VILA\Vila 2\node_modules\@babel\parser\lib\index.js:4466:20)
      at TypeScriptParserMixin.getTokenFromCode (D:\Projetos\Mano calos projetos\VILA\Vila 2\node_modules\@babel\parser\lib\index.js:4792:12)
      at TypeScriptParserMixin.getTokenFromCode (D:\Projetos\Mano calos projetos\VILA\Vila 2\node_modules\@babel\parser\lib\index.js:10010:11)
      at TypeScriptParserMixin.nextToken (D:\Projetos\Mano calos projetos\VILA\Vila 2\node_modules\@babel\parser\lib\index.js:5805:10)
      at TypeScriptParserMixin.next (D:\Projetos\Mano calos projetos\VILA\Vila 2\node_modules\@babel\parser\lib\index.js:5715:10)
      at TypeScriptParserMixin.eat (D:\Projetos\Mano calos projetos\VILA\Vila 2\node_modules\@babel\parser\lib\index.js:5719:12)
      at TypeScriptParserMixin.expect (D:\Projetos\Mano calos projetos\VILA\Vila 2\node_modules\@babel\parser\lib\index.js:6921:15)
      at TypeScriptParserMixin.jsxParseClosingElementAt (D:\Projetos\Mano calos projetos\VILA\Vila 2\node_modules\@babel\parser\lib\index.js:4698:10)
      at TypeScriptParserMixin.jsxParseElementAt (D:\Projetos\Mano calos projetos\VILA\Vila 2\node_modules\@babel\parser\lib\index.js:4713:37)
      at TypeScriptParserMixin.jsxParseElementAt (D:\Projetos\Mano calos projetos\VILA\Vila 2\node_modules\@babel\parser\lib\index.js:4716:32)
      at TypeScriptParserMixin.jsxParseElement (D:\Projetos\Mano calos projetos\VILA\Vila 2\node_modules\@babel\parser\lib\index.js:4767:17)
      at TypeScriptParserMixin.parseExprAtom (D:\Projetos\Mano calos projetos\VILA\Vila 2\node_modules\@babel\parser\lib\index.js:4777:19)
      at TypeScriptParserMixin.parseExprSubscripts (D:\Projetos\Mano calos projetos\VILA\Vila 2\node_modules\@babel\parser\lib\index.js:11107:23)
      at TypeScriptParserMixin.parseUpdate (D:\Projetos\Mano calos projetos\VILA\Vila 2\node_modules\@babel\parser\lib\index.js:11092:21)
      at TypeScriptParserMixin.parseMaybeUnary (D:\Projetos\Mano calos projetos\VILA\Vila 2\node_modules\@babel\parser\lib\index.js:11072:23)
      at TypeScriptParserMixin.parseMaybeUnary (D:\Projetos\Mano calos projetos\VILA\Vila 2\node_modules\@babel\parser\lib\index.js:9860:18)
      at TypeScriptParserMixin.parseMaybeUnaryOrPrivate (D:\Projetos\Mano calos projetos\VILA\Vila 2\node_modules\@babel\parser\lib\index.js:10925:61)
      at TypeScriptParserMixin.parseExprOps (D:\Projetos\Mano calos projetos\VILA\Vila 2\node_modules\@babel\parser\lib\index.js:10930:23)
      at TypeScriptParserMixin.parseMaybeConditional (D:\Projetos\Mano calos projetos\VILA\Vila 2\node_modules\@babel\parser\lib\index.js:10907:23)
      at TypeScriptParserMixin.parseMaybeAssign (D:\Projetos\Mano calos projetos\VILA\Vila 2\node_modules\@babel\parser\lib\index.js:10857:21)
      at D:\Projetos\Mano calos projetos\VILA\Vila 2\node_modules\@babel\parser\lib\index.js:9798:39
      at TypeScriptParserMixin.tryParse (D:\Projetos\Mano calos projetos\VILA\Vila 2\node_modules\@babel\parser\lib\index.js:6930:20)
      at TypeScriptParserMixin.parseMaybeAssign (D:\Projetos\Mano calos projetos\VILA\Vila 2\node_modules\@babel\parser\lib\index.js:9798:18)
      at D:\Projetos\Mano calos projetos\VILA\Vila 2\node_modules\@babel\parser\lib\index.js:10826:39
      at TypeScriptParserMixin.allowInAnd (D:\Projetos\Mano calos projetos\VILA\Vila 2\node_modules\@babel\parser\lib\index.js:12460:12)
      at TypeScriptParserMixin.parseMaybeAssignAllowIn (D:\Projetos\Mano calos projetos\VILA\Vila 2\node_modules\@babel\parser\lib\index.js:10826:17)
      at TypeScriptParserMixin.parseMaybeAssignAllowInOrVoidPattern (D:\Projetos\Mano calos projetos\VILA\Vila 2\node_modules\@babel\parser\lib\index.js:12527:17)
      at TypeScriptParserMixin.parseParenAndDistinguishExpression (D:\Projetos\Mano calos projetos\VILA\Vila 2\node_modules\@babel\parser\lib\index.js:11706:28)
      at TypeScriptParserMixin.parseExprAtom (D:\Projetos\Mano calos projetos\VILA\Vila 2\node_modules\@babel\parser\lib\index.js:11362:23)
      at TypeScriptParserMixin.parseExprAtom (D:\Projetos\Mano calos projetos\VILA\Vila 2\node_modules\@babel\parser\lib\index.js:4782:20)
      at TypeScriptParserMixin.parseExprSubscripts (D:\Projetos\Mano calos projetos\VILA\Vila 2\node_modules\@babel\parser\lib\index.js:11107:23)
      at TypeScriptParserMixin.parseUpdate (D:\Projetos\Mano calos projetos\VILA\Vila 2\node_modules\@babel\parser\lib\index.js:11092:21)
      at TypeScriptParserMixin.parseMaybeUnary (D:\Projetos\Mano calos projetos\VILA\Vila 2\node_modules\@babel\parser\lib\index.js:11072:23)
      at TypeScriptParserMixin.parseMaybeUnary (D:\Projetos\Mano calos projetos\VILA\Vila 2\node_modules\@babel\parser\lib\index.js:9860:18)
      at TypeScriptParserMixin.parseMaybeUnaryOrPrivate (D:\Projetos\Mano calos projetos\VILA\Vila 2\node_modules\@babel\parser\lib\index.js:10925:61)
      at TypeScriptParserMixin.parseExprOps (D:\Projetos\Mano calos projetos\VILA\Vila 2\node_modules\@babel\parser\lib\index.js:10930:23)
      at TypeScriptParserMixin.parseMaybeConditional (D:\Projetos\Mano calos projetos\VILA\Vila 2\node_modules\@babel\parser\lib\index.js:10907:23)
      at TypeScriptParserMixin.parseMaybeAssign (D:\Projetos\Mano calos projetos\VILA\Vila 2\node_modules\@babel\parser\lib\index.js:10857:21)
      at TypeScriptParserMixin.parseMaybeAssign (D:\Projetos\Mano calos projetos\VILA\Vila 2\node_modules\@babel\parser\lib\index.js:9809:20)
      at TypeScriptParserMixin.parseExpressionBase (D:\Projetos\Mano calos projetos\VILA\Vila 2\node_modules\@babel\parser\lib\index.js:10810:23)
      at D:\Projetos\Mano calos projetos\VILA\Vila 2\node_modules\@babel\parser\lib\index.js:10806:39
      at TypeScriptParserMixin.allowInAnd (D:\Projetos\Mano calos projetos\VILA\Vila 2\node_modules\@babel\parser\lib\index.js:12455:16)
      at TypeScriptParserMixin.parseExpression (D:\Projetos\Mano calos projetos\VILA\Vila 2\node_modules\@babel\parser\lib\index.js:10806:17)
      at TypeScriptParserMixin.parseReturnStatement (D:\Projetos\Mano calos projetos\VILA\Vila 2\node_modules\@babel\parser\lib\index.js:13176:28)
      at TypeScriptParserMixin.parseStatementContent (D:\Projetos\Mano calos projetos\VILA\Vila 2\node_modules\@babel\parser\lib\index.js:12832:21)
      at TypeScriptParserMixin.parseStatementContent (D:\Projetos\Mano calos projetos\VILA\Vila 2\node_modules\@babel\parser\lib\index.js:9531:18)
      at TypeScriptParserMixin.parseStatementLike (D:\Projetos\Mano calos projetos\VILA\Vila 2\node_modules\@babel\parser\lib\index.js:12801:17)
      at TypeScriptParserMixin.parseStatementListItem (D:\Projetos\Mano calos projetos\VILA\Vila 2\node_modules\@babel\parser\lib\index.js:12781:17)
[2m18:20:09[22m [31m[1m[vite][22m[39m [31mInternal server error: D:\Projetos\Mano calos projetos\VILA\Vila 2\src\components\admin\TerritoriosPaisesView.tsx: Unterminated JSX contents. (1485:10)

[0m [90m 1483 |[31m         [33m<[31m[33m/[31m[33mdiv[31m[33m>[31m
 [90m 1484 |[31m       )}
[31m[1m>[22m[31m[90m 1485 |[31m     [33m<[31m[33m/[31m[33mdiv[31m[33m>[31m
 [90m      |[31m           [31m[1m^[22m[31m
 [90m 1486 |[31m   )[33m;[31m
 [90m 1487 |[31m }[33m;[31m
 [90m 1488 |[31m [36mexport[31m [36mdefault[31m [33mTerritoriosPaisesView[31m[33m;[31m[0m[39m
  Plugin: [35mvite:react-babel[39m
  File: [36mD:/Projetos/Mano calos projetos/VILA/Vila 2/src/components/admin/TerritoriosPaisesView.tsx[39m:1485:10
[33m  1483|          </div>
  1484|        )}
  1485|      </div>
     |            ^
  1486|    );
  1487|  };[39m
      at constructor (D:\Projetos\Mano calos projetos\VILA\Vila 2\node_modules\@babel\parser\lib\index.js:369:19)
      at TypeScriptParserMixin.raise (D:\Projetos\Mano calos projetos\VILA\Vila 2\node_modules\@babel\parser\lib\index.js:6622:19)
      at TypeScriptParserMixin.jsxReadToken (D:\Projetos\Mano calos projetos\VILA\Vila 2\node_modules\@babel\parser\lib\index.js:4466:20)
      at TypeScriptParserMixin.getTokenFromCode (D:\Projetos\Mano calos projetos\VILA\Vila 2\node_modules\@babel\parser\lib\index.js:4792:12)
      at TypeScriptParserMixin.getTokenFromCode (D:\Projetos\Mano calos projetos\VILA\Vila 2\node_modules\@babel\parser\lib\index.js:10010:11)
      at TypeScriptParserMixin.nextToken (D:\Projetos\Mano calos projetos\VILA\Vila 2\node_modules\@babel\parser\lib\index.js:5805:10)
      at TypeScriptParserMixin.next (D:\Projetos\Mano calos projetos\VILA\Vila 2\node_modules\@babel\parser\lib\index.js:5715:10)
      at TypeScriptParserMixin.eat (D:\Projetos\Mano calos projetos\VILA\Vila 2\node_modules\@babel\parser\lib\index.js:5719:12)
      at TypeScriptParserMixin.expect (D:\Projetos\Mano calos projetos\VILA\Vila 2\node_modules\@babel\parser\lib\index.js:6921:15)
      at TypeScriptParserMixin.jsxParseClosingElementAt (D:\Projetos\Mano calos projetos\VILA\Vila 2\node_modules\@babel\parser\lib\index.js:4698:10)
      at TypeScriptParserMixin.jsxParseElementAt (D:\Projetos\Mano calos projetos\VILA\Vila 2\node_modules\@babel\parser\lib\index.js:4713:37)
      at TypeScriptParserMixin.jsxParseElementAt (D:\Projetos\Mano calos projetos\VILA\Vila 2\node_modules\@babel\parser\lib\index.js:4716:32)
      at TypeScriptParserMixin.jsxParseElement (D:\Projetos\Mano calos projetos\VILA\Vila 2\node_modules\@babel\parser\lib\index.js:4767:17)
      at TypeScriptParserMixin.parseExprAtom (D:\Projetos\Mano calos projetos\VILA\Vila 2\node_modules\@babel\parser\lib\index.js:4777:19)
      at TypeScriptParserMixin.parseExprSubscripts (D:\Projetos\Mano calos projetos\VILA\Vila 2\node_modules\@babel\parser\lib\index.js:11107:23)
      at TypeScriptParserMixin.parseUpdate (D:\Projetos\Mano calos projetos\VILA\Vila 2\node_modules\@babel\parser\lib\index.js:11092:21)
      at TypeScriptParserMixin.parseMaybeUnary (D:\Projetos\Mano calos projetos\VILA\Vila 2\node_modules\@babel\parser\lib\index.js:11072:23)
      at TypeScriptParserMixin.parseMaybeUnary (D:\Projetos\Mano calos projetos\VILA\Vila 2\node_modules\@babel\parser\lib\index.js:9860:18)
      at TypeScriptParserMixin.parseMaybeUnaryOrPrivate (D:\Projetos\Mano calos projetos\VILA\Vila 2\node_modules\@babel\parser\lib\index.js:10925:61)
      at TypeScriptParserMixin.parseExprOps (D:\Projetos\Mano calos projetos\VILA\Vila 2\node_modules\@babel\parser\lib\index.js:10930:23)
      at TypeScriptParserMixin.parseMaybeConditional (D:\Projetos\Mano calos projetos\VILA\Vila 2\node_modules\@babel\parser\lib\index.js:10907:23)
      at TypeScriptParserMixin.parseMaybeAssign (D:\Projetos\Mano calos projetos\VILA\Vila 2\node_modules\@babel\parser\lib\index.js:10857:21)
      at D:\Projetos\Mano calos projetos\VILA\Vila 2\node_modules\@babel\parser\lib\index.js:9798:39
      at TypeScriptParserMixin.tryParse (D:\Projetos\Mano calos projetos\VILA\Vila 2\node_modules\@babel\parser\lib\index.js:6930:20)
      at TypeScriptParserMixin.parseMaybeAssign (D:\Projetos\Mano calos projetos\VILA\Vila 2\node_modules\@babel\parser\lib\index.js:9798:18)
      at D:\Projetos\Mano calos projetos\VILA\Vila 2\node_modules\@babel\parser\lib\index.js:10826:39
      at TypeScriptParserMixin.allowInAnd (D:\Projetos\Mano calos projetos\VILA\Vila 2\node_modules\@babel\parser\lib\index.js:12460:12)
      at TypeScriptParserMixin.parseMaybeAssignAllowIn (D:\Projetos\Mano calos projetos\VILA\Vila 2\node_modules\@babel\parser\lib\index.js:10826:17)
      at TypeScriptParserMixin.parseMaybeAssignAllowInOrVoidPattern (D:\Projetos\Mano calos projetos\VILA\Vila 2\node_modules\@babel\parser\lib\index.js:12527:17)
      at TypeScriptParserMixin.parseParenAndDistinguishExpression (D:\Projetos\Mano calos projetos\VILA\Vila 2\node_modules\@babel\parser\lib\index.js:11706:28)
      at TypeScriptParserMixin.parseExprAtom (D:\Projetos\Mano calos projetos\VILA\Vila 2\node_modules\@babel\parser\lib\index.js:11362:23)
      at TypeScriptParserMixin.parseExprAtom (D:\Projetos\Mano calos projetos\VILA\Vila 2\node_modules\@babel\parser\lib\index.js:4782:20)
      at TypeScriptParserMixin.parseExprSubscripts (D:\Projetos\Mano calos projetos\VILA\Vila 2\node_modules\@babel\parser\lib\index.js:11107:23)
      at TypeScriptParserMixin.parseUpdate (D:\Projetos\Mano calos projetos\VILA\Vila 2\node_modules\@babel\parser\lib\index.js:11092:21)
      at TypeScriptParserMixin.parseMaybeUnary (D:\Projetos\Mano calos projetos\VILA\Vila 2\node_modules\@babel\parser\lib\index.js:11072:23)
      at TypeScriptParserMixin.parseMaybeUnary (D:\Projetos\Mano calos projetos\VILA\Vila 2\node_modules\@babel\parser\lib\index.js:9860:18)
      at TypeScriptParserMixin.parseMaybeUnaryOrPrivate (D:\Projetos\Mano calos projetos\VILA\Vila 2\node_modules\@babel\parser\lib\index.js:10925:61)
      at TypeScriptParserMixin.parseExprOps (D:\Projetos\Mano calos projetos\VILA\Vila 2\node_modules\@babel\parser\lib\index.js:10930:23)
      at TypeScriptParserMixin.parseMaybeConditional (D:\Projetos\Mano calos projetos\VILA\Vila 2\node_modules\@babel\parser\lib\index.js:10907:23)
      at TypeScriptParserMixin.parseMaybeAssign (D:\Projetos\Mano calos projetos\VILA\Vila 2\node_modules\@babel\parser\lib\index.js:10857:21)
      at TypeScriptParserMixin.parseMaybeAssign (D:\Projetos\Mano calos projetos\VILA\Vila 2\node_modules\@babel\parser\lib\index.js:9809:20)
      at TypeScriptParserMixin.parseExpressionBase (D:\Projetos\Mano calos projetos\VILA\Vila 2\node_modules\@babel\parser\lib\index.js:10810:23)
      at D:\Projetos\Mano calos projetos\VILA\Vila 2\node_modules\@babel\parser\lib\index.js:10806:39
      at TypeScriptParserMixin.allowInAnd (D:\Projetos\Mano calos projetos\VILA\Vila 2\node_modules\@babel\parser\lib\index.js:12455:16)
      at TypeScriptParserMixin.parseExpression (D:\Projetos\Mano calos projetos\VILA\Vila 2\node_modules\@babel\parser\lib\index.js:10806:17)
      at TypeScriptParserMixin.parseReturnStatement (D:\Projetos\Mano calos projetos\VILA\Vila 2\node_modules\@babel\parser\lib\index.js:13176:28)
      at TypeScriptParserMixin.parseStatementContent (D:\Projetos\Mano calos projetos\VILA\Vila 2\node_modules\@babel\parser\lib\index.js:12832:21)
      at TypeScriptParserMixin.parseStatementContent (D:\Projetos\Mano calos projetos\VILA\Vila 2\node_modules\@babel\parser\lib\index.js:9531:18)
      at TypeScriptParserMixin.parseStatementLike (D:\Projetos\Mano calos projetos\VILA\Vila 2\node_modules\@babel\parser\lib\index.js:12801:17)
      at TypeScriptParserMixin.parseStatementListItem (D:\Projetos\Mano calos projetos\VILA\Vila 2\node_modules\@babel\parser\lib\index.js:12781:17)
[2m18:20:13[22m [31m[1m[vite][22m[39m [31mInternal server error: D:\Projetos\Mano calos projetos\VILA\Vila 2\src\components\admin\TerritoriosPaisesView.tsx: Unterminated JSX contents. (1485:10)

[0m [90m 1483 |[31m         [33m<[31m[33m/[31m[33mdiv[31m[33m>[31m
 [90m 1484 |[31m       )}
[31m[1m>[22m[31m[90m 1485 |[31m     [33m<[31m[33m/[31m[33mdiv[31m[33m>[31m
 [90m      |[31m           [31m[1m^[22m[31m
 [90m 1486 |[31m   )[33m;[31m
 [90m 1487 |[31m }[33m;[31m
 [90m 1488 |[31m [36mexport[31m [36mdefault[31m [33mTerritoriosPaisesView[31m[33m;[31m[0m[39m
  Plugin: [35mvite:react-babel[39m
  File: [36mD:/Projetos/Mano calos projetos/VILA/Vila 2/src/components/admin/TerritoriosPaisesView.tsx[39m:1485:10
[33m  1483|          </div>
  1484|        )}
  1485|      </div>
     |            ^
  1486|    );
  1487|  };[39m
      at constructor (D:\Projetos\Mano calos projetos\VILA\Vila 2\node_modules\@babel\parser\lib\index.js:369:19)
      at TypeScriptParserMixin.raise (D:\Projetos\Mano calos projetos\VILA\Vila 2\node_modules\@babel\parser\lib\index.js:6622:19)
      at TypeScriptParserMixin.jsxReadToken (D:\Projetos\Mano calos projetos\VILA\Vila 2\node_modules\@babel\parser\lib\index.js:4466:20)
      at TypeScriptParserMixin.getTokenFromCode (D:\Projetos\Mano calos projetos\VILA\Vila 2\node_modules\@babel\parser\lib\index.js:4792:12)
      at TypeScriptParserMixin.getTokenFromCode (D:\Projetos\Mano calos projetos\VILA\Vila 2\node_modules\@babel\parser\lib\index.js:10010:11)
      at TypeScriptParserMixin.nextToken (D:\Projetos\Mano calos projetos\VILA\Vila 2\node_modules\@babel\parser\lib\index.js:5805:10)
      at TypeScriptParserMixin.next (D:\Projetos\Mano calos projetos\VILA\Vila 2\node_modules\@babel\parser\lib\index.js:5715:10)
      at TypeScriptParserMixin.eat (D:\Projetos\Mano calos projetos\VILA\Vila 2\node_modules\@babel\parser\lib\index.js:5719:12)
      at TypeScriptParserMixin.expect (D:\Projetos\Mano calos projetos\VILA\Vila 2\node_modules\@babel\parser\lib\index.js:6921:15)
      at TypeScriptParserMixin.jsxParseClosingElementAt (D:\Projetos\Mano calos projetos\VILA\Vila 2\node_modules\@babel\parser\lib\index.js:4698:10)
      at TypeScriptParserMixin.jsxParseElementAt (D:\Projetos\Mano calos projetos\VILA\Vila 2\node_modules\@babel\parser\lib\index.js:4713:37)
      at TypeScriptParserMixin.jsxParseElementAt (D:\Projetos\Mano calos projetos\VILA\Vila 2\node_modules\@babel\parser\lib\index.js:4716:32)
      at TypeScriptParserMixin.jsxParseElement (D:\Projetos\Mano calos projetos\VILA\Vila 2\node_modules\@babel\parser\lib\index.js:4767:17)
      at TypeScriptParserMixin.parseExprAtom (D:\Projetos\Mano calos projetos\VILA\Vila 2\node_modules\@babel\parser\lib\index.js:4777:19)
      at TypeScriptParserMixin.parseExprSubscripts (D:\Projetos\Mano calos projetos\VILA\Vila 2\node_modules\@babel\parser\lib\index.js:11107:23)
      at TypeScriptParserMixin.parseUpdate (D:\Projetos\Mano calos projetos\VILA\Vila 2\node_modules\@babel\parser\lib\index.js:11092:21)
      at TypeScriptParserMixin.parseMaybeUnary (D:\Projetos\Mano calos projetos\VILA\Vila 2\node_modules\@babel\parser\lib\index.js:11072:23)
      at TypeScriptParserMixin.parseMaybeUnary (D:\Projetos\Mano calos projetos\VILA\Vila 2\node_modules\@babel\parser\lib\index.js:9860:18)
      at TypeScriptParserMixin.parseMaybeUnaryOrPrivate (D:\Projetos\Mano calos projetos\VILA\Vila 2\node_modules\@babel\parser\lib\index.js:10925:61)
      at TypeScriptParserMixin.parseExprOps (D:\Projetos\Mano calos projetos\VILA\Vila 2\node_modules\@babel\parser\lib\index.js:10930:23)
      at TypeScriptParserMixin.parseMaybeConditional (D:\Projetos\Mano calos projetos\VILA\Vila 2\node_modules\@babel\parser\lib\index.js:10907:23)
      at TypeScriptParserMixin.parseMaybeAssign (D:\Projetos\Mano calos projetos\VILA\Vila 2\node_modules\@babel\parser\lib\index.js:10857:21)
      at D:\Projetos\Mano calos projetos\VILA\Vila 2\node_modules\@babel\parser\lib\index.js:9798:39
      at TypeScriptParserMixin.tryParse (D:\Projetos\Mano calos projetos\VILA\Vila 2\node_modules\@babel\parser\lib\index.js:6930:20)
      at TypeScriptParserMixin.parseMaybeAssign (D:\Projetos\Mano calos projetos\VILA\Vila 2\node_modules\@babel\parser\lib\index.js:9798:18)
      at D:\Projetos\Mano calos projetos\VILA\Vila 2\node_modules\@babel\parser\lib\index.js:10826:39
      at TypeScriptParserMixin.allowInAnd (D:\Projetos\Mano calos projetos\VILA\Vila 2\node_modules\@babel\parser\lib\index.js:12460:12)
      at TypeScriptParserMixin.parseMaybeAssignAllowIn (D:\Projetos\Mano calos projetos\VILA\Vila 2\node_modules\@babel\parser\lib\index.js:10826:17)
      at TypeScriptParserMixin.parseMaybeAssignAllowInOrVoidPattern (D:\Projetos\Mano calos projetos\VILA\Vila 2\node_modules\@babel\parser\lib\index.js:12527:17)
      at TypeScriptParserMixin.parseParenAndDistinguishExpression (D:\Projetos\Mano calos projetos\VILA\Vila 2\node_modules\@babel\parser\lib\index.js:11706:28)
      at TypeScriptParserMixin.parseExprAtom (D:\Projetos\Mano calos projetos\VILA\Vila 2\node_modules\@babel\parser\lib\index.js:11362:23)
      at TypeScriptParserMixin.parseExprAtom (D:\Projetos\Mano calos projetos\VILA\Vila 2\node_modules\@babel\parser\lib\index.js:4782:20)
      at TypeScriptParserMixin.parseExprSubscripts (D:\Projetos\Mano calos projetos\VILA\Vila 2\node_modules\@babel\parser\lib\index.js:11107:23)
      at TypeScriptParserMixin.parseUpdate (D:\Projetos\Mano calos projetos\VILA\Vila 2\node_modules\@babel\parser\lib\index.js:11092:21)
      at TypeScriptParserMixin.parseMaybeUnary (D:\Projetos\Mano calos projetos\VILA\Vila 2\node_modules\@babel\parser\lib\index.js:11072:23)
      at TypeScriptParserMixin.parseMaybeUnary (D:\Projetos\Mano calos projetos\VILA\Vila 2\node_modules\@babel\parser\lib\index.js:9860:18)
      at TypeScriptParserMixin.parseMaybeUnaryOrPrivate (D:\Projetos\Mano calos projetos\VILA\Vila 2\node_modules\@babel\parser\lib\index.js:10925:61)
      at TypeScriptParserMixin.parseExprOps (D:\Projetos\Mano calos projetos\VILA\Vila 2\node_modules\@babel\parser\lib\index.js:10930:23)
      at TypeScriptParserMixin.parseMaybeConditional (D:\Projetos\Mano calos projetos\VILA\Vila 2\node_modules\@babel\parser\lib\index.js:10907:23)
      at TypeScriptParserMixin.parseMaybeAssign (D:\Projetos\Mano calos projetos\VILA\Vila 2\node_modules\@babel\parser\lib\index.js:10857:21)
      at TypeScriptParserMixin.parseMaybeAssign (D:\Projetos\Mano calos projetos\VILA\Vila 2\node_modules\@babel\parser\lib\index.js:9809:20)
      at TypeScriptParserMixin.parseExpressionBase (D:\Projetos\Mano calos projetos\VILA\Vila 2\node_modules\@babel\parser\lib\index.js:10810:23)
      at D:\Projetos\Mano calos projetos\VILA\Vila 2\node_modules\@babel\parser\lib\index.js:10806:39
      at TypeScriptParserMixin.allowInAnd (D:\Projetos\Mano calos projetos\VILA\Vila 2\node_modules\@babel\parser\lib\index.js:12455:16)
      at TypeScriptParserMixin.parseExpression (D:\Projetos\Mano calos projetos\VILA\Vila 2\node_modules\@babel\parser\lib\index.js:10806:17)
      at TypeScriptParserMixin.parseReturnStatement (D:\Projetos\Mano calos projetos\VILA\Vila 2\node_modules\@babel\parser\lib\index.js:13176:28)
      at TypeScriptParserMixin.parseStatementContent (D:\Projetos\Mano calos projetos\VILA\Vila 2\node_modules\@babel\parser\lib\index.js:12832:21)
      at TypeScriptParserMixin.parseStatementContent (D:\Projetos\Mano calos projetos\VILA\Vila 2\node_modules\@babel\parser\lib\index.js:9531:18)
      at TypeScriptParserMixin.parseStatementLike (D:\Projetos\Mano calos projetos\VILA\Vila 2\node_modules\@babel\parser\lib\index.js:12801:17)
      at TypeScriptParserMixin.parseStatementListItem (D:\Projetos\Mano calos projetos\VILA\Vila 2\node_modules\@babel\parser\lib\index.js:12781:17)
[2m18:20:13[22m [31m[1m[vite][22m[39m [31mInternal server error: D:\Projetos\Mano calos projetos\VILA\Vila 2\src\components\admin\TerritoriosPaisesView.tsx: Unterminated JSX contents. (1485:10)

[0m [90m 1483 |[31m         [33m<[31m[33m/[31m[33mdiv[31m[33m>[31m
 [90m 1484 |[31m       )}
[31m[1m>[22m[31m[90m 1485 |[31m     [33m<[31m[33m/[31m[33mdiv[31m[33m>[31m
 [90m      |[31m           [31m[1m^[22m[31m
 [90m 1486 |[31m   )[33m;[31m
 [90m 1487 |[31m }[33m;[31m
 [90m 1488 |[31m [36mexport[31m [36mdefault[31m [33mTerritoriosPaisesView[31m[33m;[31m[0m[39m
  Plugin: [35mvite:react-babel[39m
  File: [36mD:/Projetos/Mano calos projetos/VILA/Vila 2/src/components/admin/TerritoriosPaisesView.tsx[39m:1485:10
[33m  1483|          </div>
  1484|        )}
  1485|      </div>
     |            ^
  1486|    );
  1487|  };[39m
      at constructor (D:\Projetos\Mano calos projetos\VILA\Vila 2\node_modules\@babel\parser\lib\index.js:369:19)
      at TypeScriptParserMixin.raise (D:\Projetos\Mano calos projetos\VILA\Vila 2\node_modules\@babel\parser\lib\index.js:6622:19)
      at TypeScriptParserMixin.jsxReadToken (D:\Projetos\Mano calos projetos\VILA\Vila 2\node_modules\@babel\parser\lib\index.js:4466:20)
      at TypeScriptParserMixin.getTokenFromCode (D:\Projetos\Mano calos projetos\VILA\Vila 2\node_modules\@babel\parser\lib\index.js:4792:12)
      at TypeScriptParserMixin.getTokenFromCode (D:\Projetos\Mano calos projetos\VILA\Vila 2\node_modules\@babel\parser\lib\index.js:10010:11)
      at TypeScriptParserMixin.nextToken (D:\Projetos\Mano calos projetos\VILA\Vila 2\node_modules\@babel\parser\lib\index.js:5805:10)
      at TypeScriptParserMixin.next (D:\Projetos\Mano calos projetos\VILA\Vila 2\node_modules\@babel\parser\lib\index.js:5715:10)
      at TypeScriptParserMixin.eat (D:\Projetos\Mano calos projetos\VILA\Vila 2\node_modules\@babel\parser\lib\index.js:5719:12)
      at TypeScriptParserMixin.expect (D:\Projetos\Mano calos projetos\VILA\Vila 2\node_modules\@babel\parser\lib\index.js:6921:15)
      at TypeScriptParserMixin.jsxParseClosingElementAt (D:\Projetos\Mano calos projetos\VILA\Vila 2\node_modules\@babel\parser\lib\index.js:4698:10)
      at TypeScriptParserMixin.jsxParseElementAt (D:\Projetos\Mano calos projetos\VILA\Vila 2\node_modules\@babel\parser\lib\index.js:4713:37)
      at TypeScriptParserMixin.jsxParseElementAt (D:\Projetos\Mano calos projetos\VILA\Vila 2\node_modules\@babel\parser\lib\index.js:4716:32)
      at TypeScriptParserMixin.jsxParseElement (D:\Projetos\Mano calos projetos\VILA\Vila 2\node_modules\@babel\parser\lib\index.js:4767:17)
      at TypeScriptParserMixin.parseExprAtom (D:\Projetos\Mano calos projetos\VILA\Vila 2\node_modules\@babel\parser\lib\index.js:4777:19)
      at TypeScriptParserMixin.parseExprSubscripts (D:\Projetos\Mano calos projetos\VILA\Vila 2\node_modules\@babel\parser\lib\index.js:11107:23)
      at TypeScriptParserMixin.parseUpdate (D:\Projetos\Mano calos projetos\VILA\Vila 2\node_modules\@babel\parser\lib\index.js:11092:21)
      at TypeScriptParserMixin.parseMaybeUnary (D:\Projetos\Mano calos projetos\VILA\Vila 2\node_modules\@babel\parser\lib\index.js:11072:23)
      at TypeScriptParserMixin.parseMaybeUnary (D:\Projetos\Mano calos projetos\VILA\Vila 2\node_modules\@babel\parser\lib\index.js:9860:18)
      at TypeScriptParserMixin.parseMaybeUnaryOrPrivate (D:\Projetos\Mano calos projetos\VILA\Vila 2\node_modules\@babel\parser\lib\index.js:10925:61)
      at TypeScriptParserMixin.parseExprOps (D:\Projetos\Mano calos projetos\VILA\Vila 2\node_modules\@babel\parser\lib\index.js:10930:23)
      at TypeScriptParserMixin.parseMaybeConditional (D:\Projetos\Mano calos projetos\VILA\Vila 2\node_modules\@babel\parser\lib\index.js:10907:23)
      at TypeScriptParserMixin.parseMaybeAssign (D:\Projetos\Mano calos projetos\VILA\Vila 2\node_modules\@babel\parser\lib\index.js:10857:21)
      at D:\Projetos\Mano calos projetos\VILA\Vila 2\node_modules\@babel\parser\lib\index.js:9798:39
      at TypeScriptParserMixin.tryParse (D:\Projetos\Mano calos projetos\VILA\Vila 2\node_modules\@babel\parser\lib\index.js:6930:20)
      at TypeScriptParserMixin.parseMaybeAssign (D:\Projetos\Mano calos projetos\VILA\Vila 2\node_modules\@babel\parser\lib\index.js:9798:18)
      at D:\Projetos\Mano calos projetos\VILA\Vila 2\node_modules\@babel\parser\lib\index.js:10826:39
      at TypeScriptParserMixin.allowInAnd (D:\Projetos\Mano calos projetos\VILA\Vila 2\node_modules\@babel\parser\lib\index.js:12460:12)
      at TypeScriptParserMixin.parseMaybeAssignAllowIn (D:\Projetos\Mano calos projetos\VILA\Vila 2\node_modules\@babel\parser\lib\index.js:10826:17)
      at TypeScriptParserMixin.parseMaybeAssignAllowInOrVoidPattern (D:\Projetos\Mano calos projetos\VILA\Vila 2\node_modules\@babel\parser\lib\index.js:12527:17)
      at TypeScriptParserMixin.parseParenAndDistinguishExpression (D:\Projetos\Mano calos projetos\VILA\Vila 2\node_modules\@babel\parser\lib\index.js:11706:28)
      at TypeScriptParserMixin.parseExprAtom (D:\Projetos\Mano calos projetos\VILA\Vila 2\node_modules\@babel\parser\lib\index.js:11362:23)
      at TypeScriptParserMixin.parseExprAtom (D:\Projetos\Mano calos projetos\VILA\Vila 2\node_modules\@babel\parser\lib\index.js:4782:20)
      at TypeScriptParserMixin.parseExprSubscripts (D:\Projetos\Mano calos projetos\VILA\Vila 2\node_modules\@babel\parser\lib\index.js:11107:23)
      at TypeScriptParserMixin.parseUpdate (D:\Projetos\Mano calos projetos\VILA\Vila 2\node_modules\@babel\parser\lib\index.js:11092:21)
      at TypeScriptParserMixin.parseMaybeUnary (D:\Projetos\Mano calos projetos\VILA\Vila 2\node_modules\@babel\parser\lib\index.js:11072:23)
      at TypeScriptParserMixin.parseMaybeUnary (D:\Projetos\Mano calos projetos\VILA\Vila 2\node_modules\@babel\parser\lib\index.js:9860:18)
      at TypeScriptParserMixin.parseMaybeUnaryOrPrivate (D:\Projetos\Mano calos projetos\VILA\Vila 2\node_modules\@babel\parser\lib\index.js:10925:61)
      at TypeScriptParserMixin.parseExprOps (D:\Projetos\Mano calos projetos\VILA\Vila 2\node_modules\@babel\parser\lib\index.js:10930:23)
      at TypeScriptParserMixin.parseMaybeConditional (D:\Projetos\Mano calos projetos\VILA\Vila 2\node_modules\@babel\parser\lib\index.js:10907:23)
      at TypeScriptParserMixin.parseMaybeAssign (D:\Projetos\Mano calos projetos\VILA\Vila 2\node_modules\@babel\parser\lib\index.js:10857:21)
      at TypeScriptParserMixin.parseMaybeAssign (D:\Projetos\Mano calos projetos\VILA\Vila 2\node_modules\@babel\parser\lib\index.js:9809:20)
      at TypeScriptParserMixin.parseExpressionBase (D:\Projetos\Mano calos projetos\VILA\Vila 2\node_modules\@babel\parser\lib\index.js:10810:23)
      at D:\Projetos\Mano calos projetos\VILA\Vila 2\node_modules\@babel\parser\lib\index.js:10806:39
      at TypeScriptParserMixin.allowInAnd (D:\Projetos\Mano calos projetos\VILA\Vila 2\node_modules\@babel\parser\lib\index.js:12455:16)
      at TypeScriptParserMixin.parseExpression (D:\Projetos\Mano calos projetos\VILA\Vila 2\node_modules\@babel\parser\lib\index.js:10806:17)
      at TypeScriptParserMixin.parseReturnStatement (D:\Projetos\Mano calos projetos\VILA\Vila 2\node_modules\@babel\parser\lib\index.js:13176:28)
      at TypeScriptParserMixin.parseStatementContent (D:\Projetos\Mano calos projetos\VILA\Vila 2\node_modules\@babel\parser\lib\index.js:12832:21)
      at TypeScriptParserMixin.parseStatementContent (D:\Projetos\Mano calos projetos\VILA\Vila 2\node_modules\@babel\parser\lib\index.js:9531:18)
      at TypeScriptParserMixin.parseStatementLike (D:\Projetos\Mano calos projetos\VILA\Vila 2\node_modules\@babel\parser\lib\index.js:12801:17)
      at TypeScriptParserMixin.parseStatementListItem (D:\Projetos\Mano calos projetos\VILA\Vila 2\node_modules\@babel\parser\lib\index.js:12781:17)
[2m20:10:27[22m [31m[1m[vite][22m[39m [31mInternal server error: D:\Projetos\Mano calos projetos\VILA\Vila 2\src\components\WorldMap.tsx: Adjacent JSX elements must be wrapped in an enclosing tag. Did you want a JSX fragment <>...</>? (575:10)

[0m [90m 573 |[31m             [33m<[31m[33m/[31m[33mdiv[31m[33m>[31m
 [90m 574 |[31m           [33m<[31m[33m/[31m[33mdiv[31m[33m>[31m
[31m[1m>[22m[31m[90m 575 |[31m           [33m<[31m[33m/[31m[33mdiv[31m[33m>[31m
 [90m     |[31m           [31m[1m^[22m[31m
 [90m 576 |[31m         )}
 [90m 577 |[31m       [33m<[31m[33m/[31m[33mdiv[31m[33m>[31m
 [90m 578 |[31m[0m[39m
  Plugin: [35mvite:react-babel[39m
  File: [36mD:/Projetos/Mano calos projetos/VILA/Vila 2/src/components/WorldMap.tsx[39m:575:10
[33m  573|              </div>
  574|            </div>
  575|            </div>
     |            ^
  576|          )}
  577|        </div>[39m
      at constructor (D:\Projetos\Mano calos projetos\VILA\Vila 2\node_modules\@babel\parser\lib\index.js:369:19)
      at TypeScriptParserMixin.raise (D:\Projetos\Mano calos projetos\VILA\Vila 2\node_modules\@babel\parser\lib\index.js:6622:19)
      at TypeScriptParserMixin.jsxParseElementAt (D:\Projetos\Mano calos projetos\VILA\Vila 2\node_modules\@babel\parser\lib\index.js:4760:18)
      at TypeScriptParserMixin.jsxParseElement (D:\Projetos\Mano calos projetos\VILA\Vila 2\node_modules\@babel\parser\lib\index.js:4767:17)
      at TypeScriptParserMixin.parseExprAtom (D:\Projetos\Mano calos projetos\VILA\Vila 2\node_modules\@babel\parser\lib\index.js:4777:19)
      at TypeScriptParserMixin.parseExprSubscripts (D:\Projetos\Mano calos projetos\VILA\Vila 2\node_modules\@babel\parser\lib\index.js:11107:23)
      at TypeScriptParserMixin.parseUpdate (D:\Projetos\Mano calos projetos\VILA\Vila 2\node_modules\@babel\parser\lib\index.js:11092:21)
      at TypeScriptParserMixin.parseMaybeUnary (D:\Projetos\Mano calos projetos\VILA\Vila 2\node_modules\@babel\parser\lib\index.js:11072:23)
      at TypeScriptParserMixin.parseMaybeUnary (D:\Projetos\Mano calos projetos\VILA\Vila 2\node_modules\@babel\parser\lib\index.js:9860:18)
      at TypeScriptParserMixin.parseMaybeUnaryOrPrivate (D:\Projetos\Mano calos projetos\VILA\Vila 2\node_modules\@babel\parser\lib\index.js:10925:61)
      at TypeScriptParserMixin.parseExprOps (D:\Projetos\Mano calos projetos\VILA\Vila 2\node_modules\@babel\parser\lib\index.js:10930:23)
      at TypeScriptParserMixin.parseMaybeConditional (D:\Projetos\Mano calos projetos\VILA\Vila 2\node_modules\@babel\parser\lib\index.js:10907:23)
      at TypeScriptParserMixin.parseMaybeAssign (D:\Projetos\Mano calos projetos\VILA\Vila 2\node_modules\@babel\parser\lib\index.js:10857:21)
      at D:\Projetos\Mano calos projetos\VILA\Vila 2\node_modules\@babel\parser\lib\index.js:9798:39
      at TypeScriptParserMixin.tryParse (D:\Projetos\Mano calos projetos\VILA\Vila 2\node_modules\@babel\parser\lib\index.js:6930:20)
      at TypeScriptParserMixin.parseMaybeAssign (D:\Projetos\Mano calos projetos\VILA\Vila 2\node_modules\@babel\parser\lib\index.js:9798:18)
      at D:\Projetos\Mano calos projetos\VILA\Vila 2\node_modules\@babel\parser\lib\index.js:10826:39
      at TypeScriptParserMixin.allowInAnd (D:\Projetos\Mano calos projetos\VILA\Vila 2\node_modules\@babel\parser\lib\index.js:12460:12)
      at TypeScriptParserMixin.parseMaybeAssignAllowIn (D:\Projetos\Mano calos projetos\VILA\Vila 2\node_modules\@babel\parser\lib\index.js:10826:17)
      at TypeScriptParserMixin.parseMaybeAssignAllowInOrVoidPattern (D:\Projetos\Mano calos projetos\VILA\Vila 2\node_modules\@babel\parser\lib\index.js:12527:17)
      at TypeScriptParserMixin.parseParenAndDistinguishExpression (D:\Projetos\Mano calos projetos\VILA\Vila 2\node_modules\@babel\parser\lib\index.js:11706:28)
      at TypeScriptParserMixin.parseExprAtom (D:\Projetos\Mano calos projetos\VILA\Vila 2\node_modules\@babel\parser\lib\index.js:11362:23)
      at TypeScriptParserMixin.parseExprAtom (D:\Projetos\Mano calos projetos\VILA\Vila 2\node_modules\@babel\parser\lib\index.js:4782:20)
      at TypeScriptParserMixin.parseExprSubscripts (D:\Projetos\Mano calos projetos\VILA\Vila 2\node_modules\@babel\parser\lib\index.js:11107:23)
      at TypeScriptParserMixin.parseUpdate (D:\Projetos\Mano calos projetos\VILA\Vila 2\node_modules\@babel\parser\lib\index.js:11092:21)
      at TypeScriptParserMixin.parseMaybeUnary (D:\Projetos\Mano calos projetos\VILA\Vila 2\node_modules\@babel\parser\lib\index.js:11072:23)
      at TypeScriptParserMixin.parseMaybeUnary (D:\Projetos\Mano calos projetos\VILA\Vila 2\node_modules\@babel\parser\lib\index.js:9860:18)
      at TypeScriptParserMixin.parseMaybeUnaryOrPrivate (D:\Projetos\Mano calos projetos\VILA\Vila 2\node_modules\@babel\parser\lib\index.js:10925:61)
      at TypeScriptParserMixin.parseExprOpBaseRightExpr (D:\Projetos\Mano calos projetos\VILA\Vila 2\node_modules\@babel\parser\lib\index.js:11012:34)
      at TypeScriptParserMixin.parseExprOpRightExpr (D:\Projetos\Mano calos projetos\VILA\Vila 2\node_modules\@babel\parser\lib\index.js:11007:21)
      at TypeScriptParserMixin.parseExprOp (D:\Projetos\Mano calos projetos\VILA\Vila 2\node_modules\@babel\parser\lib\index.js:10973:27)
      at TypeScriptParserMixin.parseExprOp (D:\Projetos\Mano calos projetos\VILA\Vila 2\node_modules\@babel\parser\lib\index.js:9329:18)
      at TypeScriptParserMixin.parseExprOps (D:\Projetos\Mano calos projetos\VILA\Vila 2\node_modules\@babel\parser\lib\index.js:10934:17)
      at TypeScriptParserMixin.parseMaybeConditional (D:\Projetos\Mano calos projetos\VILA\Vila 2\node_modules\@babel\parser\lib\index.js:10907:23)
      at TypeScriptParserMixin.parseMaybeAssign (D:\Projetos\Mano calos projetos\VILA\Vila 2\node_modules\@babel\parser\lib\index.js:10857:21)
      at TypeScriptParserMixin.parseMaybeAssign (D:\Projetos\Mano calos projetos\VILA\Vila 2\node_modules\@babel\parser\lib\index.js:9809:20)
      at TypeScriptParserMixin.parseExpressionBase (D:\Projetos\Mano calos projetos\VILA\Vila 2\node_modules\@babel\parser\lib\index.js:10810:23)
      at D:\Projetos\Mano calos projetos\VILA\Vila 2\node_modules\@babel\parser\lib\index.js:10806:39
      at TypeScriptParserMixin.allowInAnd (D:\Projetos\Mano calos projetos\VILA\Vila 2\node_modules\@babel\parser\lib\index.js:12460:12)
      at TypeScriptParserMixin.parseExpression (D:\Projetos\Mano calos projetos\VILA\Vila 2\node_modules\@babel\parser\lib\index.js:10806:17)
      at TypeScriptParserMixin.jsxParseExpressionContainer (D:\Projetos\Mano calos projetos\VILA\Vila 2\node_modules\@babel\parser\lib\index.js:4650:31)
      at TypeScriptParserMixin.jsxParseElementAt (D:\Projetos\Mano calos projetos\VILA\Vila 2\node_modules\@babel\parser\lib\index.js:4729:36)
      at TypeScriptParserMixin.jsxParseElementAt (D:\Projetos\Mano calos projetos\VILA\Vila 2\node_modules\@babel\parser\lib\index.js:4716:32)
      at TypeScriptParserMixin.jsxParseElement (D:\Projetos\Mano calos projetos\VILA\Vila 2\node_modules\@babel\parser\lib\index.js:4767:17)
      at TypeScriptParserMixin.parseExprAtom (D:\Projetos\Mano calos projetos\VILA\Vila 2\node_modules\@babel\parser\lib\index.js:4777:19)
      at TypeScriptParserMixin.parseExprSubscripts (D:\Projetos\Mano calos projetos\VILA\Vila 2\node_modules\@babel\parser\lib\index.js:11107:23)
      at TypeScriptParserMixin.parseUpdate (D:\Projetos\Mano calos projetos\VILA\Vila 2\node_modules\@babel\parser\lib\index.js:11092:21)
      at TypeScriptParserMixin.parseMaybeUnary (D:\Projetos\Mano calos projetos\VILA\Vila 2\node_modules\@babel\parser\lib\index.js:11072:23)
      at TypeScriptParserMixin.parseMaybeUnary (D:\Projetos\Mano calos projetos\VILA\Vila 2\node_modules\@babel\parser\lib\index.js:9860:18)
      at TypeScriptParserMixin.parseMaybeUnaryOrPrivate (D:\Projetos\Mano calos projetos\VILA\Vila 2\node_modules\@babel\parser\lib\index.js:10925:61)
[2m20:10:27[22m [31m[1m[vite][22m[39m [31mInternal server error: D:\Projetos\Mano calos projetos\VILA\Vila 2\src\components\WorldMap.tsx: Adjacent JSX elements must be wrapped in an enclosing tag. Did you want a JSX fragment <>...</>? (575:10)

[0m [90m 573 |[31m             [33m<[31m[33m/[31m[33mdiv[31m[33m>[31m
 [90m 574 |[31m           [33m<[31m[33m/[31m[33mdiv[31m[33m>[31m
[31m[1m>[22m[31m[90m 575 |[31m           [33m<[31m[33m/[31m[33mdiv[31m[33m>[31m
 [90m     |[31m           [31m[1m^[22m[31m
 [90m 576 |[31m         )}
 [90m 577 |[31m       [33m<[31m[33m/[31m[33mdiv[31m[33m>[31m
 [90m 578 |[31m[0m[39m
  Plugin: [35mvite:react-babel[39m
  File: [36mD:/Projetos/Mano calos projetos/VILA/Vila 2/src/components/WorldMap.tsx[39m:575:10
[33m  573|              </div>
  574|            </div>
  575|            </div>
     |            ^
  576|          )}
  577|        </div>[39m
      at constructor (D:\Projetos\Mano calos projetos\VILA\Vila 2\node_modules\@babel\parser\lib\index.js:369:19)
      at TypeScriptParserMixin.raise (D:\Projetos\Mano calos projetos\VILA\Vila 2\node_modules\@babel\parser\lib\index.js:6622:19)
      at TypeScriptParserMixin.jsxParseElementAt (D:\Projetos\Mano calos projetos\VILA\Vila 2\node_modules\@babel\parser\lib\index.js:4760:18)
      at TypeScriptParserMixin.jsxParseElement (D:\Projetos\Mano calos projetos\VILA\Vila 2\node_modules\@babel\parser\lib\index.js:4767:17)
      at TypeScriptParserMixin.parseExprAtom (D:\Projetos\Mano calos projetos\VILA\Vila 2\node_modules\@babel\parser\lib\index.js:4777:19)
      at TypeScriptParserMixin.parseExprSubscripts (D:\Projetos\Mano calos projetos\VILA\Vila 2\node_modules\@babel\parser\lib\index.js:11107:23)
      at TypeScriptParserMixin.parseUpdate (D:\Projetos\Mano calos projetos\VILA\Vila 2\node_modules\@babel\parser\lib\index.js:11092:21)
      at TypeScriptParserMixin.parseMaybeUnary (D:\Projetos\Mano calos projetos\VILA\Vila 2\node_modules\@babel\parser\lib\index.js:11072:23)
      at TypeScriptParserMixin.parseMaybeUnary (D:\Projetos\Mano calos projetos\VILA\Vila 2\node_modules\@babel\parser\lib\index.js:9860:18)
      at TypeScriptParserMixin.parseMaybeUnaryOrPrivate (D:\Projetos\Mano calos projetos\VILA\Vila 2\node_modules\@babel\parser\lib\index.js:10925:61)
      at TypeScriptParserMixin.parseExprOps (D:\Projetos\Mano calos projetos\VILA\Vila 2\node_modules\@babel\parser\lib\index.js:10930:23)
      at TypeScriptParserMixin.parseMaybeConditional (D:\Projetos\Mano calos projetos\VILA\Vila 2\node_modules\@babel\parser\lib\index.js:10907:23)
      at TypeScriptParserMixin.parseMaybeAssign (D:\Projetos\Mano calos projetos\VILA\Vila 2\node_modules\@babel\parser\lib\index.js:10857:21)
      at D:\Projetos\Mano calos projetos\VILA\Vila 2\node_modules\@babel\parser\lib\index.js:9798:39
      at TypeScriptParserMixin.tryParse (D:\Projetos\Mano calos projetos\VILA\Vila 2\node_modules\@babel\parser\lib\index.js:6930:20)
      at TypeScriptParserMixin.parseMaybeAssign (D:\Projetos\Mano calos projetos\VILA\Vila 2\node_modules\@babel\parser\lib\index.js:9798:18)
      at D:\Projetos\Mano calos projetos\VILA\Vila 2\node_modules\@babel\parser\lib\index.js:10826:39
      at TypeScriptParserMixin.allowInAnd (D:\Projetos\Mano calos projetos\VILA\Vila 2\node_modules\@babel\parser\lib\index.js:12460:12)
      at TypeScriptParserMixin.parseMaybeAssignAllowIn (D:\Projetos\Mano calos projetos\VILA\Vila 2\node_modules\@babel\parser\lib\index.js:10826:17)
      at TypeScriptParserMixin.parseMaybeAssignAllowInOrVoidPattern (D:\Projetos\Mano calos projetos\VILA\Vila 2\node_modules\@babel\parser\lib\index.js:12527:17)
      at TypeScriptParserMixin.parseParenAndDistinguishExpression (D:\Projetos\Mano calos projetos\VILA\Vila 2\node_modules\@babel\parser\lib\index.js:11706:28)
      at TypeScriptParserMixin.parseExprAtom (D:\Projetos\Mano calos projetos\VILA\Vila 2\node_modules\@babel\parser\lib\index.js:11362:23)
      at TypeScriptParserMixin.parseExprAtom (D:\Projetos\Mano calos projetos\VILA\Vila 2\node_modules\@babel\parser\lib\index.js:4782:20)
      at TypeScriptParserMixin.parseExprSubscripts (D:\Projetos\Mano calos projetos\VILA\Vila 2\node_modules\@babel\parser\lib\index.js:11107:23)
      at TypeScriptParserMixin.parseUpdate (D:\Projetos\Mano calos projetos\VILA\Vila 2\node_modules\@babel\parser\lib\index.js:11092:21)
      at TypeScriptParserMixin.parseMaybeUnary (D:\Projetos\Mano calos projetos\VILA\Vila 2\node_modules\@babel\parser\lib\index.js:11072:23)
      at TypeScriptParserMixin.parseMaybeUnary (D:\Projetos\Mano calos projetos\VILA\Vila 2\node_modules\@babel\parser\lib\index.js:9860:18)
      at TypeScriptParserMixin.parseMaybeUnaryOrPrivate (D:\Projetos\Mano calos projetos\VILA\Vila 2\node_modules\@babel\parser\lib\index.js:10925:61)
      at TypeScriptParserMixin.parseExprOpBaseRightExpr (D:\Projetos\Mano calos projetos\VILA\Vila 2\node_modules\@babel\parser\lib\index.js:11012:34)
      at TypeScriptParserMixin.parseExprOpRightExpr (D:\Projetos\Mano calos projetos\VILA\Vila 2\node_modules\@babel\parser\lib\index.js:11007:21)
      at TypeScriptParserMixin.parseExprOp (D:\Projetos\Mano calos projetos\VILA\Vila 2\node_modules\@babel\parser\lib\index.js:10973:27)
      at TypeScriptParserMixin.parseExprOp (D:\Projetos\Mano calos projetos\VILA\Vila 2\node_modules\@babel\parser\lib\index.js:9329:18)
      at TypeScriptParserMixin.parseExprOps (D:\Projetos\Mano calos projetos\VILA\Vila 2\node_modules\@babel\parser\lib\index.js:10934:17)
      at TypeScriptParserMixin.parseMaybeConditional (D:\Projetos\Mano calos projetos\VILA\Vila 2\node_modules\@babel\parser\lib\index.js:10907:23)
      at TypeScriptParserMixin.parseMaybeAssign (D:\Projetos\Mano calos projetos\VILA\Vila 2\node_modules\@babel\parser\lib\index.js:10857:21)
      at TypeScriptParserMixin.parseMaybeAssign (D:\Projetos\Mano calos projetos\VILA\Vila 2\node_modules\@babel\parser\lib\index.js:9809:20)
      at TypeScriptParserMixin.parseExpressionBase (D:\Projetos\Mano calos projetos\VILA\Vila 2\node_modules\@babel\parser\lib\index.js:10810:23)
      at D:\Projetos\Mano calos projetos\VILA\Vila 2\node_modules\@babel\parser\lib\index.js:10806:39
      at TypeScriptParserMixin.allowInAnd (D:\Projetos\Mano calos projetos\VILA\Vila 2\node_modules\@babel\parser\lib\index.js:12460:12)
      at TypeScriptParserMixin.parseExpression (D:\Projetos\Mano calos projetos\VILA\Vila 2\node_modules\@babel\parser\lib\index.js:10806:17)
      at TypeScriptParserMixin.jsxParseExpressionContainer (D:\Projetos\Mano calos projetos\VILA\Vila 2\node_modules\@babel\parser\lib\index.js:4650:31)
      at TypeScriptParserMixin.jsxParseElementAt (D:\Projetos\Mano calos projetos\VILA\Vila 2\node_modules\@babel\parser\lib\index.js:4729:36)
      at TypeScriptParserMixin.jsxParseElementAt (D:\Projetos\Mano calos projetos\VILA\Vila 2\node_modules\@babel\parser\lib\index.js:4716:32)
      at TypeScriptParserMixin.jsxParseElement (D:\Projetos\Mano calos projetos\VILA\Vila 2\node_modules\@babel\parser\lib\index.js:4767:17)
      at TypeScriptParserMixin.parseExprAtom (D:\Projetos\Mano calos projetos\VILA\Vila 2\node_modules\@babel\parser\lib\index.js:4777:19)
      at TypeScriptParserMixin.parseExprSubscripts (D:\Projetos\Mano calos projetos\VILA\Vila 2\node_modules\@babel\parser\lib\index.js:11107:23)
      at TypeScriptParserMixin.parseUpdate (D:\Projetos\Mano calos projetos\VILA\Vila 2\node_modules\@babel\parser\lib\index.js:11092:21)
      at TypeScriptParserMixin.parseMaybeUnary (D:\Projetos\Mano calos projetos\VILA\Vila 2\node_modules\@babel\parser\lib\index.js:11072:23)
      at TypeScriptParserMixin.parseMaybeUnary (D:\Projetos\Mano calos projetos\VILA\Vila 2\node_modules\@babel\parser\lib\index.js:9860:18)
      at TypeScriptParserMixin.parseMaybeUnaryOrPrivate (D:\Projetos\Mano calos projetos\VILA\Vila 2\node_modules\@babel\parser\lib\index.js:10925:61)
[2m20:10:28[22m [31m[1m[vite][22m[39m [31m[2m(client)[22m[39m Pre-transform error: D:\Projetos\Mano calos projetos\VILA\Vila 2\src\components\WorldMap.tsx: Adjacent JSX elements must be wrapped in an enclosing tag. Did you want a JSX fragment <>...</>? (575:10)

[0m [90m 573 |[39m             [33m<[39m[33m/[39m[33mdiv[39m[33m>[39m
 [90m 574 |[39m           [33m<[39m[33m/[39m[33mdiv[39m[33m>[39m
[31m[1m>[22m[39m[90m 575 |[39m           [33m<[39m[33m/[39m[33mdiv[39m[33m>[39m
 [90m     |[39m           [31m[1m^[22m[39m
 [90m 576 |[39m         )}
 [90m 577 |[39m       [33m<[39m[33m/[39m[33mdiv[39m[33m>[39m
 [90m 578 |[39m[0m
  Plugin: [35mvite:react-babel[39m
  File: [36mD:/Projetos/Mano calos projetos/VILA/Vila 2/src/components/WorldMap.tsx[39m:575:10
[33m  573|              </div>
  574|            </div>
  575|            </div>
     |            ^
  576|          )}
  577|        </div>[39m
[2m20:10:28[22m [31m[1m[vite][22m[39m [31m[2m(client)[22m[39m Pre-transform error: D:\Projetos\Mano calos projetos\VILA\Vila 2\src\components\WorldMap.tsx: Adjacent JSX elements must be wrapped in an enclosing tag. Did you want a JSX fragment <>...</>? (575:10)

[0m [90m 573 |[39m             [33m<[39m[33m/[39m[33mdiv[39m[33m>[39m
 [90m 574 |[39m           [33m<[39m[33m/[39m[33mdiv[39m[33m>[39m
[31m[1m>[22m[39m[90m 575 |[39m           [33m<[39m[33m/[39m[33mdiv[39m[33m>[39m
 [90m     |[39m           [31m[1m^[22m[39m
 [90m 576 |[39m         )}
 [90m 577 |[39m       [33m<[39m[33m/[39m[33mdiv[39m[33m>[39m
 [90m 578 |[39m[0m
  Plugin: [35mvite:react-babel[39m
  File: [36mD:/Projetos/Mano calos projetos/VILA/Vila 2/src/components/WorldMap.tsx[39m:575:10
[33m  573|              </div>
  574|            </div>
  575|            </div>
     |            ^
  576|          )}
  577|        </div>[39m
[2m20:10:29[22m [31m[1m[vite][22m[39m [31mInternal server error: D:\Projetos\Mano calos projetos\VILA\Vila 2\src\components\WorldMap.tsx: Adjacent JSX elements must be wrapped in an enclosing tag. Did you want a JSX fragment <>...</>? (575:10)

[0m [90m 573 |[31m             [33m<[31m[33m/[31m[33mdiv[31m[33m>[31m
 [90m 574 |[31m           [33m<[31m[33m/[31m[33mdiv[31m[33m>[31m
[31m[1m>[22m[31m[90m 575 |[31m           [33m<[31m[33m/[31m[33mdiv[31m[33m>[31m
 [90m     |[31m           [31m[1m^[22m[31m
 [90m 576 |[31m         )}
 [90m 577 |[31m       [33m<[31m[33m/[31m[33mdiv[31m[33m>[31m
 [90m 578 |[31m[0m[39m
  Plugin: [35mvite:react-babel[39m
  File: [36mD:/Projetos/Mano calos projetos/VILA/Vila 2/src/components/WorldMap.tsx[39m:575:10
[33m  573|              </div>
  574|            </div>
  575|            </div>
     |            ^
  576|          )}
  577|        </div>[39m
      at constructor (D:\Projetos\Mano calos projetos\VILA\Vila 2\node_modules\@babel\parser\lib\index.js:369:19)
      at TypeScriptParserMixin.raise (D:\Projetos\Mano calos projetos\VILA\Vila 2\node_modules\@babel\parser\lib\index.js:6622:19)
      at TypeScriptParserMixin.jsxParseElementAt (D:\Projetos\Mano calos projetos\VILA\Vila 2\node_modules\@babel\parser\lib\index.js:4760:18)
      at TypeScriptParserMixin.jsxParseElement (D:\Projetos\Mano calos projetos\VILA\Vila 2\node_modules\@babel\parser\lib\index.js:4767:17)
      at TypeScriptParserMixin.parseExprAtom (D:\Projetos\Mano calos projetos\VILA\Vila 2\node_modules\@babel\parser\lib\index.js:4777:19)
      at TypeScriptParserMixin.parseExprSubscripts (D:\Projetos\Mano calos projetos\VILA\Vila 2\node_modules\@babel\parser\lib\index.js:11107:23)
      at TypeScriptParserMixin.parseUpdate (D:\Projetos\Mano calos projetos\VILA\Vila 2\node_modules\@babel\parser\lib\index.js:11092:21)
      at TypeScriptParserMixin.parseMaybeUnary (D:\Projetos\Mano calos projetos\VILA\Vila 2\node_modules\@babel\parser\lib\index.js:11072:23)
      at TypeScriptParserMixin.parseMaybeUnary (D:\Projetos\Mano calos projetos\VILA\Vila 2\node_modules\@babel\parser\lib\index.js:9860:18)
      at TypeScriptParserMixin.parseMaybeUnaryOrPrivate (D:\Projetos\Mano calos projetos\VILA\Vila 2\node_modules\@babel\parser\lib\index.js:10925:61)
      at TypeScriptParserMixin.parseExprOps (D:\Projetos\Mano calos projetos\VILA\Vila 2\node_modules\@babel\parser\lib\index.js:10930:23)
      at TypeScriptParserMixin.parseMaybeConditional (D:\Projetos\Mano calos projetos\VILA\Vila 2\node_modules\@babel\parser\lib\index.js:10907:23)
      at TypeScriptParserMixin.parseMaybeAssign (D:\Projetos\Mano calos projetos\VILA\Vila 2\node_modules\@babel\parser\lib\index.js:10857:21)
      at D:\Projetos\Mano calos projetos\VILA\Vila 2\node_modules\@babel\parser\lib\index.js:9798:39
      at TypeScriptParserMixin.tryParse (D:\Projetos\Mano calos projetos\VILA\Vila 2\node_modules\@babel\parser\lib\index.js:6930:20)
      at TypeScriptParserMixin.parseMaybeAssign (D:\Projetos\Mano calos projetos\VILA\Vila 2\node_modules\@babel\parser\lib\index.js:9798:18)
      at D:\Projetos\Mano calos projetos\VILA\Vila 2\node_modules\@babel\parser\lib\index.js:10826:39
      at TypeScriptParserMixin.allowInAnd (D:\Projetos\Mano calos projetos\VILA\Vila 2\node_modules\@babel\parser\lib\index.js:12460:12)
      at TypeScriptParserMixin.parseMaybeAssignAllowIn (D:\Projetos\Mano calos projetos\VILA\Vila 2\node_modules\@babel\parser\lib\index.js:10826:17)
      at TypeScriptParserMixin.parseMaybeAssignAllowInOrVoidPattern (D:\Projetos\Mano calos projetos\VILA\Vila 2\node_modules\@babel\parser\lib\index.js:12527:17)
      at TypeScriptParserMixin.parseParenAndDistinguishExpression (D:\Projetos\Mano calos projetos\VILA\Vila 2\node_modules\@babel\parser\lib\index.js:11706:28)
      at TypeScriptParserMixin.parseExprAtom (D:\Projetos\Mano calos projetos\VILA\Vila 2\node_modules\@babel\parser\lib\index.js:11362:23)
      at TypeScriptParserMixin.parseExprAtom (D:\Projetos\Mano calos projetos\VILA\Vila 2\node_modules\@babel\parser\lib\index.js:4782:20)
      at TypeScriptParserMixin.parseExprSubscripts (D:\Projetos\Mano calos projetos\VILA\Vila 2\node_modules\@babel\parser\lib\index.js:11107:23)
      at TypeScriptParserMixin.parseUpdate (D:\Projetos\Mano calos projetos\VILA\Vila 2\node_modules\@babel\parser\lib\index.js:11092:21)
      at TypeScriptParserMixin.parseMaybeUnary (D:\Projetos\Mano calos projetos\VILA\Vila 2\node_modules\@babel\parser\lib\index.js:11072:23)
      at TypeScriptParserMixin.parseMaybeUnary (D:\Projetos\Mano calos projetos\VILA\Vila 2\node_modules\@babel\parser\lib\index.js:9860:18)
      at TypeScriptParserMixin.parseMaybeUnaryOrPrivate (D:\Projetos\Mano calos projetos\VILA\Vila 2\node_modules\@babel\parser\lib\index.js:10925:61)
      at TypeScriptParserMixin.parseExprOpBaseRightExpr (D:\Projetos\Mano calos projetos\VILA\Vila 2\node_modules\@babel\parser\lib\index.js:11012:34)
      at TypeScriptParserMixin.parseExprOpRightExpr (D:\Projetos\Mano calos projetos\VILA\Vila 2\node_modules\@babel\parser\lib\index.js:11007:21)
      at TypeScriptParserMixin.parseExprOp (D:\Projetos\Mano calos projetos\VILA\Vila 2\node_modules\@babel\parser\lib\index.js:10973:27)
      at TypeScriptParserMixin.parseExprOp (D:\Projetos\Mano calos projetos\VILA\Vila 2\node_modules\@babel\parser\lib\index.js:9329:18)
      at TypeScriptParserMixin.parseExprOps (D:\Projetos\Mano calos projetos\VILA\Vila 2\node_modules\@babel\parser\lib\index.js:10934:17)
      at TypeScriptParserMixin.parseMaybeConditional (D:\Projetos\Mano calos projetos\VILA\Vila 2\node_modules\@babel\parser\lib\index.js:10907:23)
      at TypeScriptParserMixin.parseMaybeAssign (D:\Projetos\Mano calos projetos\VILA\Vila 2\node_modules\@babel\parser\lib\index.js:10857:21)
      at TypeScriptParserMixin.parseMaybeAssign (D:\Projetos\Mano calos projetos\VILA\Vila 2\node_modules\@babel\parser\lib\index.js:9809:20)
      at TypeScriptParserMixin.parseExpressionBase (D:\Projetos\Mano calos projetos\VILA\Vila 2\node_modules\@babel\parser\lib\index.js:10810:23)
      at D:\Projetos\Mano calos projetos\VILA\Vila 2\node_modules\@babel\parser\lib\index.js:10806:39
      at TypeScriptParserMixin.allowInAnd (D:\Projetos\Mano calos projetos\VILA\Vila 2\node_modules\@babel\parser\lib\index.js:12460:12)
      at TypeScriptParserMixin.parseExpression (D:\Projetos\Mano calos projetos\VILA\Vila 2\node_modules\@babel\parser\lib\index.js:10806:17)
      at TypeScriptParserMixin.jsxParseExpressionContainer (D:\Projetos\Mano calos projetos\VILA\Vila 2\node_modules\@babel\parser\lib\index.js:4650:31)
      at TypeScriptParserMixin.jsxParseElementAt (D:\Projetos\Mano calos projetos\VILA\Vila 2\node_modules\@babel\parser\lib\index.js:4729:36)
      at TypeScriptParserMixin.jsxParseElementAt (D:\Projetos\Mano calos projetos\VILA\Vila 2\node_modules\@babel\parser\lib\index.js:4716:32)
      at TypeScriptParserMixin.jsxParseElement (D:\Projetos\Mano calos projetos\VILA\Vila 2\node_modules\@babel\parser\lib\index.js:4767:17)
      at TypeScriptParserMixin.parseExprAtom (D:\Projetos\Mano calos projetos\VILA\Vila 2\node_modules\@babel\parser\lib\index.js:4777:19)
      at TypeScriptParserMixin.parseExprSubscripts (D:\Projetos\Mano calos projetos\VILA\Vila 2\node_modules\@babel\parser\lib\index.js:11107:23)
      at TypeScriptParserMixin.parseUpdate (D:\Projetos\Mano calos projetos\VILA\Vila 2\node_modules\@babel\parser\lib\index.js:11092:21)
      at TypeScriptParserMixin.parseMaybeUnary (D:\Projetos\Mano calos projetos\VILA\Vila 2\node_modules\@babel\parser\lib\index.js:11072:23)
      at TypeScriptParserMixin.parseMaybeUnary (D:\Projetos\Mano calos projetos\VILA\Vila 2\node_modules\@babel\parser\lib\index.js:9860:18)
      at TypeScriptParserMixin.parseMaybeUnaryOrPrivate (D:\Projetos\Mano calos projetos\VILA\Vila 2\node_modules\@babel\parser\lib\index.js:10925:61)
[2m20:10:29[22m [31m[1m[vite][22m[39m [31mInternal server error: D:\Projetos\Mano calos projetos\VILA\Vila 2\src\components\WorldMap.tsx: Adjacent JSX elements must be wrapped in an enclosing tag. Did you want a JSX fragment <>...</>? (575:10)

[0m [90m 573 |[31m             [33m<[31m[33m/[31m[33mdiv[31m[33m>[31m
 [90m 574 |[31m           [33m<[31m[33m/[31m[33mdiv[31m[33m>[31m
[31m[1m>[22m[31m[90m 575 |[31m           [33m<[31m[33m/[31m[33mdiv[31m[33m>[31m
 [90m     |[31m           [31m[1m^[22m[31m
 [90m 576 |[31m         )}
 [90m 577 |[31m       [33m<[31m[33m/[31m[33mdiv[31m[33m>[31m
 [90m 578 |[31m[0m[39m
  Plugin: [35mvite:react-babel[39m
  File: [36mD:/Projetos/Mano calos projetos/VILA/Vila 2/src/components/WorldMap.tsx[39m:575:10
[33m  573|              </div>
  574|            </div>
  575|            </div>
     |            ^
  576|          )}
  577|        </div>[39m
      at constructor (D:\Projetos\Mano calos projetos\VILA\Vila 2\node_modules\@babel\parser\lib\index.js:369:19)
      at TypeScriptParserMixin.raise (D:\Projetos\Mano calos projetos\VILA\Vila 2\node_modules\@babel\parser\lib\index.js:6622:19)
      at TypeScriptParserMixin.jsxParseElementAt (D:\Projetos\Mano calos projetos\VILA\Vila 2\node_modules\@babel\parser\lib\index.js:4760:18)
      at TypeScriptParserMixin.jsxParseElement (D:\Projetos\Mano calos projetos\VILA\Vila 2\node_modules\@babel\parser\lib\index.js:4767:17)
      at TypeScriptParserMixin.parseExprAtom (D:\Projetos\Mano calos projetos\VILA\Vila 2\node_modules\@babel\parser\lib\index.js:4777:19)
      at TypeScriptParserMixin.parseExprSubscripts (D:\Projetos\Mano calos projetos\VILA\Vila 2\node_modules\@babel\parser\lib\index.js:11107:23)
      at TypeScriptParserMixin.parseUpdate (D:\Projetos\Mano calos projetos\VILA\Vila 2\node_modules\@babel\parser\lib\index.js:11092:21)
      at TypeScriptParserMixin.parseMaybeUnary (D:\Projetos\Mano calos projetos\VILA\Vila 2\node_modules\@babel\parser\lib\index.js:11072:23)
      at TypeScriptParserMixin.parseMaybeUnary (D:\Projetos\Mano calos projetos\VILA\Vila 2\node_modules\@babel\parser\lib\index.js:9860:18)
      at TypeScriptParserMixin.parseMaybeUnaryOrPrivate (D:\Projetos\Mano calos projetos\VILA\Vila 2\node_modules\@babel\parser\lib\index.js:10925:61)
      at TypeScriptParserMixin.parseExprOps (D:\Projetos\Mano calos projetos\VILA\Vila 2\node_modules\@babel\parser\lib\index.js:10930:23)
      at TypeScriptParserMixin.parseMaybeConditional (D:\Projetos\Mano calos projetos\VILA\Vila 2\node_modules\@babel\parser\lib\index.js:10907:23)
      at TypeScriptParserMixin.parseMaybeAssign (D:\Projetos\Mano calos projetos\VILA\Vila 2\node_modules\@babel\parser\lib\index.js:10857:21)
      at D:\Projetos\Mano calos projetos\VILA\Vila 2\node_modules\@babel\parser\lib\index.js:9798:39
      at TypeScriptParserMixin.tryParse (D:\Projetos\Mano calos projetos\VILA\Vila 2\node_modules\@babel\parser\lib\index.js:6930:20)
      at TypeScriptParserMixin.parseMaybeAssign (D:\Projetos\Mano calos projetos\VILA\Vila 2\node_modules\@babel\parser\lib\index.js:9798:18)
      at D:\Projetos\Mano calos projetos\VILA\Vila 2\node_modules\@babel\parser\lib\index.js:10826:39
      at TypeScriptParserMixin.allowInAnd (D:\Projetos\Mano calos projetos\VILA\Vila 2\node_modules\@babel\parser\lib\index.js:12460:12)
      at TypeScriptParserMixin.parseMaybeAssignAllowIn (D:\Projetos\Mano calos projetos\VILA\Vila 2\node_modules\@babel\parser\lib\index.js:10826:17)
      at TypeScriptParserMixin.parseMaybeAssignAllowInOrVoidPattern (D:\Projetos\Mano calos projetos\VILA\Vila 2\node_modules\@babel\parser\lib\index.js:12527:17)
      at TypeScriptParserMixin.parseParenAndDistinguishExpression (D:\Projetos\Mano calos projetos\VILA\Vila 2\node_modules\@babel\parser\lib\index.js:11706:28)
      at TypeScriptParserMixin.parseExprAtom (D:\Projetos\Mano calos projetos\VILA\Vila 2\node_modules\@babel\parser\lib\index.js:11362:23)
      at TypeScriptParserMixin.parseExprAtom (D:\Projetos\Mano calos projetos\VILA\Vila 2\node_modules\@babel\parser\lib\index.js:4782:20)
      at TypeScriptParserMixin.parseExprSubscripts (D:\Projetos\Mano calos projetos\VILA\Vila 2\node_modules\@babel\parser\lib\index.js:11107:23)
      at TypeScriptParserMixin.parseUpdate (D:\Projetos\Mano calos projetos\VILA\Vila 2\node_modules\@babel\parser\lib\index.js:11092:21)
      at TypeScriptParserMixin.parseMaybeUnary (D:\Projetos\Mano calos projetos\VILA\Vila 2\node_modules\@babel\parser\lib\index.js:11072:23)
      at TypeScriptParserMixin.parseMaybeUnary (D:\Projetos\Mano calos projetos\VILA\Vila 2\node_modules\@babel\parser\lib\index.js:9860:18)
      at TypeScriptParserMixin.parseMaybeUnaryOrPrivate (D:\Projetos\Mano calos projetos\VILA\Vila 2\node_modules\@babel\parser\lib\index.js:10925:61)
      at TypeScriptParserMixin.parseExprOpBaseRightExpr (D:\Projetos\Mano calos projetos\VILA\Vila 2\node_modules\@babel\parser\lib\index.js:11012:34)
      at TypeScriptParserMixin.parseExprOpRightExpr (D:\Projetos\Mano calos projetos\VILA\Vila 2\node_modules\@babel\parser\lib\index.js:11007:21)
      at TypeScriptParserMixin.parseExprOp (D:\Projetos\Mano calos projetos\VILA\Vila 2\node_modules\@babel\parser\lib\index.js:10973:27)
      at TypeScriptParserMixin.parseExprOp (D:\Projetos\Mano calos projetos\VILA\Vila 2\node_modules\@babel\parser\lib\index.js:9329:18)
      at TypeScriptParserMixin.parseExprOps (D:\Projetos\Mano calos projetos\VILA\Vila 2\node_modules\@babel\parser\lib\index.js:10934:17)
      at TypeScriptParserMixin.parseMaybeConditional (D:\Projetos\Mano calos projetos\VILA\Vila 2\node_modules\@babel\parser\lib\index.js:10907:23)
      at TypeScriptParserMixin.parseMaybeAssign (D:\Projetos\Mano calos projetos\VILA\Vila 2\node_modules\@babel\parser\lib\index.js:10857:21)
      at TypeScriptParserMixin.parseMaybeAssign (D:\Projetos\Mano calos projetos\VILA\Vila 2\node_modules\@babel\parser\lib\index.js:9809:20)
      at TypeScriptParserMixin.parseExpressionBase (D:\Projetos\Mano calos projetos\VILA\Vila 2\node_modules\@babel\parser\lib\index.js:10810:23)
      at D:\Projetos\Mano calos projetos\VILA\Vila 2\node_modules\@babel\parser\lib\index.js:10806:39
      at TypeScriptParserMixin.allowInAnd (D:\Projetos\Mano calos projetos\VILA\Vila 2\node_modules\@babel\parser\lib\index.js:12460:12)
      at TypeScriptParserMixin.parseExpression (D:\Projetos\Mano calos projetos\VILA\Vila 2\node_modules\@babel\parser\lib\index.js:10806:17)
      at TypeScriptParserMixin.jsxParseExpressionContainer (D:\Projetos\Mano calos projetos\VILA\Vila 2\node_modules\@babel\parser\lib\index.js:4650:31)
      at TypeScriptParserMixin.jsxParseElementAt (D:\Projetos\Mano calos projetos\VILA\Vila 2\node_modules\@babel\parser\lib\index.js:4729:36)
      at TypeScriptParserMixin.jsxParseElementAt (D:\Projetos\Mano calos projetos\VILA\Vila 2\node_modules\@babel\parser\lib\index.js:4716:32)
      at TypeScriptParserMixin.jsxParseElement (D:\Projetos\Mano calos projetos\VILA\Vila 2\node_modules\@babel\parser\lib\index.js:4767:17)
      at TypeScriptParserMixin.parseExprAtom (D:\Projetos\Mano calos projetos\VILA\Vila 2\node_modules\@babel\parser\lib\index.js:4777:19)
      at TypeScriptParserMixin.parseExprSubscripts (D:\Projetos\Mano calos projetos\VILA\Vila 2\node_modules\@babel\parser\lib\index.js:11107:23)
      at TypeScriptParserMixin.parseUpdate (D:\Projetos\Mano calos projetos\VILA\Vila 2\node_modules\@babel\parser\lib\index.js:11092:21)
      at TypeScriptParserMixin.parseMaybeUnary (D:\Projetos\Mano calos projetos\VILA\Vila 2\node_modules\@babel\parser\lib\index.js:11072:23)
      at TypeScriptParserMixin.parseMaybeUnary (D:\Projetos\Mano calos projetos\VILA\Vila 2\node_modules\@babel\parser\lib\index.js:9860:18)
      at TypeScriptParserMixin.parseMaybeUnaryOrPrivate (D:\Projetos\Mano calos projetos\VILA\Vila 2\node_modules\@babel\parser\lib\index.js:10925:61)
[2m20:10:54[22m [31m[1m[vite][22m[39m [31m[2m(client)[22m[39m Pre-transform error: D:\Projetos\Mano calos projetos\VILA\Vila 2\src\components\WorldMap.tsx: Adjacent JSX elements must be wrapped in an enclosing tag. Did you want a JSX fragment <>...</>? (575:10)

[0m [90m 573 |[39m             [33m<[39m[33m/[39m[33mdiv[39m[33m>[39m
 [90m 574 |[39m           [33m<[39m[33m/[39m[33mdiv[39m[33m>[39m
[31m[1m>[22m[39m[90m 575 |[39m           [33m<[39m[33m/[39m[33mdiv[39m[33m>[39m
 [90m     |[39m           [31m[1m^[22m[39m
 [90m 576 |[39m         )}
 [90m 577 |[39m       [33m<[39m[33m/[39m[33mdiv[39m[33m>[39m
 [90m 578 |[39m[0m
  Plugin: [35mvite:react-babel[39m
  File: [36mD:/Projetos/Mano calos projetos/VILA/Vila 2/src/components/WorldMap.tsx[39m:575:10
[33m  573|              </div>
  574|            </div>
  575|            </div>
     |            ^
  576|          )}
  577|        </div>[39m
[2m20:10:54[22m [31m[1m[vite][22m[39m [31m[2m(client)[22m[39m Pre-transform error: D:\Projetos\Mano calos projetos\VILA\Vila 2\src\components\WorldMap.tsx: Adjacent JSX elements must be wrapped in an enclosing tag. Did you want a JSX fragment <>...</>? (575:10)

[0m [90m 573 |[39m             [33m<[39m[33m/[39m[33mdiv[39m[33m>[39m
 [90m 574 |[39m           [33m<[39m[33m/[39m[33mdiv[39m[33m>[39m
[31m[1m>[22m[39m[90m 575 |[39m           [33m<[39m[33m/[39m[33mdiv[39m[33m>[39m
 [90m     |[39m           [31m[1m^[22m[39m
 [90m 576 |[39m         )}
 [90m 577 |[39m       [33m<[39m[33m/[39m[33mdiv[39m[33m>[39m
 [90m 578 |[39m[0m
  Plugin: [35mvite:react-babel[39m
  File: [36mD:/Projetos/Mano calos projetos/VILA/Vila 2/src/components/WorldMap.tsx[39m:575:10
[33m  573|              </div>
  574|            </div>
  575|            </div>
     |            ^
  576|          )}
  577|        </div>[39m
[2m20:10:55[22m [31m[1m[vite][22m[39m [31mInternal server error: D:\Projetos\Mano calos projetos\VILA\Vila 2\src\components\WorldMap.tsx: Adjacent JSX elements must be wrapped in an enclosing tag. Did you want a JSX fragment <>...</>? (575:10)

[0m [90m 573 |[31m             [33m<[31m[33m/[31m[33mdiv[31m[33m>[31m
 [90m 574 |[31m           [33m<[31m[33m/[31m[33mdiv[31m[33m>[31m
[31m[1m>[22m[31m[90m 575 |[31m           [33m<[31m[33m/[31m[33mdiv[31m[33m>[31m
 [90m     |[31m           [31m[1m^[22m[31m
 [90m 576 |[31m         )}
 [90m 577 |[31m       [33m<[31m[33m/[31m[33mdiv[31m[33m>[31m
 [90m 578 |[31m[0m[39m
  Plugin: [35mvite:react-babel[39m
  File: [36mD:/Projetos/Mano calos projetos/VILA/Vila 2/src/components/WorldMap.tsx[39m:575:10
[33m  573|              </div>
  574|            </div>
  575|            </div>
     |            ^
  576|          )}
  577|        </div>[39m
      at constructor (D:\Projetos\Mano calos projetos\VILA\Vila 2\node_modules\@babel\parser\lib\index.js:369:19)
      at TypeScriptParserMixin.raise (D:\Projetos\Mano calos projetos\VILA\Vila 2\node_modules\@babel\parser\lib\index.js:6622:19)
      at TypeScriptParserMixin.jsxParseElementAt (D:\Projetos\Mano calos projetos\VILA\Vila 2\node_modules\@babel\parser\lib\index.js:4760:18)
      at TypeScriptParserMixin.jsxParseElement (D:\Projetos\Mano calos projetos\VILA\Vila 2\node_modules\@babel\parser\lib\index.js:4767:17)
      at TypeScriptParserMixin.parseExprAtom (D:\Projetos\Mano calos projetos\VILA\Vila 2\node_modules\@babel\parser\lib\index.js:4777:19)
      at TypeScriptParserMixin.parseExprSubscripts (D:\Projetos\Mano calos projetos\VILA\Vila 2\node_modules\@babel\parser\lib\index.js:11107:23)
      at TypeScriptParserMixin.parseUpdate (D:\Projetos\Mano calos projetos\VILA\Vila 2\node_modules\@babel\parser\lib\index.js:11092:21)
      at TypeScriptParserMixin.parseMaybeUnary (D:\Projetos\Mano calos projetos\VILA\Vila 2\node_modules\@babel\parser\lib\index.js:11072:23)
      at TypeScriptParserMixin.parseMaybeUnary (D:\Projetos\Mano calos projetos\VILA\Vila 2\node_modules\@babel\parser\lib\index.js:9860:18)
      at TypeScriptParserMixin.parseMaybeUnaryOrPrivate (D:\Projetos\Mano calos projetos\VILA\Vila 2\node_modules\@babel\parser\lib\index.js:10925:61)
      at TypeScriptParserMixin.parseExprOps (D:\Projetos\Mano calos projetos\VILA\Vila 2\node_modules\@babel\parser\lib\index.js:10930:23)
      at TypeScriptParserMixin.parseMaybeConditional (D:\Projetos\Mano calos projetos\VILA\Vila 2\node_modules\@babel\parser\lib\index.js:10907:23)
      at TypeScriptParserMixin.parseMaybeAssign (D:\Projetos\Mano calos projetos\VILA\Vila 2\node_modules\@babel\parser\lib\index.js:10857:21)
      at D:\Projetos\Mano calos projetos\VILA\Vila 2\node_modules\@babel\parser\lib\index.js:9798:39
      at TypeScriptParserMixin.tryParse (D:\Projetos\Mano calos projetos\VILA\Vila 2\node_modules\@babel\parser\lib\index.js:6930:20)
      at TypeScriptParserMixin.parseMaybeAssign (D:\Projetos\Mano calos projetos\VILA\Vila 2\node_modules\@babel\parser\lib\index.js:9798:18)
      at D:\Projetos\Mano calos projetos\VILA\Vila 2\node_modules\@babel\parser\lib\index.js:10826:39
      at TypeScriptParserMixin.allowInAnd (D:\Projetos\Mano calos projetos\VILA\Vila 2\node_modules\@babel\parser\lib\index.js:12460:12)
      at TypeScriptParserMixin.parseMaybeAssignAllowIn (D:\Projetos\Mano calos projetos\VILA\Vila 2\node_modules\@babel\parser\lib\index.js:10826:17)
      at TypeScriptParserMixin.parseMaybeAssignAllowInOrVoidPattern (D:\Projetos\Mano calos projetos\VILA\Vila 2\node_modules\@babel\parser\lib\index.js:12527:17)
      at TypeScriptParserMixin.parseParenAndDistinguishExpression (D:\Projetos\Mano calos projetos\VILA\Vila 2\node_modules\@babel\parser\lib\index.js:11706:28)
      at TypeScriptParserMixin.parseExprAtom (D:\Projetos\Mano calos projetos\VILA\Vila 2\node_modules\@babel\parser\lib\index.js:11362:23)
      at TypeScriptParserMixin.parseExprAtom (D:\Projetos\Mano calos projetos\VILA\Vila 2\node_modules\@babel\parser\lib\index.js:4782:20)
      at TypeScriptParserMixin.parseExprSubscripts (D:\Projetos\Mano calos projetos\VILA\Vila 2\node_modules\@babel\parser\lib\index.js:11107:23)
      at TypeScriptParserMixin.parseUpdate (D:\Projetos\Mano calos projetos\VILA\Vila 2\node_modules\@babel\parser\lib\index.js:11092:21)
      at TypeScriptParserMixin.parseMaybeUnary (D:\Projetos\Mano calos projetos\VILA\Vila 2\node_modules\@babel\parser\lib\index.js:11072:23)
      at TypeScriptParserMixin.parseMaybeUnary (D:\Projetos\Mano calos projetos\VILA\Vila 2\node_modules\@babel\parser\lib\index.js:9860:18)
      at TypeScriptParserMixin.parseMaybeUnaryOrPrivate (D:\Projetos\Mano calos projetos\VILA\Vila 2\node_modules\@babel\parser\lib\index.js:10925:61)
      at TypeScriptParserMixin.parseExprOpBaseRightExpr (D:\Projetos\Mano calos projetos\VILA\Vila 2\node_modules\@babel\parser\lib\index.js:11012:34)
      at TypeScriptParserMixin.parseExprOpRightExpr (D:\Projetos\Mano calos projetos\VILA\Vila 2\node_modules\@babel\parser\lib\index.js:11007:21)
      at TypeScriptParserMixin.parseExprOp (D:\Projetos\Mano calos projetos\VILA\Vila 2\node_modules\@babel\parser\lib\index.js:10973:27)
      at TypeScriptParserMixin.parseExprOp (D:\Projetos\Mano calos projetos\VILA\Vila 2\node_modules\@babel\parser\lib\index.js:9329:18)
      at TypeScriptParserMixin.parseExprOps (D:\Projetos\Mano calos projetos\VILA\Vila 2\node_modules\@babel\parser\lib\index.js:10934:17)
      at TypeScriptParserMixin.parseMaybeConditional (D:\Projetos\Mano calos projetos\VILA\Vila 2\node_modules\@babel\parser\lib\index.js:10907:23)
      at TypeScriptParserMixin.parseMaybeAssign (D:\Projetos\Mano calos projetos\VILA\Vila 2\node_modules\@babel\parser\lib\index.js:10857:21)
      at TypeScriptParserMixin.parseMaybeAssign (D:\Projetos\Mano calos projetos\VILA\Vila 2\node_modules\@babel\parser\lib\index.js:9809:20)
      at TypeScriptParserMixin.parseExpressionBase (D:\Projetos\Mano calos projetos\VILA\Vila 2\node_modules\@babel\parser\lib\index.js:10810:23)
      at D:\Projetos\Mano calos projetos\VILA\Vila 2\node_modules\@babel\parser\lib\index.js:10806:39
      at TypeScriptParserMixin.allowInAnd (D:\Projetos\Mano calos projetos\VILA\Vila 2\node_modules\@babel\parser\lib\index.js:12460:12)
      at TypeScriptParserMixin.parseExpression (D:\Projetos\Mano calos projetos\VILA\Vila 2\node_modules\@babel\parser\lib\index.js:10806:17)
      at TypeScriptParserMixin.jsxParseExpressionContainer (D:\Projetos\Mano calos projetos\VILA\Vila 2\node_modules\@babel\parser\lib\index.js:4650:31)
      at TypeScriptParserMixin.jsxParseElementAt (D:\Projetos\Mano calos projetos\VILA\Vila 2\node_modules\@babel\parser\lib\index.js:4729:36)
      at TypeScriptParserMixin.jsxParseElementAt (D:\Projetos\Mano calos projetos\VILA\Vila 2\node_modules\@babel\parser\lib\index.js:4716:32)
      at TypeScriptParserMixin.jsxParseElement (D:\Projetos\Mano calos projetos\VILA\Vila 2\node_modules\@babel\parser\lib\index.js:4767:17)
      at TypeScriptParserMixin.parseExprAtom (D:\Projetos\Mano calos projetos\VILA\Vila 2\node_modules\@babel\parser\lib\index.js:4777:19)
      at TypeScriptParserMixin.parseExprSubscripts (D:\Projetos\Mano calos projetos\VILA\Vila 2\node_modules\@babel\parser\lib\index.js:11107:23)
      at TypeScriptParserMixin.parseUpdate (D:\Projetos\Mano calos projetos\VILA\Vila 2\node_modules\@babel\parser\lib\index.js:11092:21)
      at TypeScriptParserMixin.parseMaybeUnary (D:\Projetos\Mano calos projetos\VILA\Vila 2\node_modules\@babel\parser\lib\index.js:11072:23)
      at TypeScriptParserMixin.parseMaybeUnary (D:\Projetos\Mano calos projetos\VILA\Vila 2\node_modules\@babel\parser\lib\index.js:9860:18)
      at TypeScriptParserMixin.parseMaybeUnaryOrPrivate (D:\Projetos\Mano calos projetos\VILA\Vila 2\node_modules\@babel\parser\lib\index.js:10925:61)
[2m20:10:56[22m [31m[1m[vite][22m[39m [31mInternal server error: D:\Projetos\Mano calos projetos\VILA\Vila 2\src\components\WorldMap.tsx: Adjacent JSX elements must be wrapped in an enclosing tag. Did you want a JSX fragment <>...</>? (575:10)

[0m [90m 573 |[31m             [33m<[31m[33m/[31m[33mdiv[31m[33m>[31m
 [90m 574 |[31m           [33m<[31m[33m/[31m[33mdiv[31m[33m>[31m
[31m[1m>[22m[31m[90m 575 |[31m           [33m<[31m[33m/[31m[33mdiv[31m[33m>[31m
 [90m     |[31m           [31m[1m^[22m[31m
 [90m 576 |[31m         )}
 [90m 577 |[31m       [33m<[31m[33m/[31m[33mdiv[31m[33m>[31m
 [90m 578 |[31m[0m[39m
  Plugin: [35mvite:react-babel[39m
  File: [36mD:/Projetos/Mano calos projetos/VILA/Vila 2/src/components/WorldMap.tsx[39m:575:10
[33m  573|              </div>
  574|            </div>
  575|            </div>
     |            ^
  576|          )}
  577|        </div>[39m
      at constructor (D:\Projetos\Mano calos projetos\VILA\Vila 2\node_modules\@babel\parser\lib\index.js:369:19)
      at TypeScriptParserMixin.raise (D:\Projetos\Mano calos projetos\VILA\Vila 2\node_modules\@babel\parser\lib\index.js:6622:19)
      at TypeScriptParserMixin.jsxParseElementAt (D:\Projetos\Mano calos projetos\VILA\Vila 2\node_modules\@babel\parser\lib\index.js:4760:18)
      at TypeScriptParserMixin.jsxParseElement (D:\Projetos\Mano calos projetos\VILA\Vila 2\node_modules\@babel\parser\lib\index.js:4767:17)
      at TypeScriptParserMixin.parseExprAtom (D:\Projetos\Mano calos projetos\VILA\Vila 2\node_modules\@babel\parser\lib\index.js:4777:19)
      at TypeScriptParserMixin.parseExprSubscripts (D:\Projetos\Mano calos projetos\VILA\Vila 2\node_modules\@babel\parser\lib\index.js:11107:23)
      at TypeScriptParserMixin.parseUpdate (D:\Projetos\Mano calos projetos\VILA\Vila 2\node_modules\@babel\parser\lib\index.js:11092:21)
      at TypeScriptParserMixin.parseMaybeUnary (D:\Projetos\Mano calos projetos\VILA\Vila 2\node_modules\@babel\parser\lib\index.js:11072:23)
      at TypeScriptParserMixin.parseMaybeUnary (D:\Projetos\Mano calos projetos\VILA\Vila 2\node_modules\@babel\parser\lib\index.js:9860:18)
      at TypeScriptParserMixin.parseMaybeUnaryOrPrivate (D:\Projetos\Mano calos projetos\VILA\Vila 2\node_modules\@babel\parser\lib\index.js:10925:61)
      at TypeScriptParserMixin.parseExprOps (D:\Projetos\Mano calos projetos\VILA\Vila 2\node_modules\@babel\parser\lib\index.js:10930:23)
      at TypeScriptParserMixin.parseMaybeConditional (D:\Projetos\Mano calos projetos\VILA\Vila 2\node_modules\@babel\parser\lib\index.js:10907:23)
      at TypeScriptParserMixin.parseMaybeAssign (D:\Projetos\Mano calos projetos\VILA\Vila 2\node_modules\@babel\parser\lib\index.js:10857:21)
      at D:\Projetos\Mano calos projetos\VILA\Vila 2\node_modules\@babel\parser\lib\index.js:9798:39
      at TypeScriptParserMixin.tryParse (D:\Projetos\Mano calos projetos\VILA\Vila 2\node_modules\@babel\parser\lib\index.js:6930:20)
      at TypeScriptParserMixin.parseMaybeAssign (D:\Projetos\Mano calos projetos\VILA\Vila 2\node_modules\@babel\parser\lib\index.js:9798:18)
      at D:\Projetos\Mano calos projetos\VILA\Vila 2\node_modules\@babel\parser\lib\index.js:10826:39
      at TypeScriptParserMixin.allowInAnd (D:\Projetos\Mano calos projetos\VILA\Vila 2\node_modules\@babel\parser\lib\index.js:12460:12)
      at TypeScriptParserMixin.parseMaybeAssignAllowIn (D:\Projetos\Mano calos projetos\VILA\Vila 2\node_modules\@babel\parser\lib\index.js:10826:17)
      at TypeScriptParserMixin.parseMaybeAssignAllowInOrVoidPattern (D:\Projetos\Mano calos projetos\VILA\Vila 2\node_modules\@babel\parser\lib\index.js:12527:17)
      at TypeScriptParserMixin.parseParenAndDistinguishExpression (D:\Projetos\Mano calos projetos\VILA\Vila 2\node_modules\@babel\parser\lib\index.js:11706:28)
      at TypeScriptParserMixin.parseExprAtom (D:\Projetos\Mano calos projetos\VILA\Vila 2\node_modules\@babel\parser\lib\index.js:11362:23)
      at TypeScriptParserMixin.parseExprAtom (D:\Projetos\Mano calos projetos\VILA\Vila 2\node_modules\@babel\parser\lib\index.js:4782:20)
      at TypeScriptParserMixin.parseExprSubscripts (D:\Projetos\Mano calos projetos\VILA\Vila 2\node_modules\@babel\parser\lib\index.js:11107:23)
      at TypeScriptParserMixin.parseUpdate (D:\Projetos\Mano calos projetos\VILA\Vila 2\node_modules\@babel\parser\lib\index.js:11092:21)
      at TypeScriptParserMixin.parseMaybeUnary (D:\Projetos\Mano calos projetos\VILA\Vila 2\node_modules\@babel\parser\lib\index.js:11072:23)
      at TypeScriptParserMixin.parseMaybeUnary (D:\Projetos\Mano calos projetos\VILA\Vila 2\node_modules\@babel\parser\lib\index.js:9860:18)
      at TypeScriptParserMixin.parseMaybeUnaryOrPrivate (D:\Projetos\Mano calos projetos\VILA\Vila 2\node_modules\@babel\parser\lib\index.js:10925:61)
      at TypeScriptParserMixin.parseExprOpBaseRightExpr (D:\Projetos\Mano calos projetos\VILA\Vila 2\node_modules\@babel\parser\lib\index.js:11012:34)
      at TypeScriptParserMixin.parseExprOpRightExpr (D:\Projetos\Mano calos projetos\VILA\Vila 2\node_modules\@babel\parser\lib\index.js:11007:21)
      at TypeScriptParserMixin.parseExprOp (D:\Projetos\Mano calos projetos\VILA\Vila 2\node_modules\@babel\parser\lib\index.js:10973:27)
      at TypeScriptParserMixin.parseExprOp (D:\Projetos\Mano calos projetos\VILA\Vila 2\node_modules\@babel\parser\lib\index.js:9329:18)
      at TypeScriptParserMixin.parseExprOps (D:\Projetos\Mano calos projetos\VILA\Vila 2\node_modules\@babel\parser\lib\index.js:10934:17)
      at TypeScriptParserMixin.parseMaybeConditional (D:\Projetos\Mano calos projetos\VILA\Vila 2\node_modules\@babel\parser\lib\index.js:10907:23)
      at TypeScriptParserMixin.parseMaybeAssign (D:\Projetos\Mano calos projetos\VILA\Vila 2\node_modules\@babel\parser\lib\index.js:10857:21)
      at TypeScriptParserMixin.parseMaybeAssign (D:\Projetos\Mano calos projetos\VILA\Vila 2\node_modules\@babel\parser\lib\index.js:9809:20)
      at TypeScriptParserMixin.parseExpressionBase (D:\Projetos\Mano calos projetos\VILA\Vila 2\node_modules\@babel\parser\lib\index.js:10810:23)
      at D:\Projetos\Mano calos projetos\VILA\Vila 2\node_modules\@babel\parser\lib\index.js:10806:39
      at TypeScriptParserMixin.allowInAnd (D:\Projetos\Mano calos projetos\VILA\Vila 2\node_modules\@babel\parser\lib\index.js:12460:12)
      at TypeScriptParserMixin.parseExpression (D:\Projetos\Mano calos projetos\VILA\Vila 2\node_modules\@babel\parser\lib\index.js:10806:17)
      at TypeScriptParserMixin.jsxParseExpressionContainer (D:\Projetos\Mano calos projetos\VILA\Vila 2\node_modules\@babel\parser\lib\index.js:4650:31)
      at TypeScriptParserMixin.jsxParseElementAt (D:\Projetos\Mano calos projetos\VILA\Vila 2\node_modules\@babel\parser\lib\index.js:4729:36)
      at TypeScriptParserMixin.jsxParseElementAt (D:\Projetos\Mano calos projetos\VILA\Vila 2\node_modules\@babel\parser\lib\index.js:4716:32)
      at TypeScriptParserMixin.jsxParseElement (D:\Projetos\Mano calos projetos\VILA\Vila 2\node_modules\@babel\parser\lib\index.js:4767:17)
      at TypeScriptParserMixin.parseExprAtom (D:\Projetos\Mano calos projetos\VILA\Vila 2\node_modules\@babel\parser\lib\index.js:4777:19)
      at TypeScriptParserMixin.parseExprSubscripts (D:\Projetos\Mano calos projetos\VILA\Vila 2\node_modules\@babel\parser\lib\index.js:11107:23)
      at TypeScriptParserMixin.parseUpdate (D:\Projetos\Mano calos projetos\VILA\Vila 2\node_modules\@babel\parser\lib\index.js:11092:21)
      at TypeScriptParserMixin.parseMaybeUnary (D:\Projetos\Mano calos projetos\VILA\Vila 2\node_modules\@babel\parser\lib\index.js:11072:23)
      at TypeScriptParserMixin.parseMaybeUnary (D:\Projetos\Mano calos projetos\VILA\Vila 2\node_modules\@babel\parser\lib\index.js:9860:18)
      at TypeScriptParserMixin.parseMaybeUnaryOrPrivate (D:\Projetos\Mano calos projetos\VILA\Vila 2\node_modules\@babel\parser\lib\index.js:10925:61)
[2m20:10:56[22m [31m[1m[vite][22m[39m [31mInternal server error: D:\Projetos\Mano calos projetos\VILA\Vila 2\src\components\WorldMap.tsx: Adjacent JSX elements must be wrapped in an enclosing tag. Did you want a JSX fragment <>...</>? (575:10)

[0m [90m 573 |[31m             [33m<[31m[33m/[31m[33mdiv[31m[33m>[31m
 [90m 574 |[31m           [33m<[31m[33m/[31m[33mdiv[31m[33m>[31m
[31m[1m>[22m[31m[90m 575 |[31m           [33m<[31m[33m/[31m[33mdiv[31m[33m>[31m
 [90m     |[31m           [31m[1m^[22m[31m
 [90m 576 |[31m         )}
 [90m 577 |[31m       [33m<[31m[33m/[31m[33mdiv[31m[33m>[31m
 [90m 578 |[31m[0m[39m
  Plugin: [35mvite:react-babel[39m
  File: [36mD:/Projetos/Mano calos projetos/VILA/Vila 2/src/components/WorldMap.tsx[39m:575:10
[33m  573|              </div>
  574|            </div>
  575|            </div>
     |            ^
  576|          )}
  577|        </div>[39m
      at constructor (D:\Projetos\Mano calos projetos\VILA\Vila 2\node_modules\@babel\parser\lib\index.js:369:19)
      at TypeScriptParserMixin.raise (D:\Projetos\Mano calos projetos\VILA\Vila 2\node_modules\@babel\parser\lib\index.js:6622:19)
      at TypeScriptParserMixin.jsxParseElementAt (D:\Projetos\Mano calos projetos\VILA\Vila 2\node_modules\@babel\parser\lib\index.js:4760:18)
      at TypeScriptParserMixin.jsxParseElement (D:\Projetos\Mano calos projetos\VILA\Vila 2\node_modules\@babel\parser\lib\index.js:4767:17)
      at TypeScriptParserMixin.parseExprAtom (D:\Projetos\Mano calos projetos\VILA\Vila 2\node_modules\@babel\parser\lib\index.js:4777:19)
      at TypeScriptParserMixin.parseExprSubscripts (D:\Projetos\Mano calos projetos\VILA\Vila 2\node_modules\@babel\parser\lib\index.js:11107:23)
      at TypeScriptParserMixin.parseUpdate (D:\Projetos\Mano calos projetos\VILA\Vila 2\node_modules\@babel\parser\lib\index.js:11092:21)
      at TypeScriptParserMixin.parseMaybeUnary (D:\Projetos\Mano calos projetos\VILA\Vila 2\node_modules\@babel\parser\lib\index.js:11072:23)
      at TypeScriptParserMixin.parseMaybeUnary (D:\Projetos\Mano calos projetos\VILA\Vila 2\node_modules\@babel\parser\lib\index.js:9860:18)
      at TypeScriptParserMixin.parseMaybeUnaryOrPrivate (D:\Projetos\Mano calos projetos\VILA\Vila 2\node_modules\@babel\parser\lib\index.js:10925:61)
      at TypeScriptParserMixin.parseExprOps (D:\Projetos\Mano calos projetos\VILA\Vila 2\node_modules\@babel\parser\lib\index.js:10930:23)
      at TypeScriptParserMixin.parseMaybeConditional (D:\Projetos\Mano calos projetos\VILA\Vila 2\node_modules\@babel\parser\lib\index.js:10907:23)
      at TypeScriptParserMixin.parseMaybeAssign (D:\Projetos\Mano calos projetos\VILA\Vila 2\node_modules\@babel\parser\lib\index.js:10857:21)
      at D:\Projetos\Mano calos projetos\VILA\Vila 2\node_modules\@babel\parser\lib\index.js:9798:39
      at TypeScriptParserMixin.tryParse (D:\Projetos\Mano calos projetos\VILA\Vila 2\node_modules\@babel\parser\lib\index.js:6930:20)
      at TypeScriptParserMixin.parseMaybeAssign (D:\Projetos\Mano calos projetos\VILA\Vila 2\node_modules\@babel\parser\lib\index.js:9798:18)
      at D:\Projetos\Mano calos projetos\VILA\Vila 2\node_modules\@babel\parser\lib\index.js:10826:39
      at TypeScriptParserMixin.allowInAnd (D:\Projetos\Mano calos projetos\VILA\Vila 2\node_modules\@babel\parser\lib\index.js:12460:12)
      at TypeScriptParserMixin.parseMaybeAssignAllowIn (D:\Projetos\Mano calos projetos\VILA\Vila 2\node_modules\@babel\parser\lib\index.js:10826:17)
      at TypeScriptParserMixin.parseMaybeAssignAllowInOrVoidPattern (D:\Projetos\Mano calos projetos\VILA\Vila 2\node_modules\@babel\parser\lib\index.js:12527:17)
      at TypeScriptParserMixin.parseParenAndDistinguishExpression (D:\Projetos\Mano calos projetos\VILA\Vila 2\node_modules\@babel\parser\lib\index.js:11706:28)
      at TypeScriptParserMixin.parseExprAtom (D:\Projetos\Mano calos projetos\VILA\Vila 2\node_modules\@babel\parser\lib\index.js:11362:23)
      at TypeScriptParserMixin.parseExprAtom (D:\Projetos\Mano calos projetos\VILA\Vila 2\node_modules\@babel\parser\lib\index.js:4782:20)
      at TypeScriptParserMixin.parseExprSubscripts (D:\Projetos\Mano calos projetos\VILA\Vila 2\node_modules\@babel\parser\lib\index.js:11107:23)
      at TypeScriptParserMixin.parseUpdate (D:\Projetos\Mano calos projetos\VILA\Vila 2\node_modules\@babel\parser\lib\index.js:11092:21)
      at TypeScriptParserMixin.parseMaybeUnary (D:\Projetos\Mano calos projetos\VILA\Vila 2\node_modules\@babel\parser\lib\index.js:11072:23)
      at TypeScriptParserMixin.parseMaybeUnary (D:\Projetos\Mano calos projetos\VILA\Vila 2\node_modules\@babel\parser\lib\index.js:9860:18)
      at TypeScriptParserMixin.parseMaybeUnaryOrPrivate (D:\Projetos\Mano calos projetos\VILA\Vila 2\node_modules\@babel\parser\lib\index.js:10925:61)
      at TypeScriptParserMixin.parseExprOpBaseRightExpr (D:\Projetos\Mano calos projetos\VILA\Vila 2\node_modules\@babel\parser\lib\index.js:11012:34)
      at TypeScriptParserMixin.parseExprOpRightExpr (D:\Projetos\Mano calos projetos\VILA\Vila 2\node_modules\@babel\parser\lib\index.js:11007:21)
      at TypeScriptParserMixin.parseExprOp (D:\Projetos\Mano calos projetos\VILA\Vila 2\node_modules\@babel\parser\lib\index.js:10973:27)
      at TypeScriptParserMixin.parseExprOp (D:\Projetos\Mano calos projetos\VILA\Vila 2\node_modules\@babel\parser\lib\index.js:9329:18)
      at TypeScriptParserMixin.parseExprOps (D:\Projetos\Mano calos projetos\VILA\Vila 2\node_modules\@babel\parser\lib\index.js:10934:17)
      at TypeScriptParserMixin.parseMaybeConditional (D:\Projetos\Mano calos projetos\VILA\Vila 2\node_modules\@babel\parser\lib\index.js:10907:23)
      at TypeScriptParserMixin.parseMaybeAssign (D:\Projetos\Mano calos projetos\VILA\Vila 2\node_modules\@babel\parser\lib\index.js:10857:21)
      at TypeScriptParserMixin.parseMaybeAssign (D:\Projetos\Mano calos projetos\VILA\Vila 2\node_modules\@babel\parser\lib\index.js:9809:20)
      at TypeScriptParserMixin.parseExpressionBase (D:\Projetos\Mano calos projetos\VILA\Vila 2\node_modules\@babel\parser\lib\index.js:10810:23)
      at D:\Projetos\Mano calos projetos\VILA\Vila 2\node_modules\@babel\parser\lib\index.js:10806:39
      at TypeScriptParserMixin.allowInAnd (D:\Projetos\Mano calos projetos\VILA\Vila 2\node_modules\@babel\parser\lib\index.js:12460:12)
      at TypeScriptParserMixin.parseExpression (D:\Projetos\Mano calos projetos\VILA\Vila 2\node_modules\@babel\parser\lib\index.js:10806:17)
      at TypeScriptParserMixin.jsxParseExpressionContainer (D:\Projetos\Mano calos projetos\VILA\Vila 2\node_modules\@babel\parser\lib\index.js:4650:31)
      at TypeScriptParserMixin.jsxParseElementAt (D:\Projetos\Mano calos projetos\VILA\Vila 2\node_modules\@babel\parser\lib\index.js:4729:36)
      at TypeScriptParserMixin.jsxParseElementAt (D:\Projetos\Mano calos projetos\VILA\Vila 2\node_modules\@babel\parser\lib\index.js:4716:32)
      at TypeScriptParserMixin.jsxParseElement (D:\Projetos\Mano calos projetos\VILA\Vila 2\node_modules\@babel\parser\lib\index.js:4767:17)
      at TypeScriptParserMixin.parseExprAtom (D:\Projetos\Mano calos projetos\VILA\Vila 2\node_modules\@babel\parser\lib\index.js:4777:19)
      at TypeScriptParserMixin.parseExprSubscripts (D:\Projetos\Mano calos projetos\VILA\Vila 2\node_modules\@babel\parser\lib\index.js:11107:23)
      at TypeScriptParserMixin.parseUpdate (D:\Projetos\Mano calos projetos\VILA\Vila 2\node_modules\@babel\parser\lib\index.js:11092:21)
      at TypeScriptParserMixin.parseMaybeUnary (D:\Projetos\Mano calos projetos\VILA\Vila 2\node_modules\@babel\parser\lib\index.js:11072:23)
      at TypeScriptParserMixin.parseMaybeUnary (D:\Projetos\Mano calos projetos\VILA\Vila 2\node_modules\@babel\parser\lib\index.js:9860:18)
      at TypeScriptParserMixin.parseMaybeUnaryOrPrivate (D:\Projetos\Mano calos projetos\VILA\Vila 2\node_modules\@babel\parser\lib\index.js:10925:61)
[2m20:11:33[22m [31m[1m[vite][22m[39m [31m[2m(client)[22m[39m Pre-transform error: D:\Projetos\Mano calos projetos\VILA\Vila 2\src\components\WorldMap.tsx: Adjacent JSX elements must be wrapped in an enclosing tag. Did you want a JSX fragment <>...</>? (575:10)

[0m [90m 573 |[39m             [33m<[39m[33m/[39m[33mdiv[39m[33m>[39m
 [90m 574 |[39m           [33m<[39m[33m/[39m[33mdiv[39m[33m>[39m
[31m[1m>[22m[39m[90m 575 |[39m           [33m<[39m[33m/[39m[33mdiv[39m[33m>[39m
 [90m     |[39m           [31m[1m^[22m[39m
 [90m 576 |[39m         )}
 [90m 577 |[39m       [33m<[39m[33m/[39m[33mdiv[39m[33m>[39m
 [90m 578 |[39m[0m
  Plugin: [35mvite:react-babel[39m
  File: [36mD:/Projetos/Mano calos projetos/VILA/Vila 2/src/components/WorldMap.tsx[39m:575:10
[33m  573|              </div>
  574|            </div>
  575|            </div>
     |            ^
  576|          )}
  577|        </div>[39m
[2m20:11:33[22m [31m[1m[vite][22m[39m [31m[2m(client)[22m[39m Pre-transform error: D:\Projetos\Mano calos projetos\VILA\Vila 2\src\components\WorldMap.tsx: Adjacent JSX elements must be wrapped in an enclosing tag. Did you want a JSX fragment <>...</>? (575:10)

[0m [90m 573 |[39m             [33m<[39m[33m/[39m[33mdiv[39m[33m>[39m
 [90m 574 |[39m           [33m<[39m[33m/[39m[33mdiv[39m[33m>[39m
[31m[1m>[22m[39m[90m 575 |[39m           [33m<[39m[33m/[39m[33mdiv[39m[33m>[39m
 [90m     |[39m           [31m[1m^[22m[39m
 [90m 576 |[39m         )}
 [90m 577 |[39m       [33m<[39m[33m/[39m[33mdiv[39m[33m>[39m
 [90m 578 |[39m[0m
  Plugin: [35mvite:react-babel[39m
  File: [36mD:/Projetos/Mano calos projetos/VILA/Vila 2/src/components/WorldMap.tsx[39m:575:10
[33m  573|              </div>
  574|            </div>
  575|            </div>
     |            ^
  576|          )}
  577|        </div>[39m
[2m20:11:34[22m [31m[1m[vite][22m[39m [31mInternal server error: D:\Projetos\Mano calos projetos\VILA\Vila 2\src\components\WorldMap.tsx: Adjacent JSX elements must be wrapped in an enclosing tag. Did you want a JSX fragment <>...</>? (575:10)

[0m [90m 573 |[31m             [33m<[31m[33m/[31m[33mdiv[31m[33m>[31m
 [90m 574 |[31m           [33m<[31m[33m/[31m[33mdiv[31m[33m>[31m
[31m[1m>[22m[31m[90m 575 |[31m           [33m<[31m[33m/[31m[33mdiv[31m[33m>[31m
 [90m     |[31m           [31m[1m^[22m[31m
 [90m 576 |[31m         )}
 [90m 577 |[31m       [33m<[31m[33m/[31m[33mdiv[31m[33m>[31m
 [90m 578 |[31m[0m[39m
  Plugin: [35mvite:react-babel[39m
  File: [36mD:/Projetos/Mano calos projetos/VILA/Vila 2/src/components/WorldMap.tsx[39m:575:10
[33m  573|              </div>
  574|            </div>
  575|            </div>
     |            ^
  576|          )}
  577|        </div>[39m
      at constructor (D:\Projetos\Mano calos projetos\VILA\Vila 2\node_modules\@babel\parser\lib\index.js:369:19)
      at TypeScriptParserMixin.raise (D:\Projetos\Mano calos projetos\VILA\Vila 2\node_modules\@babel\parser\lib\index.js:6622:19)
      at TypeScriptParserMixin.jsxParseElementAt (D:\Projetos\Mano calos projetos\VILA\Vila 2\node_modules\@babel\parser\lib\index.js:4760:18)
      at TypeScriptParserMixin.jsxParseElement (D:\Projetos\Mano calos projetos\VILA\Vila 2\node_modules\@babel\parser\lib\index.js:4767:17)
      at TypeScriptParserMixin.parseExprAtom (D:\Projetos\Mano calos projetos\VILA\Vila 2\node_modules\@babel\parser\lib\index.js:4777:19)
      at TypeScriptParserMixin.parseExprSubscripts (D:\Projetos\Mano calos projetos\VILA\Vila 2\node_modules\@babel\parser\lib\index.js:11107:23)
      at TypeScriptParserMixin.parseUpdate (D:\Projetos\Mano calos projetos\VILA\Vila 2\node_modules\@babel\parser\lib\index.js:11092:21)
      at TypeScriptParserMixin.parseMaybeUnary (D:\Projetos\Mano calos projetos\VILA\Vila 2\node_modules\@babel\parser\lib\index.js:11072:23)
      at TypeScriptParserMixin.parseMaybeUnary (D:\Projetos\Mano calos projetos\VILA\Vila 2\node_modules\@babel\parser\lib\index.js:9860:18)
      at TypeScriptParserMixin.parseMaybeUnaryOrPrivate (D:\Projetos\Mano calos projetos\VILA\Vila 2\node_modules\@babel\parser\lib\index.js:10925:61)
      at TypeScriptParserMixin.parseExprOps (D:\Projetos\Mano calos projetos\VILA\Vila 2\node_modules\@babel\parser\lib\index.js:10930:23)
      at TypeScriptParserMixin.parseMaybeConditional (D:\Projetos\Mano calos projetos\VILA\Vila 2\node_modules\@babel\parser\lib\index.js:10907:23)
      at TypeScriptParserMixin.parseMaybeAssign (D:\Projetos\Mano calos projetos\VILA\Vila 2\node_modules\@babel\parser\lib\index.js:10857:21)
      at D:\Projetos\Mano calos projetos\VILA\Vila 2\node_modules\@babel\parser\lib\index.js:9798:39
      at TypeScriptParserMixin.tryParse (D:\Projetos\Mano calos projetos\VILA\Vila 2\node_modules\@babel\parser\lib\index.js:6930:20)
      at TypeScriptParserMixin.parseMaybeAssign (D:\Projetos\Mano calos projetos\VILA\Vila 2\node_modules\@babel\parser\lib\index.js:9798:18)
      at D:\Projetos\Mano calos projetos\VILA\Vila 2\node_modules\@babel\parser\lib\index.js:10826:39
      at TypeScriptParserMixin.allowInAnd (D:\Projetos\Mano calos projetos\VILA\Vila 2\node_modules\@babel\parser\lib\index.js:12460:12)
      at TypeScriptParserMixin.parseMaybeAssignAllowIn (D:\Projetos\Mano calos projetos\VILA\Vila 2\node_modules\@babel\parser\lib\index.js:10826:17)
      at TypeScriptParserMixin.parseMaybeAssignAllowInOrVoidPattern (D:\Projetos\Mano calos projetos\VILA\Vila 2\node_modules\@babel\parser\lib\index.js:12527:17)
      at TypeScriptParserMixin.parseParenAndDistinguishExpression (D:\Projetos\Mano calos projetos\VILA\Vila 2\node_modules\@babel\parser\lib\index.js:11706:28)
      at TypeScriptParserMixin.parseExprAtom (D:\Projetos\Mano calos projetos\VILA\Vila 2\node_modules\@babel\parser\lib\index.js:11362:23)
      at TypeScriptParserMixin.parseExprAtom (D:\Projetos\Mano calos projetos\VILA\Vila 2\node_modules\@babel\parser\lib\index.js:4782:20)
      at TypeScriptParserMixin.parseExprSubscripts (D:\Projetos\Mano calos projetos\VILA\Vila 2\node_modules\@babel\parser\lib\index.js:11107:23)
      at TypeScriptParserMixin.parseUpdate (D:\Projetos\Mano calos projetos\VILA\Vila 2\node_modules\@babel\parser\lib\index.js:11092:21)
      at TypeScriptParserMixin.parseMaybeUnary (D:\Projetos\Mano calos projetos\VILA\Vila 2\node_modules\@babel\parser\lib\index.js:11072:23)
      at TypeScriptParserMixin.parseMaybeUnary (D:\Projetos\Mano calos projetos\VILA\Vila 2\node_modules\@babel\parser\lib\index.js:9860:18)
      at TypeScriptParserMixin.parseMaybeUnaryOrPrivate (D:\Projetos\Mano calos projetos\VILA\Vila 2\node_modules\@babel\parser\lib\index.js:10925:61)
      at TypeScriptParserMixin.parseExprOpBaseRightExpr (D:\Projetos\Mano calos projetos\VILA\Vila 2\node_modules\@babel\parser\lib\index.js:11012:34)
      at TypeScriptParserMixin.parseExprOpRightExpr (D:\Projetos\Mano calos projetos\VILA\Vila 2\node_modules\@babel\parser\lib\index.js:11007:21)
      at TypeScriptParserMixin.parseExprOp (D:\Projetos\Mano calos projetos\VILA\Vila 2\node_modules\@babel\parser\lib\index.js:10973:27)
      at TypeScriptParserMixin.parseExprOp (D:\Projetos\Mano calos projetos\VILA\Vila 2\node_modules\@babel\parser\lib\index.js:9329:18)
      at TypeScriptParserMixin.parseExprOps (D:\Projetos\Mano calos projetos\VILA\Vila 2\node_modules\@babel\parser\lib\index.js:10934:17)
      at TypeScriptParserMixin.parseMaybeConditional (D:\Projetos\Mano calos projetos\VILA\Vila 2\node_modules\@babel\parser\lib\index.js:10907:23)
      at TypeScriptParserMixin.parseMaybeAssign (D:\Projetos\Mano calos projetos\VILA\Vila 2\node_modules\@babel\parser\lib\index.js:10857:21)
      at TypeScriptParserMixin.parseMaybeAssign (D:\Projetos\Mano calos projetos\VILA\Vila 2\node_modules\@babel\parser\lib\index.js:9809:20)
      at TypeScriptParserMixin.parseExpressionBase (D:\Projetos\Mano calos projetos\VILA\Vila 2\node_modules\@babel\parser\lib\index.js:10810:23)
      at D:\Projetos\Mano calos projetos\VILA\Vila 2\node_modules\@babel\parser\lib\index.js:10806:39
      at TypeScriptParserMixin.allowInAnd (D:\Projetos\Mano calos projetos\VILA\Vila 2\node_modules\@babel\parser\lib\index.js:12460:12)
      at TypeScriptParserMixin.parseExpression (D:\Projetos\Mano calos projetos\VILA\Vila 2\node_modules\@babel\parser\lib\index.js:10806:17)
      at TypeScriptParserMixin.jsxParseExpressionContainer (D:\Projetos\Mano calos projetos\VILA\Vila 2\node_modules\@babel\parser\lib\index.js:4650:31)
      at TypeScriptParserMixin.jsxParseElementAt (D:\Projetos\Mano calos projetos\VILA\Vila 2\node_modules\@babel\parser\lib\index.js:4729:36)
      at TypeScriptParserMixin.jsxParseElementAt (D:\Projetos\Mano calos projetos\VILA\Vila 2\node_modules\@babel\parser\lib\index.js:4716:32)
      at TypeScriptParserMixin.jsxParseElement (D:\Projetos\Mano calos projetos\VILA\Vila 2\node_modules\@babel\parser\lib\index.js:4767:17)
      at TypeScriptParserMixin.parseExprAtom (D:\Projetos\Mano calos projetos\VILA\Vila 2\node_modules\@babel\parser\lib\index.js:4777:19)
      at TypeScriptParserMixin.parseExprSubscripts (D:\Projetos\Mano calos projetos\VILA\Vila 2\node_modules\@babel\parser\lib\index.js:11107:23)
      at TypeScriptParserMixin.parseUpdate (D:\Projetos\Mano calos projetos\VILA\Vila 2\node_modules\@babel\parser\lib\index.js:11092:21)
      at TypeScriptParserMixin.parseMaybeUnary (D:\Projetos\Mano calos projetos\VILA\Vila 2\node_modules\@babel\parser\lib\index.js:11072:23)
      at TypeScriptParserMixin.parseMaybeUnary (D:\Projetos\Mano calos projetos\VILA\Vila 2\node_modules\@babel\parser\lib\index.js:9860:18)
      at TypeScriptParserMixin.parseMaybeUnaryOrPrivate (D:\Projetos\Mano calos projetos\VILA\Vila 2\node_modules\@babel\parser\lib\index.js:10925:61)
[2m20:11:34[22m [31m[1m[vite][22m[39m [31mInternal server error: D:\Projetos\Mano calos projetos\VILA\Vila 2\src\components\WorldMap.tsx: Adjacent JSX elements must be wrapped in an enclosing tag. Did you want a JSX fragment <>...</>? (575:10)

[0m [90m 573 |[31m             [33m<[31m[33m/[31m[33mdiv[31m[33m>[31m
 [90m 574 |[31m           [33m<[31m[33m/[31m[33mdiv[31m[33m>[31m
[31m[1m>[22m[31m[90m 575 |[31m           [33m<[31m[33m/[31m[33mdiv[31m[33m>[31m
 [90m     |[31m           [31m[1m^[22m[31m
 [90m 576 |[31m         )}
 [90m 577 |[31m       [33m<[31m[33m/[31m[33mdiv[31m[33m>[31m
 [90m 578 |[31m[0m[39m
  Plugin: [35mvite:react-babel[39m
  File: [36mD:/Projetos/Mano calos projetos/VILA/Vila 2/src/components/WorldMap.tsx[39m:575:10
[33m  573|              </div>
  574|            </div>
  575|            </div>
     |            ^
  576|          )}
  577|        </div>[39m
      at constructor (D:\Projetos\Mano calos projetos\VILA\Vila 2\node_modules\@babel\parser\lib\index.js:369:19)
      at TypeScriptParserMixin.raise (D:\Projetos\Mano calos projetos\VILA\Vila 2\node_modules\@babel\parser\lib\index.js:6622:19)
      at TypeScriptParserMixin.jsxParseElementAt (D:\Projetos\Mano calos projetos\VILA\Vila 2\node_modules\@babel\parser\lib\index.js:4760:18)
      at TypeScriptParserMixin.jsxParseElement (D:\Projetos\Mano calos projetos\VILA\Vila 2\node_modules\@babel\parser\lib\index.js:4767:17)
      at TypeScriptParserMixin.parseExprAtom (D:\Projetos\Mano calos projetos\VILA\Vila 2\node_modules\@babel\parser\lib\index.js:4777:19)
      at TypeScriptParserMixin.parseExprSubscripts (D:\Projetos\Mano calos projetos\VILA\Vila 2\node_modules\@babel\parser\lib\index.js:11107:23)
      at TypeScriptParserMixin.parseUpdate (D:\Projetos\Mano calos projetos\VILA\Vila 2\node_modules\@babel\parser\lib\index.js:11092:21)
      at TypeScriptParserMixin.parseMaybeUnary (D:\Projetos\Mano calos projetos\VILA\Vila 2\node_modules\@babel\parser\lib\index.js:11072:23)
      at TypeScriptParserMixin.parseMaybeUnary (D:\Projetos\Mano calos projetos\VILA\Vila 2\node_modules\@babel\parser\lib\index.js:9860:18)
      at TypeScriptParserMixin.parseMaybeUnaryOrPrivate (D:\Projetos\Mano calos projetos\VILA\Vila 2\node_modules\@babel\parser\lib\index.js:10925:61)
      at TypeScriptParserMixin.parseExprOps (D:\Projetos\Mano calos projetos\VILA\Vila 2\node_modules\@babel\parser\lib\index.js:10930:23)
      at TypeScriptParserMixin.parseMaybeConditional (D:\Projetos\Mano calos projetos\VILA\Vila 2\node_modules\@babel\parser\lib\index.js:10907:23)
      at TypeScriptParserMixin.parseMaybeAssign (D:\Projetos\Mano calos projetos\VILA\Vila 2\node_modules\@babel\parser\lib\index.js:10857:21)
      at D:\Projetos\Mano calos projetos\VILA\Vila 2\node_modules\@babel\parser\lib\index.js:9798:39
      at TypeScriptParserMixin.tryParse (D:\Projetos\Mano calos projetos\VILA\Vila 2\node_modules\@babel\parser\lib\index.js:6930:20)
      at TypeScriptParserMixin.parseMaybeAssign (D:\Projetos\Mano calos projetos\VILA\Vila 2\node_modules\@babel\parser\lib\index.js:9798:18)
      at D:\Projetos\Mano calos projetos\VILA\Vila 2\node_modules\@babel\parser\lib\index.js:10826:39
      at TypeScriptParserMixin.allowInAnd (D:\Projetos\Mano calos projetos\VILA\Vila 2\node_modules\@babel\parser\lib\index.js:12460:12)
      at TypeScriptParserMixin.parseMaybeAssignAllowIn (D:\Projetos\Mano calos projetos\VILA\Vila 2\node_modules\@babel\parser\lib\index.js:10826:17)
      at TypeScriptParserMixin.parseMaybeAssignAllowInOrVoidPattern (D:\Projetos\Mano calos projetos\VILA\Vila 2\node_modules\@babel\parser\lib\index.js:12527:17)
      at TypeScriptParserMixin.parseParenAndDistinguishExpression (D:\Projetos\Mano calos projetos\VILA\Vila 2\node_modules\@babel\parser\lib\index.js:11706:28)
      at TypeScriptParserMixin.parseExprAtom (D:\Projetos\Mano calos projetos\VILA\Vila 2\node_modules\@babel\parser\lib\index.js:11362:23)
      at TypeScriptParserMixin.parseExprAtom (D:\Projetos\Mano calos projetos\VILA\Vila 2\node_modules\@babel\parser\lib\index.js:4782:20)
      at TypeScriptParserMixin.parseExprSubscripts (D:\Projetos\Mano calos projetos\VILA\Vila 2\node_modules\@babel\parser\lib\index.js:11107:23)
      at TypeScriptParserMixin.parseUpdate (D:\Projetos\Mano calos projetos\VILA\Vila 2\node_modules\@babel\parser\lib\index.js:11092:21)
      at TypeScriptParserMixin.parseMaybeUnary (D:\Projetos\Mano calos projetos\VILA\Vila 2\node_modules\@babel\parser\lib\index.js:11072:23)
      at TypeScriptParserMixin.parseMaybeUnary (D:\Projetos\Mano calos projetos\VILA\Vila 2\node_modules\@babel\parser\lib\index.js:9860:18)
      at TypeScriptParserMixin.parseMaybeUnaryOrPrivate (D:\Projetos\Mano calos projetos\VILA\Vila 2\node_modules\@babel\parser\lib\index.js:10925:61)
      at TypeScriptParserMixin.parseExprOpBaseRightExpr (D:\Projetos\Mano calos projetos\VILA\Vila 2\node_modules\@babel\parser\lib\index.js:11012:34)
      at TypeScriptParserMixin.parseExprOpRightExpr (D:\Projetos\Mano calos projetos\VILA\Vila 2\node_modules\@babel\parser\lib\index.js:11007:21)
      at TypeScriptParserMixin.parseExprOp (D:\Projetos\Mano calos projetos\VILA\Vila 2\node_modules\@babel\parser\lib\index.js:10973:27)
      at TypeScriptParserMixin.parseExprOp (D:\Projetos\Mano calos projetos\VILA\Vila 2\node_modules\@babel\parser\lib\index.js:9329:18)
      at TypeScriptParserMixin.parseExprOps (D:\Projetos\Mano calos projetos\VILA\Vila 2\node_modules\@babel\parser\lib\index.js:10934:17)
      at TypeScriptParserMixin.parseMaybeConditional (D:\Projetos\Mano calos projetos\VILA\Vila 2\node_modules\@babel\parser\lib\index.js:10907:23)
      at TypeScriptParserMixin.parseMaybeAssign (D:\Projetos\Mano calos projetos\VILA\Vila 2\node_modules\@babel\parser\lib\index.js:10857:21)
      at TypeScriptParserMixin.parseMaybeAssign (D:\Projetos\Mano calos projetos\VILA\Vila 2\node_modules\@babel\parser\lib\index.js:9809:20)
      at TypeScriptParserMixin.parseExpressionBase (D:\Projetos\Mano calos projetos\VILA\Vila 2\node_modules\@babel\parser\lib\index.js:10810:23)
      at D:\Projetos\Mano calos projetos\VILA\Vila 2\node_modules\@babel\parser\lib\index.js:10806:39
      at TypeScriptParserMixin.allowInAnd (D:\Projetos\Mano calos projetos\VILA\Vila 2\node_modules\@babel\parser\lib\index.js:12460:12)
      at TypeScriptParserMixin.parseExpression (D:\Projetos\Mano calos projetos\VILA\Vila 2\node_modules\@babel\parser\lib\index.js:10806:17)
      at TypeScriptParserMixin.jsxParseExpressionContainer (D:\Projetos\Mano calos projetos\VILA\Vila 2\node_modules\@babel\parser\lib\index.js:4650:31)
      at TypeScriptParserMixin.jsxParseElementAt (D:\Projetos\Mano calos projetos\VILA\Vila 2\node_modules\@babel\parser\lib\index.js:4729:36)
      at TypeScriptParserMixin.jsxParseElementAt (D:\Projetos\Mano calos projetos\VILA\Vila 2\node_modules\@babel\parser\lib\index.js:4716:32)
      at TypeScriptParserMixin.jsxParseElement (D:\Projetos\Mano calos projetos\VILA\Vila 2\node_modules\@babel\parser\lib\index.js:4767:17)
      at TypeScriptParserMixin.parseExprAtom (D:\Projetos\Mano calos projetos\VILA\Vila 2\node_modules\@babel\parser\lib\index.js:4777:19)
      at TypeScriptParserMixin.parseExprSubscripts (D:\Projetos\Mano calos projetos\VILA\Vila 2\node_modules\@babel\parser\lib\index.js:11107:23)
      at TypeScriptParserMixin.parseUpdate (D:\Projetos\Mano calos projetos\VILA\Vila 2\node_modules\@babel\parser\lib\index.js:11092:21)
      at TypeScriptParserMixin.parseMaybeUnary (D:\Projetos\Mano calos projetos\VILA\Vila 2\node_modules\@babel\parser\lib\index.js:11072:23)
      at TypeScriptParserMixin.parseMaybeUnary (D:\Projetos\Mano calos projetos\VILA\Vila 2\node_modules\@babel\parser\lib\index.js:9860:18)
      at TypeScriptParserMixin.parseMaybeUnaryOrPrivate (D:\Projetos\Mano calos projetos\VILA\Vila 2\node_modules\@babel\parser\lib\index.js:10925:61)
[2m20:11:34[22m [31m[1m[vite][22m[39m [31mInternal server error: D:\Projetos\Mano calos projetos\VILA\Vila 2\src\components\WorldMap.tsx: Adjacent JSX elements must be wrapped in an enclosing tag. Did you want a JSX fragment <>...</>? (575:10)

[0m [90m 573 |[31m             [33m<[31m[33m/[31m[33mdiv[31m[33m>[31m
 [90m 574 |[31m           [33m<[31m[33m/[31m[33mdiv[31m[33m>[31m
[31m[1m>[22m[31m[90m 575 |[31m           [33m<[31m[33m/[31m[33mdiv[31m[33m>[31m
 [90m     |[31m           [31m[1m^[22m[31m
 [90m 576 |[31m         )}
 [90m 577 |[31m       [33m<[31m[33m/[31m[33mdiv[31m[33m>[31m
 [90m 578 |[31m[0m[39m
  Plugin: [35mvite:react-babel[39m
  File: [36mD:/Projetos/Mano calos projetos/VILA/Vila 2/src/components/WorldMap.tsx[39m:575:10
[33m  573|              </div>
  574|            </div>
  575|            </div>
     |            ^
  576|          )}
  577|        </div>[39m
      at constructor (D:\Projetos\Mano calos projetos\VILA\Vila 2\node_modules\@babel\parser\lib\index.js:369:19)
      at TypeScriptParserMixin.raise (D:\Projetos\Mano calos projetos\VILA\Vila 2\node_modules\@babel\parser\lib\index.js:6622:19)
      at TypeScriptParserMixin.jsxParseElementAt (D:\Projetos\Mano calos projetos\VILA\Vila 2\node_modules\@babel\parser\lib\index.js:4760:18)
      at TypeScriptParserMixin.jsxParseElement (D:\Projetos\Mano calos projetos\VILA\Vila 2\node_modules\@babel\parser\lib\index.js:4767:17)
      at TypeScriptParserMixin.parseExprAtom (D:\Projetos\Mano calos projetos\VILA\Vila 2\node_modules\@babel\parser\lib\index.js:4777:19)
      at TypeScriptParserMixin.parseExprSubscripts (D:\Projetos\Mano calos projetos\VILA\Vila 2\node_modules\@babel\parser\lib\index.js:11107:23)
      at TypeScriptParserMixin.parseUpdate (D:\Projetos\Mano calos projetos\VILA\Vila 2\node_modules\@babel\parser\lib\index.js:11092:21)
      at TypeScriptParserMixin.parseMaybeUnary (D:\Projetos\Mano calos projetos\VILA\Vila 2\node_modules\@babel\parser\lib\index.js:11072:23)
      at TypeScriptParserMixin.parseMaybeUnary (D:\Projetos\Mano calos projetos\VILA\Vila 2\node_modules\@babel\parser\lib\index.js:9860:18)
      at TypeScriptParserMixin.parseMaybeUnaryOrPrivate (D:\Projetos\Mano calos projetos\VILA\Vila 2\node_modules\@babel\parser\lib\index.js:10925:61)
      at TypeScriptParserMixin.parseExprOps (D:\Projetos\Mano calos projetos\VILA\Vila 2\node_modules\@babel\parser\lib\index.js:10930:23)
      at TypeScriptParserMixin.parseMaybeConditional (D:\Projetos\Mano calos projetos\VILA\Vila 2\node_modules\@babel\parser\lib\index.js:10907:23)
      at TypeScriptParserMixin.parseMaybeAssign (D:\Projetos\Mano calos projetos\VILA\Vila 2\node_modules\@babel\parser\lib\index.js:10857:21)
      at D:\Projetos\Mano calos projetos\VILA\Vila 2\node_modules\@babel\parser\lib\index.js:9798:39
      at TypeScriptParserMixin.tryParse (D:\Projetos\Mano calos projetos\VILA\Vila 2\node_modules\@babel\parser\lib\index.js:6930:20)
      at TypeScriptParserMixin.parseMaybeAssign (D:\Projetos\Mano calos projetos\VILA\Vila 2\node_modules\@babel\parser\lib\index.js:9798:18)
      at D:\Projetos\Mano calos projetos\VILA\Vila 2\node_modules\@babel\parser\lib\index.js:10826:39
      at TypeScriptParserMixin.allowInAnd (D:\Projetos\Mano calos projetos\VILA\Vila 2\node_modules\@babel\parser\lib\index.js:12460:12)
      at TypeScriptParserMixin.parseMaybeAssignAllowIn (D:\Projetos\Mano calos projetos\VILA\Vila 2\node_modules\@babel\parser\lib\index.js:10826:17)
      at TypeScriptParserMixin.parseMaybeAssignAllowInOrVoidPattern (D:\Projetos\Mano calos projetos\VILA\Vila 2\node_modules\@babel\parser\lib\index.js:12527:17)
      at TypeScriptParserMixin.parseParenAndDistinguishExpression (D:\Projetos\Mano calos projetos\VILA\Vila 2\node_modules\@babel\parser\lib\index.js:11706:28)
      at TypeScriptParserMixin.parseExprAtom (D:\Projetos\Mano calos projetos\VILA\Vila 2\node_modules\@babel\parser\lib\index.js:11362:23)
      at TypeScriptParserMixin.parseExprAtom (D:\Projetos\Mano calos projetos\VILA\Vila 2\node_modules\@babel\parser\lib\index.js:4782:20)
      at TypeScriptParserMixin.parseExprSubscripts (D:\Projetos\Mano calos projetos\VILA\Vila 2\node_modules\@babel\parser\lib\index.js:11107:23)
      at TypeScriptParserMixin.parseUpdate (D:\Projetos\Mano calos projetos\VILA\Vila 2\node_modules\@babel\parser\lib\index.js:11092:21)
      at TypeScriptParserMixin.parseMaybeUnary (D:\Projetos\Mano calos projetos\VILA\Vila 2\node_modules\@babel\parser\lib\index.js:11072:23)
      at TypeScriptParserMixin.parseMaybeUnary (D:\Projetos\Mano calos projetos\VILA\Vila 2\node_modules\@babel\parser\lib\index.js:9860:18)
      at TypeScriptParserMixin.parseMaybeUnaryOrPrivate (D:\Projetos\Mano calos projetos\VILA\Vila 2\node_modules\@babel\parser\lib\index.js:10925:61)
      at TypeScriptParserMixin.parseExprOpBaseRightExpr (D:\Projetos\Mano calos projetos\VILA\Vila 2\node_modules\@babel\parser\lib\index.js:11012:34)
      at TypeScriptParserMixin.parseExprOpRightExpr (D:\Projetos\Mano calos projetos\VILA\Vila 2\node_modules\@babel\parser\lib\index.js:11007:21)
      at TypeScriptParserMixin.parseExprOp (D:\Projetos\Mano calos projetos\VILA\Vila 2\node_modules\@babel\parser\lib\index.js:10973:27)
      at TypeScriptParserMixin.parseExprOp (D:\Projetos\Mano calos projetos\VILA\Vila 2\node_modules\@babel\parser\lib\index.js:9329:18)
      at TypeScriptParserMixin.parseExprOps (D:\Projetos\Mano calos projetos\VILA\Vila 2\node_modules\@babel\parser\lib\index.js:10934:17)
      at TypeScriptParserMixin.parseMaybeConditional (D:\Projetos\Mano calos projetos\VILA\Vila 2\node_modules\@babel\parser\lib\index.js:10907:23)
      at TypeScriptParserMixin.parseMaybeAssign (D:\Projetos\Mano calos projetos\VILA\Vila 2\node_modules\@babel\parser\lib\index.js:10857:21)
      at TypeScriptParserMixin.parseMaybeAssign (D:\Projetos\Mano calos projetos\VILA\Vila 2\node_modules\@babel\parser\lib\index.js:9809:20)
      at TypeScriptParserMixin.parseExpressionBase (D:\Projetos\Mano calos projetos\VILA\Vila 2\node_modules\@babel\parser\lib\index.js:10810:23)
      at D:\Projetos\Mano calos projetos\VILA\Vila 2\node_modules\@babel\parser\lib\index.js:10806:39
      at TypeScriptParserMixin.allowInAnd (D:\Projetos\Mano calos projetos\VILA\Vila 2\node_modules\@babel\parser\lib\index.js:12460:12)
      at TypeScriptParserMixin.parseExpression (D:\Projetos\Mano calos projetos\VILA\Vila 2\node_modules\@babel\parser\lib\index.js:10806:17)
      at TypeScriptParserMixin.jsxParseExpressionContainer (D:\Projetos\Mano calos projetos\VILA\Vila 2\node_modules\@babel\parser\lib\index.js:4650:31)
      at TypeScriptParserMixin.jsxParseElementAt (D:\Projetos\Mano calos projetos\VILA\Vila 2\node_modules\@babel\parser\lib\index.js:4729:36)
      at TypeScriptParserMixin.jsxParseElementAt (D:\Projetos\Mano calos projetos\VILA\Vila 2\node_modules\@babel\parser\lib\index.js:4716:32)
      at TypeScriptParserMixin.jsxParseElement (D:\Projetos\Mano calos projetos\VILA\Vila 2\node_modules\@babel\parser\lib\index.js:4767:17)
      at TypeScriptParserMixin.parseExprAtom (D:\Projetos\Mano calos projetos\VILA\Vila 2\node_modules\@babel\parser\lib\index.js:4777:19)
      at TypeScriptParserMixin.parseExprSubscripts (D:\Projetos\Mano calos projetos\VILA\Vila 2\node_modules\@babel\parser\lib\index.js:11107:23)
      at TypeScriptParserMixin.parseUpdate (D:\Projetos\Mano calos projetos\VILA\Vila 2\node_modules\@babel\parser\lib\index.js:11092:21)
      at TypeScriptParserMixin.parseMaybeUnary (D:\Projetos\Mano calos projetos\VILA\Vila 2\node_modules\@babel\parser\lib\index.js:11072:23)
      at TypeScriptParserMixin.parseMaybeUnary (D:\Projetos\Mano calos projetos\VILA\Vila 2\node_modules\@babel\parser\lib\index.js:9860:18)
      at TypeScriptParserMixin.parseMaybeUnaryOrPrivate (D:\Projetos\Mano calos projetos\VILA\Vila 2\node_modules\@babel\parser\lib\index.js:10925:61)
[2m04:23:48[22m [31m[1m[vite][22m[39m [31mInternal server error: D:\Projetos\Mano calos projetos\VILA\Vila 2\src\components\AboutVilaView.tsx: Expected corresponding JSX closing tag for <main>. (637:8)

[0m [90m 635 |[31m             [33m<[31m[33m/[31m[33mdiv[31m[33m>[31m
 [90m 636 |[31m           [33m<[31m[33m/[31m[33mdiv[31m[33m>[31m
[31m[1m>[22m[31m[90m 637 |[31m         [33m<[31m[33m/[31m[33mdiv[31m[33m>[31m
 [90m     |[31m         [31m[1m^[22m[31m
 [90m 638 |[31m       [33m<[31m[33m/[31m[33mmain[31m[33m>[31m
 [90m 639 |[31m
 [90m 640 |[31m       {[90m/* MODAL 1: Linha do Tempo Completa */[31m}[0m[39m
  Plugin: [35mvite:react-babel[39m
  File: [36mD:/Projetos/Mano calos projetos/VILA/Vila 2/src/components/AboutVilaView.tsx[39m:637:8
[33m  635|              </div>
  636|            </div>
  637|          </div>
     |          ^
  638|        </main>
  639|  [39m
      at constructor (D:\Projetos\Mano calos projetos\VILA\Vila 2\node_modules\@babel\parser\lib\index.js:369:19)
      at TypeScriptParserMixin.raise (D:\Projetos\Mano calos projetos\VILA\Vila 2\node_modules\@babel\parser\lib\index.js:6622:19)
      at TypeScriptParserMixin.jsxParseElementAt (D:\Projetos\Mano calos projetos\VILA\Vila 2\node_modules\@babel\parser\lib\index.js:4745:16)
      at TypeScriptParserMixin.jsxParseElementAt (D:\Projetos\Mano calos projetos\VILA\Vila 2\node_modules\@babel\parser\lib\index.js:4716:32)
      at TypeScriptParserMixin.jsxParseElement (D:\Projetos\Mano calos projetos\VILA\Vila 2\node_modules\@babel\parser\lib\index.js:4767:17)
      at TypeScriptParserMixin.parseExprAtom (D:\Projetos\Mano calos projetos\VILA\Vila 2\node_modules\@babel\parser\lib\index.js:4777:19)
      at TypeScriptParserMixin.parseExprSubscripts (D:\Projetos\Mano calos projetos\VILA\Vila 2\node_modules\@babel\parser\lib\index.js:11107:23)
      at TypeScriptParserMixin.parseUpdate (D:\Projetos\Mano calos projetos\VILA\Vila 2\node_modules\@babel\parser\lib\index.js:11092:21)
      at TypeScriptParserMixin.parseMaybeUnary (D:\Projetos\Mano calos projetos\VILA\Vila 2\node_modules\@babel\parser\lib\index.js:11072:23)
      at TypeScriptParserMixin.parseMaybeUnary (D:\Projetos\Mano calos projetos\VILA\Vila 2\node_modules\@babel\parser\lib\index.js:9860:18)
      at TypeScriptParserMixin.parseMaybeUnaryOrPrivate (D:\Projetos\Mano calos projetos\VILA\Vila 2\node_modules\@babel\parser\lib\index.js:10925:61)
      at TypeScriptParserMixin.parseExprOps (D:\Projetos\Mano calos projetos\VILA\Vila 2\node_modules\@babel\parser\lib\index.js:10930:23)
      at TypeScriptParserMixin.parseMaybeConditional (D:\Projetos\Mano calos projetos\VILA\Vila 2\node_modules\@babel\parser\lib\index.js:10907:23)
      at TypeScriptParserMixin.parseMaybeAssign (D:\Projetos\Mano calos projetos\VILA\Vila 2\node_modules\@babel\parser\lib\index.js:10857:21)
      at D:\Projetos\Mano calos projetos\VILA\Vila 2\node_modules\@babel\parser\lib\index.js:9798:39
      at TypeScriptParserMixin.tryParse (D:\Projetos\Mano calos projetos\VILA\Vila 2\node_modules\@babel\parser\lib\index.js:6930:20)
      at TypeScriptParserMixin.parseMaybeAssign (D:\Projetos\Mano calos projetos\VILA\Vila 2\node_modules\@babel\parser\lib\index.js:9798:18)
      at D:\Projetos\Mano calos projetos\VILA\Vila 2\node_modules\@babel\parser\lib\index.js:10826:39
      at TypeScriptParserMixin.allowInAnd (D:\Projetos\Mano calos projetos\VILA\Vila 2\node_modules\@babel\parser\lib\index.js:12460:12)
      at TypeScriptParserMixin.parseMaybeAssignAllowIn (D:\Projetos\Mano calos projetos\VILA\Vila 2\node_modules\@babel\parser\lib\index.js:10826:17)
      at TypeScriptParserMixin.parseMaybeAssignAllowInOrVoidPattern (D:\Projetos\Mano calos projetos\VILA\Vila 2\node_modules\@babel\parser\lib\index.js:12527:17)
      at TypeScriptParserMixin.parseParenAndDistinguishExpression (D:\Projetos\Mano calos projetos\VILA\Vila 2\node_modules\@babel\parser\lib\index.js:11706:28)
      at TypeScriptParserMixin.parseExprAtom (D:\Projetos\Mano calos projetos\VILA\Vila 2\node_modules\@babel\parser\lib\index.js:11362:23)
      at TypeScriptParserMixin.parseExprAtom (D:\Projetos\Mano calos projetos\VILA\Vila 2\node_modules\@babel\parser\lib\index.js:4782:20)
      at TypeScriptParserMixin.parseExprSubscripts (D:\Projetos\Mano calos projetos\VILA\Vila 2\node_modules\@babel\parser\lib\index.js:11107:23)
      at TypeScriptParserMixin.parseUpdate (D:\Projetos\Mano calos projetos\VILA\Vila 2\node_modules\@babel\parser\lib\index.js:11092:21)
      at TypeScriptParserMixin.parseMaybeUnary (D:\Projetos\Mano calos projetos\VILA\Vila 2\node_modules\@babel\parser\lib\index.js:11072:23)
      at TypeScriptParserMixin.parseMaybeUnary (D:\Projetos\Mano calos projetos\VILA\Vila 2\node_modules\@babel\parser\lib\index.js:9860:18)
      at TypeScriptParserMixin.parseMaybeUnaryOrPrivate (D:\Projetos\Mano calos projetos\VILA\Vila 2\node_modules\@babel\parser\lib\index.js:10925:61)
      at TypeScriptParserMixin.parseExprOps (D:\Projetos\Mano calos projetos\VILA\Vila 2\node_modules\@babel\parser\lib\index.js:10930:23)
      at TypeScriptParserMixin.parseMaybeConditional (D:\Projetos\Mano calos projetos\VILA\Vila 2\node_modules\@babel\parser\lib\index.js:10907:23)
      at TypeScriptParserMixin.parseMaybeAssign (D:\Projetos\Mano calos projetos\VILA\Vila 2\node_modules\@babel\parser\lib\index.js:10857:21)
      at TypeScriptParserMixin.parseMaybeAssign (D:\Projetos\Mano calos projetos\VILA\Vila 2\node_modules\@babel\parser\lib\index.js:9809:20)
      at TypeScriptParserMixin.parseExpressionBase (D:\Projetos\Mano calos projetos\VILA\Vila 2\node_modules\@babel\parser\lib\index.js:10810:23)
      at D:\Projetos\Mano calos projetos\VILA\Vila 2\node_modules\@babel\parser\lib\index.js:10806:39
      at TypeScriptParserMixin.allowInAnd (D:\Projetos\Mano calos projetos\VILA\Vila 2\node_modules\@babel\parser\lib\index.js:12455:16)
      at TypeScriptParserMixin.parseExpression (D:\Projetos\Mano calos projetos\VILA\Vila 2\node_modules\@babel\parser\lib\index.js:10806:17)
      at TypeScriptParserMixin.parseReturnStatement (D:\Projetos\Mano calos projetos\VILA\Vila 2\node_modules\@babel\parser\lib\index.js:13176:28)
      at TypeScriptParserMixin.parseStatementContent (D:\Projetos\Mano calos projetos\VILA\Vila 2\node_modules\@babel\parser\lib\index.js:12832:21)
      at TypeScriptParserMixin.parseStatementContent (D:\Projetos\Mano calos projetos\VILA\Vila 2\node_modules\@babel\parser\lib\index.js:9531:18)
      at TypeScriptParserMixin.parseStatementLike (D:\Projetos\Mano calos projetos\VILA\Vila 2\node_modules\@babel\parser\lib\index.js:12801:17)
      at TypeScriptParserMixin.parseStatementListItem (D:\Projetos\Mano calos projetos\VILA\Vila 2\node_modules\@babel\parser\lib\index.js:12781:17)
      at TypeScriptParserMixin.parseBlockOrModuleBlockBody (D:\Projetos\Mano calos projetos\VILA\Vila 2\node_modules\@babel\parser\lib\index.js:13350:61)
      at TypeScriptParserMixin.parseBlockBody (D:\Projetos\Mano calos projetos\VILA\Vila 2\node_modules\@babel\parser\lib\index.js:13343:10)
      at TypeScriptParserMixin.parseBlock (D:\Projetos\Mano calos projetos\VILA\Vila 2\node_modules\@babel\parser\lib\index.js:13331:10)
      at TypeScriptParserMixin.parseFunctionBody (D:\Projetos\Mano calos projetos\VILA\Vila 2\node_modules\@babel\parser\lib\index.js:12134:24)
      at TypeScriptParserMixin.parseArrowExpression (D:\Projetos\Mano calos projetos\VILA\Vila 2\node_modules\@babel\parser\lib\index.js:12109:10)
      at TypeScriptParserMixin.parseParenAndDistinguishExpression (D:\Projetos\Mano calos projetos\VILA\Vila 2\node_modules\@babel\parser\lib\index.js:11718:12)
      at TypeScriptParserMixin.parseExprAtom (D:\Projetos\Mano calos projetos\VILA\Vila 2\node_modules\@babel\parser\lib\index.js:11362:23)
      at TypeScriptParserMixin.parseExprAtom (D:\Projetos\Mano calos projetos\VILA\Vila 2\node_modules\@babel\parser\lib\index.js:4782:20)
[2m04:23:49[22m [31m[1m[vite][22m[39m [31mInternal server error: D:\Projetos\Mano calos projetos\VILA\Vila 2\src\components\AboutVilaView.tsx: Expected corresponding JSX closing tag for <main>. (637:8)

[0m [90m 635 |[31m             [33m<[31m[33m/[31m[33mdiv[31m[33m>[31m
 [90m 636 |[31m           [33m<[31m[33m/[31m[33mdiv[31m[33m>[31m
[31m[1m>[22m[31m[90m 637 |[31m         [33m<[31m[33m/[31m[33mdiv[31m[33m>[31m
 [90m     |[31m         [31m[1m^[22m[31m
 [90m 638 |[31m       [33m<[31m[33m/[31m[33mmain[31m[33m>[31m
 [90m 639 |[31m
 [90m 640 |[31m       {[90m/* MODAL 1: Linha do Tempo Completa */[31m}[0m[39m
  Plugin: [35mvite:react-babel[39m
  File: [36mD:/Projetos/Mano calos projetos/VILA/Vila 2/src/components/AboutVilaView.tsx[39m:637:8
[33m  635|              </div>
  636|            </div>
  637|          </div>
     |          ^
  638|        </main>
  639|  [39m
      at constructor (D:\Projetos\Mano calos projetos\VILA\Vila 2\node_modules\@babel\parser\lib\index.js:369:19)
      at TypeScriptParserMixin.raise (D:\Projetos\Mano calos projetos\VILA\Vila 2\node_modules\@babel\parser\lib\index.js:6622:19)
      at TypeScriptParserMixin.jsxParseElementAt (D:\Projetos\Mano calos projetos\VILA\Vila 2\node_modules\@babel\parser\lib\index.js:4745:16)
      at TypeScriptParserMixin.jsxParseElementAt (D:\Projetos\Mano calos projetos\VILA\Vila 2\node_modules\@babel\parser\lib\index.js:4716:32)
      at TypeScriptParserMixin.jsxParseElement (D:\Projetos\Mano calos projetos\VILA\Vila 2\node_modules\@babel\parser\lib\index.js:4767:17)
      at TypeScriptParserMixin.parseExprAtom (D:\Projetos\Mano calos projetos\VILA\Vila 2\node_modules\@babel\parser\lib\index.js:4777:19)
      at TypeScriptParserMixin.parseExprSubscripts (D:\Projetos\Mano calos projetos\VILA\Vila 2\node_modules\@babel\parser\lib\index.js:11107:23)
      at TypeScriptParserMixin.parseUpdate (D:\Projetos\Mano calos projetos\VILA\Vila 2\node_modules\@babel\parser\lib\index.js:11092:21)
      at TypeScriptParserMixin.parseMaybeUnary (D:\Projetos\Mano calos projetos\VILA\Vila 2\node_modules\@babel\parser\lib\index.js:11072:23)
      at TypeScriptParserMixin.parseMaybeUnary (D:\Projetos\Mano calos projetos\VILA\Vila 2\node_modules\@babel\parser\lib\index.js:9860:18)
      at TypeScriptParserMixin.parseMaybeUnaryOrPrivate (D:\Projetos\Mano calos projetos\VILA\Vila 2\node_modules\@babel\parser\lib\index.js:10925:61)
      at TypeScriptParserMixin.parseExprOps (D:\Projetos\Mano calos projetos\VILA\Vila 2\node_modules\@babel\parser\lib\index.js:10930:23)
      at TypeScriptParserMixin.parseMaybeConditional (D:\Projetos\Mano calos projetos\VILA\Vila 2\node_modules\@babel\parser\lib\index.js:10907:23)
      at TypeScriptParserMixin.parseMaybeAssign (D:\Projetos\Mano calos projetos\VILA\Vila 2\node_modules\@babel\parser\lib\index.js:10857:21)
      at D:\Projetos\Mano calos projetos\VILA\Vila 2\node_modules\@babel\parser\lib\index.js:9798:39
      at TypeScriptParserMixin.tryParse (D:\Projetos\Mano calos projetos\VILA\Vila 2\node_modules\@babel\parser\lib\index.js:6930:20)
      at TypeScriptParserMixin.parseMaybeAssign (D:\Projetos\Mano calos projetos\VILA\Vila 2\node_modules\@babel\parser\lib\index.js:9798:18)
      at D:\Projetos\Mano calos projetos\VILA\Vila 2\node_modules\@babel\parser\lib\index.js:10826:39
      at TypeScriptParserMixin.allowInAnd (D:\Projetos\Mano calos projetos\VILA\Vila 2\node_modules\@babel\parser\lib\index.js:12460:12)
      at TypeScriptParserMixin.parseMaybeAssignAllowIn (D:\Projetos\Mano calos projetos\VILA\Vila 2\node_modules\@babel\parser\lib\index.js:10826:17)
      at TypeScriptParserMixin.parseMaybeAssignAllowInOrVoidPattern (D:\Projetos\Mano calos projetos\VILA\Vila 2\node_modules\@babel\parser\lib\index.js:12527:17)
      at TypeScriptParserMixin.parseParenAndDistinguishExpression (D:\Projetos\Mano calos projetos\VILA\Vila 2\node_modules\@babel\parser\lib\index.js:11706:28)
      at TypeScriptParserMixin.parseExprAtom (D:\Projetos\Mano calos projetos\VILA\Vila 2\node_modules\@babel\parser\lib\index.js:11362:23)
      at TypeScriptParserMixin.parseExprAtom (D:\Projetos\Mano calos projetos\VILA\Vila 2\node_modules\@babel\parser\lib\index.js:4782:20)
      at TypeScriptParserMixin.parseExprSubscripts (D:\Projetos\Mano calos projetos\VILA\Vila 2\node_modules\@babel\parser\lib\index.js:11107:23)
      at TypeScriptParserMixin.parseUpdate (D:\Projetos\Mano calos projetos\VILA\Vila 2\node_modules\@babel\parser\lib\index.js:11092:21)
      at TypeScriptParserMixin.parseMaybeUnary (D:\Projetos\Mano calos projetos\VILA\Vila 2\node_modules\@babel\parser\lib\index.js:11072:23)
      at TypeScriptParserMixin.parseMaybeUnary (D:\Projetos\Mano calos projetos\VILA\Vila 2\node_modules\@babel\parser\lib\index.js:9860:18)
      at TypeScriptParserMixin.parseMaybeUnaryOrPrivate (D:\Projetos\Mano calos projetos\VILA\Vila 2\node_modules\@babel\parser\lib\index.js:10925:61)
      at TypeScriptParserMixin.parseExprOps (D:\Projetos\Mano calos projetos\VILA\Vila 2\node_modules\@babel\parser\lib\index.js:10930:23)
      at TypeScriptParserMixin.parseMaybeConditional (D:\Projetos\Mano calos projetos\VILA\Vila 2\node_modules\@babel\parser\lib\index.js:10907:23)
      at TypeScriptParserMixin.parseMaybeAssign (D:\Projetos\Mano calos projetos\VILA\Vila 2\node_modules\@babel\parser\lib\index.js:10857:21)
      at TypeScriptParserMixin.parseMaybeAssign (D:\Projetos\Mano calos projetos\VILA\Vila 2\node_modules\@babel\parser\lib\index.js:9809:20)
      at TypeScriptParserMixin.parseExpressionBase (D:\Projetos\Mano calos projetos\VILA\Vila 2\node_modules\@babel\parser\lib\index.js:10810:23)
      at D:\Projetos\Mano calos projetos\VILA\Vila 2\node_modules\@babel\parser\lib\index.js:10806:39
      at TypeScriptParserMixin.allowInAnd (D:\Projetos\Mano calos projetos\VILA\Vila 2\node_modules\@babel\parser\lib\index.js:12455:16)
      at TypeScriptParserMixin.parseExpression (D:\Projetos\Mano calos projetos\VILA\Vila 2\node_modules\@babel\parser\lib\index.js:10806:17)
      at TypeScriptParserMixin.parseReturnStatement (D:\Projetos\Mano calos projetos\VILA\Vila 2\node_modules\@babel\parser\lib\index.js:13176:28)
      at TypeScriptParserMixin.parseStatementContent (D:\Projetos\Mano calos projetos\VILA\Vila 2\node_modules\@babel\parser\lib\index.js:12832:21)
      at TypeScriptParserMixin.parseStatementContent (D:\Projetos\Mano calos projetos\VILA\Vila 2\node_modules\@babel\parser\lib\index.js:9531:18)
      at TypeScriptParserMixin.parseStatementLike (D:\Projetos\Mano calos projetos\VILA\Vila 2\node_modules\@babel\parser\lib\index.js:12801:17)
      at TypeScriptParserMixin.parseStatementListItem (D:\Projetos\Mano calos projetos\VILA\Vila 2\node_modules\@babel\parser\lib\index.js:12781:17)
      at TypeScriptParserMixin.parseBlockOrModuleBlockBody (D:\Projetos\Mano calos projetos\VILA\Vila 2\node_modules\@babel\parser\lib\index.js:13350:61)
      at TypeScriptParserMixin.parseBlockBody (D:\Projetos\Mano calos projetos\VILA\Vila 2\node_modules\@babel\parser\lib\index.js:13343:10)
      at TypeScriptParserMixin.parseBlock (D:\Projetos\Mano calos projetos\VILA\Vila 2\node_modules\@babel\parser\lib\index.js:13331:10)
      at TypeScriptParserMixin.parseFunctionBody (D:\Projetos\Mano calos projetos\VILA\Vila 2\node_modules\@babel\parser\lib\index.js:12134:24)
      at TypeScriptParserMixin.parseArrowExpression (D:\Projetos\Mano calos projetos\VILA\Vila 2\node_modules\@babel\parser\lib\index.js:12109:10)
      at TypeScriptParserMixin.parseParenAndDistinguishExpression (D:\Projetos\Mano calos projetos\VILA\Vila 2\node_modules\@babel\parser\lib\index.js:11718:12)
      at TypeScriptParserMixin.parseExprAtom (D:\Projetos\Mano calos projetos\VILA\Vila 2\node_modules\@babel\parser\lib\index.js:11362:23)
      at TypeScriptParserMixin.parseExprAtom (D:\Projetos\Mano calos projetos\VILA\Vila 2\node_modules\@babel\parser\lib\index.js:4782:20)
[2m04:23:50[22m [31m[1m[vite][22m[39m [31m[2m(client)[22m[39m Pre-transform error: D:\Projetos\Mano calos projetos\VILA\Vila 2\src\components\AboutVilaView.tsx: Expected corresponding JSX closing tag for <main>. (637:8)

[0m [90m 635 |[39m             [33m<[39m[33m/[39m[33mdiv[39m[33m>[39m
 [90m 636 |[39m           [33m<[39m[33m/[39m[33mdiv[39m[33m>[39m
[31m[1m>[22m[39m[90m 637 |[39m         [33m<[39m[33m/[39m[33mdiv[39m[33m>[39m
 [90m     |[39m         [31m[1m^[22m[39m
 [90m 638 |[39m       [33m<[39m[33m/[39m[33mmain[39m[33m>[39m
 [90m 639 |[39m
 [90m 640 |[39m       {[90m/* MODAL 1: Linha do Tempo Completa */[39m}[0m
  Plugin: [35mvite:react-babel[39m
  File: [36mD:/Projetos/Mano calos projetos/VILA/Vila 2/src/components/AboutVilaView.tsx[39m:637:8
[33m  635|              </div>
  636|            </div>
  637|          </div>
     |          ^
  638|        </main>
  639|  [39m
[2m04:23:50[22m [31m[1m[vite][22m[39m [31mInternal server error: D:\Projetos\Mano calos projetos\VILA\Vila 2\src\components\AboutVilaView.tsx: Expected corresponding JSX closing tag for <main>. (637:8)

[0m [90m 635 |[31m             [33m<[31m[33m/[31m[33mdiv[31m[33m>[31m
 [90m 636 |[31m           [33m<[31m[33m/[31m[33mdiv[31m[33m>[31m
[31m[1m>[22m[31m[90m 637 |[31m         [33m<[31m[33m/[31m[33mdiv[31m[33m>[31m
 [90m     |[31m         [31m[1m^[22m[31m
 [90m 638 |[31m       [33m<[31m[33m/[31m[33mmain[31m[33m>[31m
 [90m 639 |[31m
 [90m 640 |[31m       {[90m/* MODAL 1: Linha do Tempo Completa */[31m}[0m[39m
  Plugin: [35mvite:react-babel[39m
  File: [36mD:/Projetos/Mano calos projetos/VILA/Vila 2/src/components/AboutVilaView.tsx[39m:637:8
[33m  635|              </div>
  636|            </div>
  637|          </div>
     |          ^
  638|        </main>
  639|  [39m
      at constructor (D:\Projetos\Mano calos projetos\VILA\Vila 2\node_modules\@babel\parser\lib\index.js:369:19)
      at TypeScriptParserMixin.raise (D:\Projetos\Mano calos projetos\VILA\Vila 2\node_modules\@babel\parser\lib\index.js:6622:19)
      at TypeScriptParserMixin.jsxParseElementAt (D:\Projetos\Mano calos projetos\VILA\Vila 2\node_modules\@babel\parser\lib\index.js:4745:16)
      at TypeScriptParserMixin.jsxParseElementAt (D:\Projetos\Mano calos projetos\VILA\Vila 2\node_modules\@babel\parser\lib\index.js:4716:32)
      at TypeScriptParserMixin.jsxParseElement (D:\Projetos\Mano calos projetos\VILA\Vila 2\node_modules\@babel\parser\lib\index.js:4767:17)
      at TypeScriptParserMixin.parseExprAtom (D:\Projetos\Mano calos projetos\VILA\Vila 2\node_modules\@babel\parser\lib\index.js:4777:19)
      at TypeScriptParserMixin.parseExprSubscripts (D:\Projetos\Mano calos projetos\VILA\Vila 2\node_modules\@babel\parser\lib\index.js:11107:23)
      at TypeScriptParserMixin.parseUpdate (D:\Projetos\Mano calos projetos\VILA\Vila 2\node_modules\@babel\parser\lib\index.js:11092:21)
      at TypeScriptParserMixin.parseMaybeUnary (D:\Projetos\Mano calos projetos\VILA\Vila 2\node_modules\@babel\parser\lib\index.js:11072:23)
      at TypeScriptParserMixin.parseMaybeUnary (D:\Projetos\Mano calos projetos\VILA\Vila 2\node_modules\@babel\parser\lib\index.js:9860:18)
      at TypeScriptParserMixin.parseMaybeUnaryOrPrivate (D:\Projetos\Mano calos projetos\VILA\Vila 2\node_modules\@babel\parser\lib\index.js:10925:61)
      at TypeScriptParserMixin.parseExprOps (D:\Projetos\Mano calos projetos\VILA\Vila 2\node_modules\@babel\parser\lib\index.js:10930:23)
      at TypeScriptParserMixin.parseMaybeConditional (D:\Projetos\Mano calos projetos\VILA\Vila 2\node_modules\@babel\parser\lib\index.js:10907:23)
      at TypeScriptParserMixin.parseMaybeAssign (D:\Projetos\Mano calos projetos\VILA\Vila 2\node_modules\@babel\parser\lib\index.js:10857:21)
      at D:\Projetos\Mano calos projetos\VILA\Vila 2\node_modules\@babel\parser\lib\index.js:9798:39
      at TypeScriptParserMixin.tryParse (D:\Projetos\Mano calos projetos\VILA\Vila 2\node_modules\@babel\parser\lib\index.js:6930:20)
      at TypeScriptParserMixin.parseMaybeAssign (D:\Projetos\Mano calos projetos\VILA\Vila 2\node_modules\@babel\parser\lib\index.js:9798:18)
      at D:\Projetos\Mano calos projetos\VILA\Vila 2\node_modules\@babel\parser\lib\index.js:10826:39
      at TypeScriptParserMixin.allowInAnd (D:\Projetos\Mano calos projetos\VILA\Vila 2\node_modules\@babel\parser\lib\index.js:12460:12)
      at TypeScriptParserMixin.parseMaybeAssignAllowIn (D:\Projetos\Mano calos projetos\VILA\Vila 2\node_modules\@babel\parser\lib\index.js:10826:17)
      at TypeScriptParserMixin.parseMaybeAssignAllowInOrVoidPattern (D:\Projetos\Mano calos projetos\VILA\Vila 2\node_modules\@babel\parser\lib\index.js:12527:17)
      at TypeScriptParserMixin.parseParenAndDistinguishExpression (D:\Projetos\Mano calos projetos\VILA\Vila 2\node_modules\@babel\parser\lib\index.js:11706:28)
      at TypeScriptParserMixin.parseExprAtom (D:\Projetos\Mano calos projetos\VILA\Vila 2\node_modules\@babel\parser\lib\index.js:11362:23)
      at TypeScriptParserMixin.parseExprAtom (D:\Projetos\Mano calos projetos\VILA\Vila 2\node_modules\@babel\parser\lib\index.js:4782:20)
      at TypeScriptParserMixin.parseExprSubscripts (D:\Projetos\Mano calos projetos\VILA\Vila 2\node_modules\@babel\parser\lib\index.js:11107:23)
      at TypeScriptParserMixin.parseUpdate (D:\Projetos\Mano calos projetos\VILA\Vila 2\node_modules\@babel\parser\lib\index.js:11092:21)
      at TypeScriptParserMixin.parseMaybeUnary (D:\Projetos\Mano calos projetos\VILA\Vila 2\node_modules\@babel\parser\lib\index.js:11072:23)
      at TypeScriptParserMixin.parseMaybeUnary (D:\Projetos\Mano calos projetos\VILA\Vila 2\node_modules\@babel\parser\lib\index.js:9860:18)
      at TypeScriptParserMixin.parseMaybeUnaryOrPrivate (D:\Projetos\Mano calos projetos\VILA\Vila 2\node_modules\@babel\parser\lib\index.js:10925:61)
      at TypeScriptParserMixin.parseExprOps (D:\Projetos\Mano calos projetos\VILA\Vila 2\node_modules\@babel\parser\lib\index.js:10930:23)
      at TypeScriptParserMixin.parseMaybeConditional (D:\Projetos\Mano calos projetos\VILA\Vila 2\node_modules\@babel\parser\lib\index.js:10907:23)
      at TypeScriptParserMixin.parseMaybeAssign (D:\Projetos\Mano calos projetos\VILA\Vila 2\node_modules\@babel\parser\lib\index.js:10857:21)
      at TypeScriptParserMixin.parseMaybeAssign (D:\Projetos\Mano calos projetos\VILA\Vila 2\node_modules\@babel\parser\lib\index.js:9809:20)
      at TypeScriptParserMixin.parseExpressionBase (D:\Projetos\Mano calos projetos\VILA\Vila 2\node_modules\@babel\parser\lib\index.js:10810:23)
      at D:\Projetos\Mano calos projetos\VILA\Vila 2\node_modules\@babel\parser\lib\index.js:10806:39
      at TypeScriptParserMixin.allowInAnd (D:\Projetos\Mano calos projetos\VILA\Vila 2\node_modules\@babel\parser\lib\index.js:12455:16)
      at TypeScriptParserMixin.parseExpression (D:\Projetos\Mano calos projetos\VILA\Vila 2\node_modules\@babel\parser\lib\index.js:10806:17)
      at TypeScriptParserMixin.parseReturnStatement (D:\Projetos\Mano calos projetos\VILA\Vila 2\node_modules\@babel\parser\lib\index.js:13176:28)
      at TypeScriptParserMixin.parseStatementContent (D:\Projetos\Mano calos projetos\VILA\Vila 2\node_modules\@babel\parser\lib\index.js:12832:21)
      at TypeScriptParserMixin.parseStatementContent (D:\Projetos\Mano calos projetos\VILA\Vila 2\node_modules\@babel\parser\lib\index.js:9531:18)
      at TypeScriptParserMixin.parseStatementLike (D:\Projetos\Mano calos projetos\VILA\Vila 2\node_modules\@babel\parser\lib\index.js:12801:17)
      at TypeScriptParserMixin.parseStatementListItem (D:\Projetos\Mano calos projetos\VILA\Vila 2\node_modules\@babel\parser\lib\index.js:12781:17)
      at TypeScriptParserMixin.parseBlockOrModuleBlockBody (D:\Projetos\Mano calos projetos\VILA\Vila 2\node_modules\@babel\parser\lib\index.js:13350:61)
      at TypeScriptParserMixin.parseBlockBody (D:\Projetos\Mano calos projetos\VILA\Vila 2\node_modules\@babel\parser\lib\index.js:13343:10)
      at TypeScriptParserMixin.parseBlock (D:\Projetos\Mano calos projetos\VILA\Vila 2\node_modules\@babel\parser\lib\index.js:13331:10)
      at TypeScriptParserMixin.parseFunctionBody (D:\Projetos\Mano calos projetos\VILA\Vila 2\node_modules\@babel\parser\lib\index.js:12134:24)
      at TypeScriptParserMixin.parseArrowExpression (D:\Projetos\Mano calos projetos\VILA\Vila 2\node_modules\@babel\parser\lib\index.js:12109:10)
      at TypeScriptParserMixin.parseParenAndDistinguishExpression (D:\Projetos\Mano calos projetos\VILA\Vila 2\node_modules\@babel\parser\lib\index.js:11718:12)
      at TypeScriptParserMixin.parseExprAtom (D:\Projetos\Mano calos projetos\VILA\Vila 2\node_modules\@babel\parser\lib\index.js:11362:23)
      at TypeScriptParserMixin.parseExprAtom (D:\Projetos\Mano calos projetos\VILA\Vila 2\node_modules\@babel\parser\lib\index.js:4782:20)
[2m04:23:50[22m [31m[1m[vite][22m[39m [31mInternal server error: D:\Projetos\Mano calos projetos\VILA\Vila 2\src\components\AboutVilaView.tsx: Expected corresponding JSX closing tag for <main>. (637:8)

[0m [90m 635 |[31m             [33m<[31m[33m/[31m[33mdiv[31m[33m>[31m
 [90m 636 |[31m           [33m<[31m[33m/[31m[33mdiv[31m[33m>[31m
[31m[1m>[22m[31m[90m 637 |[31m         [33m<[31m[33m/[31m[33mdiv[31m[33m>[31m
 [90m     |[31m         [31m[1m^[22m[31m
 [90m 638 |[31m       [33m<[31m[33m/[31m[33mmain[31m[33m>[31m
 [90m 639 |[31m
 [90m 640 |[31m       {[90m/* MODAL 1: Linha do Tempo Completa */[31m}[0m[39m
  Plugin: [35mvite:react-babel[39m
  File: [36mD:/Projetos/Mano calos projetos/VILA/Vila 2/src/components/AboutVilaView.tsx[39m:637:8
[33m  635|              </div>
  636|            </div>
  637|          </div>
     |          ^
  638|        </main>
  639|  [39m
      at constructor (D:\Projetos\Mano calos projetos\VILA\Vila 2\node_modules\@babel\parser\lib\index.js:369:19)
      at TypeScriptParserMixin.raise (D:\Projetos\Mano calos projetos\VILA\Vila 2\node_modules\@babel\parser\lib\index.js:6622:19)
      at TypeScriptParserMixin.jsxParseElementAt (D:\Projetos\Mano calos projetos\VILA\Vila 2\node_modules\@babel\parser\lib\index.js:4745:16)
      at TypeScriptParserMixin.jsxParseElementAt (D:\Projetos\Mano calos projetos\VILA\Vila 2\node_modules\@babel\parser\lib\index.js:4716:32)
      at TypeScriptParserMixin.jsxParseElement (D:\Projetos\Mano calos projetos\VILA\Vila 2\node_modules\@babel\parser\lib\index.js:4767:17)
      at TypeScriptParserMixin.parseExprAtom (D:\Projetos\Mano calos projetos\VILA\Vila 2\node_modules\@babel\parser\lib\index.js:4777:19)
      at TypeScriptParserMixin.parseExprSubscripts (D:\Projetos\Mano calos projetos\VILA\Vila 2\node_modules\@babel\parser\lib\index.js:11107:23)
      at TypeScriptParserMixin.parseUpdate (D:\Projetos\Mano calos projetos\VILA\Vila 2\node_modules\@babel\parser\lib\index.js:11092:21)
      at TypeScriptParserMixin.parseMaybeUnary (D:\Projetos\Mano calos projetos\VILA\Vila 2\node_modules\@babel\parser\lib\index.js:11072:23)
      at TypeScriptParserMixin.parseMaybeUnary (D:\Projetos\Mano calos projetos\VILA\Vila 2\node_modules\@babel\parser\lib\index.js:9860:18)
      at TypeScriptParserMixin.parseMaybeUnaryOrPrivate (D:\Projetos\Mano calos projetos\VILA\Vila 2\node_modules\@babel\parser\lib\index.js:10925:61)
      at TypeScriptParserMixin.parseExprOps (D:\Projetos\Mano calos projetos\VILA\Vila 2\node_modules\@babel\parser\lib\index.js:10930:23)
      at TypeScriptParserMixin.parseMaybeConditional (D:\Projetos\Mano calos projetos\VILA\Vila 2\node_modules\@babel\parser\lib\index.js:10907:23)
      at TypeScriptParserMixin.parseMaybeAssign (D:\Projetos\Mano calos projetos\VILA\Vila 2\node_modules\@babel\parser\lib\index.js:10857:21)
      at D:\Projetos\Mano calos projetos\VILA\Vila 2\node_modules\@babel\parser\lib\index.js:9798:39
      at TypeScriptParserMixin.tryParse (D:\Projetos\Mano calos projetos\VILA\Vila 2\node_modules\@babel\parser\lib\index.js:6930:20)
      at TypeScriptParserMixin.parseMaybeAssign (D:\Projetos\Mano calos projetos\VILA\Vila 2\node_modules\@babel\parser\lib\index.js:9798:18)
      at D:\Projetos\Mano calos projetos\VILA\Vila 2\node_modules\@babel\parser\lib\index.js:10826:39
      at TypeScriptParserMixin.allowInAnd (D:\Projetos\Mano calos projetos\VILA\Vila 2\node_modules\@babel\parser\lib\index.js:12460:12)
      at TypeScriptParserMixin.parseMaybeAssignAllowIn (D:\Projetos\Mano calos projetos\VILA\Vila 2\node_modules\@babel\parser\lib\index.js:10826:17)
      at TypeScriptParserMixin.parseMaybeAssignAllowInOrVoidPattern (D:\Projetos\Mano calos projetos\VILA\Vila 2\node_modules\@babel\parser\lib\index.js:12527:17)
      at TypeScriptParserMixin.parseParenAndDistinguishExpression (D:\Projetos\Mano calos projetos\VILA\Vila 2\node_modules\@babel\parser\lib\index.js:11706:28)
      at TypeScriptParserMixin.parseExprAtom (D:\Projetos\Mano calos projetos\VILA\Vila 2\node_modules\@babel\parser\lib\index.js:11362:23)
      at TypeScriptParserMixin.parseExprAtom (D:\Projetos\Mano calos projetos\VILA\Vila 2\node_modules\@babel\parser\lib\index.js:4782:20)
      at TypeScriptParserMixin.parseExprSubscripts (D:\Projetos\Mano calos projetos\VILA\Vila 2\node_modules\@babel\parser\lib\index.js:11107:23)
      at TypeScriptParserMixin.parseUpdate (D:\Projetos\Mano calos projetos\VILA\Vila 2\node_modules\@babel\parser\lib\index.js:11092:21)
      at TypeScriptParserMixin.parseMaybeUnary (D:\Projetos\Mano calos projetos\VILA\Vila 2\node_modules\@babel\parser\lib\index.js:11072:23)
      at TypeScriptParserMixin.parseMaybeUnary (D:\Projetos\Mano calos projetos\VILA\Vila 2\node_modules\@babel\parser\lib\index.js:9860:18)
      at TypeScriptParserMixin.parseMaybeUnaryOrPrivate (D:\Projetos\Mano calos projetos\VILA\Vila 2\node_modules\@babel\parser\lib\index.js:10925:61)
      at TypeScriptParserMixin.parseExprOps (D:\Projetos\Mano calos projetos\VILA\Vila 2\node_modules\@babel\parser\lib\index.js:10930:23)
      at TypeScriptParserMixin.parseMaybeConditional (D:\Projetos\Mano calos projetos\VILA\Vila 2\node_modules\@babel\parser\lib\index.js:10907:23)
      at TypeScriptParserMixin.parseMaybeAssign (D:\Projetos\Mano calos projetos\VILA\Vila 2\node_modules\@babel\parser\lib\index.js:10857:21)
      at TypeScriptParserMixin.parseMaybeAssign (D:\Projetos\Mano calos projetos\VILA\Vila 2\node_modules\@babel\parser\lib\index.js:9809:20)
      at TypeScriptParserMixin.parseExpressionBase (D:\Projetos\Mano calos projetos\VILA\Vila 2\node_modules\@babel\parser\lib\index.js:10810:23)
      at D:\Projetos\Mano calos projetos\VILA\Vila 2\node_modules\@babel\parser\lib\index.js:10806:39
      at TypeScriptParserMixin.allowInAnd (D:\Projetos\Mano calos projetos\VILA\Vila 2\node_modules\@babel\parser\lib\index.js:12455:16)
      at TypeScriptParserMixin.parseExpression (D:\Projetos\Mano calos projetos\VILA\Vila 2\node_modules\@babel\parser\lib\index.js:10806:17)
      at TypeScriptParserMixin.parseReturnStatement (D:\Projetos\Mano calos projetos\VILA\Vila 2\node_modules\@babel\parser\lib\index.js:13176:28)
      at TypeScriptParserMixin.parseStatementContent (D:\Projetos\Mano calos projetos\VILA\Vila 2\node_modules\@babel\parser\lib\index.js:12832:21)
      at TypeScriptParserMixin.parseStatementContent (D:\Projetos\Mano calos projetos\VILA\Vila 2\node_modules\@babel\parser\lib\index.js:9531:18)
      at TypeScriptParserMixin.parseStatementLike (D:\Projetos\Mano calos projetos\VILA\Vila 2\node_modules\@babel\parser\lib\index.js:12801:17)
      at TypeScriptParserMixin.parseStatementListItem (D:\Projetos\Mano calos projetos\VILA\Vila 2\node_modules\@babel\parser\lib\index.js:12781:17)
      at TypeScriptParserMixin.parseBlockOrModuleBlockBody (D:\Projetos\Mano calos projetos\VILA\Vila 2\node_modules\@babel\parser\lib\index.js:13350:61)
      at TypeScriptParserMixin.parseBlockBody (D:\Projetos\Mano calos projetos\VILA\Vila 2\node_modules\@babel\parser\lib\index.js:13343:10)
      at TypeScriptParserMixin.parseBlock (D:\Projetos\Mano calos projetos\VILA\Vila 2\node_modules\@babel\parser\lib\index.js:13331:10)
      at TypeScriptParserMixin.parseFunctionBody (D:\Projetos\Mano calos projetos\VILA\Vila 2\node_modules\@babel\parser\lib\index.js:12134:24)
      at TypeScriptParserMixin.parseArrowExpression (D:\Projetos\Mano calos projetos\VILA\Vila 2\node_modules\@babel\parser\lib\index.js:12109:10)
      at TypeScriptParserMixin.parseParenAndDistinguishExpression (D:\Projetos\Mano calos projetos\VILA\Vila 2\node_modules\@babel\parser\lib\index.js:11718:12)
      at TypeScriptParserMixin.parseExprAtom (D:\Projetos\Mano calos projetos\VILA\Vila 2\node_modules\@babel\parser\lib\index.js:11362:23)
      at TypeScriptParserMixin.parseExprAtom (D:\Projetos\Mano calos projetos\VILA\Vila 2\node_modules\@babel\parser\lib\index.js:4782:20)
[2m04:24:12[22m [31m[1m[vite][22m[39m [31m[2m(client)[22m[39m Pre-transform error: D:\Projetos\Mano calos projetos\VILA\Vila 2\src\components\AboutVilaView.tsx: Expected corresponding JSX closing tag for <main>. (637:8)

[0m [90m 635 |[39m             [33m<[39m[33m/[39m[33mdiv[39m[33m>[39m
 [90m 636 |[39m           [33m<[39m[33m/[39m[33mdiv[39m[33m>[39m
[31m[1m>[22m[39m[90m 637 |[39m         [33m<[39m[33m/[39m[33mdiv[39m[33m>[39m
 [90m     |[39m         [31m[1m^[22m[39m
 [90m 638 |[39m       [33m<[39m[33m/[39m[33mmain[39m[33m>[39m
 [90m 639 |[39m
 [90m 640 |[39m       {[90m/* MODAL 1: Linha do Tempo Completa */[39m}[0m
  Plugin: [35mvite:react-babel[39m
  File: [36mD:/Projetos/Mano calos projetos/VILA/Vila 2/src/components/AboutVilaView.tsx[39m:637:8
[33m  635|              </div>
  636|            </div>
  637|          </div>
     |          ^
  638|        </main>
  639|  [39m
[2m04:24:12[22m [31m[1m[vite][22m[39m [31mInternal server error: D:\Projetos\Mano calos projetos\VILA\Vila 2\src\components\AboutVilaView.tsx: Expected corresponding JSX closing tag for <main>. (637:8)

[0m [90m 635 |[31m             [33m<[31m[33m/[31m[33mdiv[31m[33m>[31m
 [90m 636 |[31m           [33m<[31m[33m/[31m[33mdiv[31m[33m>[31m
[31m[1m>[22m[31m[90m 637 |[31m         [33m<[31m[33m/[31m[33mdiv[31m[33m>[31m
 [90m     |[31m         [31m[1m^[22m[31m
 [90m 638 |[31m       [33m<[31m[33m/[31m[33mmain[31m[33m>[31m
 [90m 639 |[31m
 [90m 640 |[31m       {[90m/* MODAL 1: Linha do Tempo Completa */[31m}[0m[39m
  Plugin: [35mvite:react-babel[39m
  File: [36mD:/Projetos/Mano calos projetos/VILA/Vila 2/src/components/AboutVilaView.tsx[39m:637:8
[33m  635|              </div>
  636|            </div>
  637|          </div>
     |          ^
  638|        </main>
  639|  [39m
      at constructor (D:\Projetos\Mano calos projetos\VILA\Vila 2\node_modules\@babel\parser\lib\index.js:369:19)
      at TypeScriptParserMixin.raise (D:\Projetos\Mano calos projetos\VILA\Vila 2\node_modules\@babel\parser\lib\index.js:6622:19)
      at TypeScriptParserMixin.jsxParseElementAt (D:\Projetos\Mano calos projetos\VILA\Vila 2\node_modules\@babel\parser\lib\index.js:4745:16)
      at TypeScriptParserMixin.jsxParseElementAt (D:\Projetos\Mano calos projetos\VILA\Vila 2\node_modules\@babel\parser\lib\index.js:4716:32)
      at TypeScriptParserMixin.jsxParseElement (D:\Projetos\Mano calos projetos\VILA\Vila 2\node_modules\@babel\parser\lib\index.js:4767:17)
      at TypeScriptParserMixin.parseExprAtom (D:\Projetos\Mano calos projetos\VILA\Vila 2\node_modules\@babel\parser\lib\index.js:4777:19)
      at TypeScriptParserMixin.parseExprSubscripts (D:\Projetos\Mano calos projetos\VILA\Vila 2\node_modules\@babel\parser\lib\index.js:11107:23)
      at TypeScriptParserMixin.parseUpdate (D:\Projetos\Mano calos projetos\VILA\Vila 2\node_modules\@babel\parser\lib\index.js:11092:21)
      at TypeScriptParserMixin.parseMaybeUnary (D:\Projetos\Mano calos projetos\VILA\Vila 2\node_modules\@babel\parser\lib\index.js:11072:23)
      at TypeScriptParserMixin.parseMaybeUnary (D:\Projetos\Mano calos projetos\VILA\Vila 2\node_modules\@babel\parser\lib\index.js:9860:18)
      at TypeScriptParserMixin.parseMaybeUnaryOrPrivate (D:\Projetos\Mano calos projetos\VILA\Vila 2\node_modules\@babel\parser\lib\index.js:10925:61)
      at TypeScriptParserMixin.parseExprOps (D:\Projetos\Mano calos projetos\VILA\Vila 2\node_modules\@babel\parser\lib\index.js:10930:23)
      at TypeScriptParserMixin.parseMaybeConditional (D:\Projetos\Mano calos projetos\VILA\Vila 2\node_modules\@babel\parser\lib\index.js:10907:23)
      at TypeScriptParserMixin.parseMaybeAssign (D:\Projetos\Mano calos projetos\VILA\Vila 2\node_modules\@babel\parser\lib\index.js:10857:21)
      at D:\Projetos\Mano calos projetos\VILA\Vila 2\node_modules\@babel\parser\lib\index.js:9798:39
      at TypeScriptParserMixin.tryParse (D:\Projetos\Mano calos projetos\VILA\Vila 2\node_modules\@babel\parser\lib\index.js:6930:20)
      at TypeScriptParserMixin.parseMaybeAssign (D:\Projetos\Mano calos projetos\VILA\Vila 2\node_modules\@babel\parser\lib\index.js:9798:18)
      at D:\Projetos\Mano calos projetos\VILA\Vila 2\node_modules\@babel\parser\lib\index.js:10826:39
      at TypeScriptParserMixin.allowInAnd (D:\Projetos\Mano calos projetos\VILA\Vila 2\node_modules\@babel\parser\lib\index.js:12460:12)
      at TypeScriptParserMixin.parseMaybeAssignAllowIn (D:\Projetos\Mano calos projetos\VILA\Vila 2\node_modules\@babel\parser\lib\index.js:10826:17)
      at TypeScriptParserMixin.parseMaybeAssignAllowInOrVoidPattern (D:\Projetos\Mano calos projetos\VILA\Vila 2\node_modules\@babel\parser\lib\index.js:12527:17)
      at TypeScriptParserMixin.parseParenAndDistinguishExpression (D:\Projetos\Mano calos projetos\VILA\Vila 2\node_modules\@babel\parser\lib\index.js:11706:28)
      at TypeScriptParserMixin.parseExprAtom (D:\Projetos\Mano calos projetos\VILA\Vila 2\node_modules\@babel\parser\lib\index.js:11362:23)
      at TypeScriptParserMixin.parseExprAtom (D:\Projetos\Mano calos projetos\VILA\Vila 2\node_modules\@babel\parser\lib\index.js:4782:20)
      at TypeScriptParserMixin.parseExprSubscripts (D:\Projetos\Mano calos projetos\VILA\Vila 2\node_modules\@babel\parser\lib\index.js:11107:23)
      at TypeScriptParserMixin.parseUpdate (D:\Projetos\Mano calos projetos\VILA\Vila 2\node_modules\@babel\parser\lib\index.js:11092:21)
      at TypeScriptParserMixin.parseMaybeUnary (D:\Projetos\Mano calos projetos\VILA\Vila 2\node_modules\@babel\parser\lib\index.js:11072:23)
      at TypeScriptParserMixin.parseMaybeUnary (D:\Projetos\Mano calos projetos\VILA\Vila 2\node_modules\@babel\parser\lib\index.js:9860:18)
      at TypeScriptParserMixin.parseMaybeUnaryOrPrivate (D:\Projetos\Mano calos projetos\VILA\Vila 2\node_modules\@babel\parser\lib\index.js:10925:61)
      at TypeScriptParserMixin.parseExprOps (D:\Projetos\Mano calos projetos\VILA\Vila 2\node_modules\@babel\parser\lib\index.js:10930:23)
      at TypeScriptParserMixin.parseMaybeConditional (D:\Projetos\Mano calos projetos\VILA\Vila 2\node_modules\@babel\parser\lib\index.js:10907:23)
      at TypeScriptParserMixin.parseMaybeAssign (D:\Projetos\Mano calos projetos\VILA\Vila 2\node_modules\@babel\parser\lib\index.js:10857:21)
      at TypeScriptParserMixin.parseMaybeAssign (D:\Projetos\Mano calos projetos\VILA\Vila 2\node_modules\@babel\parser\lib\index.js:9809:20)
      at TypeScriptParserMixin.parseExpressionBase (D:\Projetos\Mano calos projetos\VILA\Vila 2\node_modules\@babel\parser\lib\index.js:10810:23)
      at D:\Projetos\Mano calos projetos\VILA\Vila 2\node_modules\@babel\parser\lib\index.js:10806:39
      at TypeScriptParserMixin.allowInAnd (D:\Projetos\Mano calos projetos\VILA\Vila 2\node_modules\@babel\parser\lib\index.js:12455:16)
      at TypeScriptParserMixin.parseExpression (D:\Projetos\Mano calos projetos\VILA\Vila 2\node_modules\@babel\parser\lib\index.js:10806:17)
      at TypeScriptParserMixin.parseReturnStatement (D:\Projetos\Mano calos projetos\VILA\Vila 2\node_modules\@babel\parser\lib\index.js:13176:28)
      at TypeScriptParserMixin.parseStatementContent (D:\Projetos\Mano calos projetos\VILA\Vila 2\node_modules\@babel\parser\lib\index.js:12832:21)
      at TypeScriptParserMixin.parseStatementContent (D:\Projetos\Mano calos projetos\VILA\Vila 2\node_modules\@babel\parser\lib\index.js:9531:18)
      at TypeScriptParserMixin.parseStatementLike (D:\Projetos\Mano calos projetos\VILA\Vila 2\node_modules\@babel\parser\lib\index.js:12801:17)
      at TypeScriptParserMixin.parseStatementListItem (D:\Projetos\Mano calos projetos\VILA\Vila 2\node_modules\@babel\parser\lib\index.js:12781:17)
      at TypeScriptParserMixin.parseBlockOrModuleBlockBody (D:\Projetos\Mano calos projetos\VILA\Vila 2\node_modules\@babel\parser\lib\index.js:13350:61)
      at TypeScriptParserMixin.parseBlockBody (D:\Projetos\Mano calos projetos\VILA\Vila 2\node_modules\@babel\parser\lib\index.js:13343:10)
      at TypeScriptParserMixin.parseBlock (D:\Projetos\Mano calos projetos\VILA\Vila 2\node_modules\@babel\parser\lib\index.js:13331:10)
      at TypeScriptParserMixin.parseFunctionBody (D:\Projetos\Mano calos projetos\VILA\Vila 2\node_modules\@babel\parser\lib\index.js:12134:24)
      at TypeScriptParserMixin.parseArrowExpression (D:\Projetos\Mano calos projetos\VILA\Vila 2\node_modules\@babel\parser\lib\index.js:12109:10)
      at TypeScriptParserMixin.parseParenAndDistinguishExpression (D:\Projetos\Mano calos projetos\VILA\Vila 2\node_modules\@babel\parser\lib\index.js:11718:12)
      at TypeScriptParserMixin.parseExprAtom (D:\Projetos\Mano calos projetos\VILA\Vila 2\node_modules\@babel\parser\lib\index.js:11362:23)
      at TypeScriptParserMixin.parseExprAtom (D:\Projetos\Mano calos projetos\VILA\Vila 2\node_modules\@babel\parser\lib\index.js:4782:20)
[2m04:24:14[22m [31m[1m[vite][22m[39m [31mInternal server error: D:\Projetos\Mano calos projetos\VILA\Vila 2\src\components\AboutVilaView.tsx: Expected corresponding JSX closing tag for <main>. (637:8)

[0m [90m 635 |[31m             [33m<[31m[33m/[31m[33mdiv[31m[33m>[31m
 [90m 636 |[31m           [33m<[31m[33m/[31m[33mdiv[31m[33m>[31m
[31m[1m>[22m[31m[90m 637 |[31m         [33m<[31m[33m/[31m[33mdiv[31m[33m>[31m
 [90m     |[31m         [31m[1m^[22m[31m
 [90m 638 |[31m       [33m<[31m[33m/[31m[33mmain[31m[33m>[31m
 [90m 639 |[31m
 [90m 640 |[31m       {[90m/* MODAL 1: Linha do Tempo Completa */[31m}[0m[39m
  Plugin: [35mvite:react-babel[39m
  File: [36mD:/Projetos/Mano calos projetos/VILA/Vila 2/src/components/AboutVilaView.tsx[39m:637:8
[33m  635|              </div>
  636|            </div>
  637|          </div>
     |          ^
  638|        </main>
  639|  [39m
      at constructor (D:\Projetos\Mano calos projetos\VILA\Vila 2\node_modules\@babel\parser\lib\index.js:369:19)
      at TypeScriptParserMixin.raise (D:\Projetos\Mano calos projetos\VILA\Vila 2\node_modules\@babel\parser\lib\index.js:6622:19)
      at TypeScriptParserMixin.jsxParseElementAt (D:\Projetos\Mano calos projetos\VILA\Vila 2\node_modules\@babel\parser\lib\index.js:4745:16)
      at TypeScriptParserMixin.jsxParseElementAt (D:\Projetos\Mano calos projetos\VILA\Vila 2\node_modules\@babel\parser\lib\index.js:4716:32)
      at TypeScriptParserMixin.jsxParseElement (D:\Projetos\Mano calos projetos\VILA\Vila 2\node_modules\@babel\parser\lib\index.js:4767:17)
      at TypeScriptParserMixin.parseExprAtom (D:\Projetos\Mano calos projetos\VILA\Vila 2\node_modules\@babel\parser\lib\index.js:4777:19)
      at TypeScriptParserMixin.parseExprSubscripts (D:\Projetos\Mano calos projetos\VILA\Vila 2\node_modules\@babel\parser\lib\index.js:11107:23)
      at TypeScriptParserMixin.parseUpdate (D:\Projetos\Mano calos projetos\VILA\Vila 2\node_modules\@babel\parser\lib\index.js:11092:21)
      at TypeScriptParserMixin.parseMaybeUnary (D:\Projetos\Mano calos projetos\VILA\Vila 2\node_modules\@babel\parser\lib\index.js:11072:23)
      at TypeScriptParserMixin.parseMaybeUnary (D:\Projetos\Mano calos projetos\VILA\Vila 2\node_modules\@babel\parser\lib\index.js:9860:18)
      at TypeScriptParserMixin.parseMaybeUnaryOrPrivate (D:\Projetos\Mano calos projetos\VILA\Vila 2\node_modules\@babel\parser\lib\index.js:10925:61)
      at TypeScriptParserMixin.parseExprOps (D:\Projetos\Mano calos projetos\VILA\Vila 2\node_modules\@babel\parser\lib\index.js:10930:23)
      at TypeScriptParserMixin.parseMaybeConditional (D:\Projetos\Mano calos projetos\VILA\Vila 2\node_modules\@babel\parser\lib\index.js:10907:23)
      at TypeScriptParserMixin.parseMaybeAssign (D:\Projetos\Mano calos projetos\VILA\Vila 2\node_modules\@babel\parser\lib\index.js:10857:21)
      at D:\Projetos\Mano calos projetos\VILA\Vila 2\node_modules\@babel\parser\lib\index.js:9798:39
      at TypeScriptParserMixin.tryParse (D:\Projetos\Mano calos projetos\VILA\Vila 2\node_modules\@babel\parser\lib\index.js:6930:20)
      at TypeScriptParserMixin.parseMaybeAssign (D:\Projetos\Mano calos projetos\VILA\Vila 2\node_modules\@babel\parser\lib\index.js:9798:18)
      at D:\Projetos\Mano calos projetos\VILA\Vila 2\node_modules\@babel\parser\lib\index.js:10826:39
      at TypeScriptParserMixin.allowInAnd (D:\Projetos\Mano calos projetos\VILA\Vila 2\node_modules\@babel\parser\lib\index.js:12460:12)
      at TypeScriptParserMixin.parseMaybeAssignAllowIn (D:\Projetos\Mano calos projetos\VILA\Vila 2\node_modules\@babel\parser\lib\index.js:10826:17)
      at TypeScriptParserMixin.parseMaybeAssignAllowInOrVoidPattern (D:\Projetos\Mano calos projetos\VILA\Vila 2\node_modules\@babel\parser\lib\index.js:12527:17)
      at TypeScriptParserMixin.parseParenAndDistinguishExpression (D:\Projetos\Mano calos projetos\VILA\Vila 2\node_modules\@babel\parser\lib\index.js:11706:28)
      at TypeScriptParserMixin.parseExprAtom (D:\Projetos\Mano calos projetos\VILA\Vila 2\node_modules\@babel\parser\lib\index.js:11362:23)
      at TypeScriptParserMixin.parseExprAtom (D:\Projetos\Mano calos projetos\VILA\Vila 2\node_modules\@babel\parser\lib\index.js:4782:20)
      at TypeScriptParserMixin.parseExprSubscripts (D:\Projetos\Mano calos projetos\VILA\Vila 2\node_modules\@babel\parser\lib\index.js:11107:23)
      at TypeScriptParserMixin.parseUpdate (D:\Projetos\Mano calos projetos\VILA\Vila 2\node_modules\@babel\parser\lib\index.js:11092:21)
      at TypeScriptParserMixin.parseMaybeUnary (D:\Projetos\Mano calos projetos\VILA\Vila 2\node_modules\@babel\parser\lib\index.js:11072:23)
      at TypeScriptParserMixin.parseMaybeUnary (D:\Projetos\Mano calos projetos\VILA\Vila 2\node_modules\@babel\parser\lib\index.js:9860:18)
      at TypeScriptParserMixin.parseMaybeUnaryOrPrivate (D:\Projetos\Mano calos projetos\VILA\Vila 2\node_modules\@babel\parser\lib\index.js:10925:61)
      at TypeScriptParserMixin.parseExprOps (D:\Projetos\Mano calos projetos\VILA\Vila 2\node_modules\@babel\parser\lib\index.js:10930:23)
      at TypeScriptParserMixin.parseMaybeConditional (D:\Projetos\Mano calos projetos\VILA\Vila 2\node_modules\@babel\parser\lib\index.js:10907:23)
      at TypeScriptParserMixin.parseMaybeAssign (D:\Projetos\Mano calos projetos\VILA\Vila 2\node_modules\@babel\parser\lib\index.js:10857:21)
      at TypeScriptParserMixin.parseMaybeAssign (D:\Projetos\Mano calos projetos\VILA\Vila 2\node_modules\@babel\parser\lib\index.js:9809:20)
      at TypeScriptParserMixin.parseExpressionBase (D:\Projetos\Mano calos projetos\VILA\Vila 2\node_modules\@babel\parser\lib\index.js:10810:23)
      at D:\Projetos\Mano calos projetos\VILA\Vila 2\node_modules\@babel\parser\lib\index.js:10806:39
      at TypeScriptParserMixin.allowInAnd (D:\Projetos\Mano calos projetos\VILA\Vila 2\node_modules\@babel\parser\lib\index.js:12455:16)
      at TypeScriptParserMixin.parseExpression (D:\Projetos\Mano calos projetos\VILA\Vila 2\node_modules\@babel\parser\lib\index.js:10806:17)
      at TypeScriptParserMixin.parseReturnStatement (D:\Projetos\Mano calos projetos\VILA\Vila 2\node_modules\@babel\parser\lib\index.js:13176:28)
      at TypeScriptParserMixin.parseStatementContent (D:\Projetos\Mano calos projetos\VILA\Vila 2\node_modules\@babel\parser\lib\index.js:12832:21)
      at TypeScriptParserMixin.parseStatementContent (D:\Projetos\Mano calos projetos\VILA\Vila 2\node_modules\@babel\parser\lib\index.js:9531:18)
      at TypeScriptParserMixin.parseStatementLike (D:\Projetos\Mano calos projetos\VILA\Vila 2\node_modules\@babel\parser\lib\index.js:12801:17)
      at TypeScriptParserMixin.parseStatementListItem (D:\Projetos\Mano calos projetos\VILA\Vila 2\node_modules\@babel\parser\lib\index.js:12781:17)
      at TypeScriptParserMixin.parseBlockOrModuleBlockBody (D:\Projetos\Mano calos projetos\VILA\Vila 2\node_modules\@babel\parser\lib\index.js:13350:61)
      at TypeScriptParserMixin.parseBlockBody (D:\Projetos\Mano calos projetos\VILA\Vila 2\node_modules\@babel\parser\lib\index.js:13343:10)
      at TypeScriptParserMixin.parseBlock (D:\Projetos\Mano calos projetos\VILA\Vila 2\node_modules\@babel\parser\lib\index.js:13331:10)
      at TypeScriptParserMixin.parseFunctionBody (D:\Projetos\Mano calos projetos\VILA\Vila 2\node_modules\@babel\parser\lib\index.js:12134:24)
      at TypeScriptParserMixin.parseArrowExpression (D:\Projetos\Mano calos projetos\VILA\Vila 2\node_modules\@babel\parser\lib\index.js:12109:10)
      at TypeScriptParserMixin.parseParenAndDistinguishExpression (D:\Projetos\Mano calos projetos\VILA\Vila 2\node_modules\@babel\parser\lib\index.js:11718:12)
      at TypeScriptParserMixin.parseExprAtom (D:\Projetos\Mano calos projetos\VILA\Vila 2\node_modules\@babel\parser\lib\index.js:11362:23)
      at TypeScriptParserMixin.parseExprAtom (D:\Projetos\Mano calos projetos\VILA\Vila 2\node_modules\@babel\parser\lib\index.js:4782:20)
[2m04:24:14[22m [31m[1m[vite][22m[39m [31mInternal server error: D:\Projetos\Mano calos projetos\VILA\Vila 2\src\components\AboutVilaView.tsx: Expected corresponding JSX closing tag for <main>. (637:8)

[0m [90m 635 |[31m             [33m<[31m[33m/[31m[33mdiv[31m[33m>[31m
 [90m 636 |[31m           [33m<[31m[33m/[31m[33mdiv[31m[33m>[31m
[31m[1m>[22m[31m[90m 637 |[31m         [33m<[31m[33m/[31m[33mdiv[31m[33m>[31m
 [90m     |[31m         [31m[1m^[22m[31m
 [90m 638 |[31m       [33m<[31m[33m/[31m[33mmain[31m[33m>[31m
 [90m 639 |[31m
 [90m 640 |[31m       {[90m/* MODAL 1: Linha do Tempo Completa */[31m}[0m[39m
  Plugin: [35mvite:react-babel[39m
  File: [36mD:/Projetos/Mano calos projetos/VILA/Vila 2/src/components/AboutVilaView.tsx[39m:637:8
[33m  635|              </div>
  636|            </div>
  637|          </div>
     |          ^
  638|        </main>
  639|  [39m
      at constructor (D:\Projetos\Mano calos projetos\VILA\Vila 2\node_modules\@babel\parser\lib\index.js:369:19)
      at TypeScriptParserMixin.raise (D:\Projetos\Mano calos projetos\VILA\Vila 2\node_modules\@babel\parser\lib\index.js:6622:19)
      at TypeScriptParserMixin.jsxParseElementAt (D:\Projetos\Mano calos projetos\VILA\Vila 2\node_modules\@babel\parser\lib\index.js:4745:16)
      at TypeScriptParserMixin.jsxParseElementAt (D:\Projetos\Mano calos projetos\VILA\Vila 2\node_modules\@babel\parser\lib\index.js:4716:32)
      at TypeScriptParserMixin.jsxParseElement (D:\Projetos\Mano calos projetos\VILA\Vila 2\node_modules\@babel\parser\lib\index.js:4767:17)
      at TypeScriptParserMixin.parseExprAtom (D:\Projetos\Mano calos projetos\VILA\Vila 2\node_modules\@babel\parser\lib\index.js:4777:19)
      at TypeScriptParserMixin.parseExprSubscripts (D:\Projetos\Mano calos projetos\VILA\Vila 2\node_modules\@babel\parser\lib\index.js:11107:23)
      at TypeScriptParserMixin.parseUpdate (D:\Projetos\Mano calos projetos\VILA\Vila 2\node_modules\@babel\parser\lib\index.js:11092:21)
      at TypeScriptParserMixin.parseMaybeUnary (D:\Projetos\Mano calos projetos\VILA\Vila 2\node_modules\@babel\parser\lib\index.js:11072:23)
      at TypeScriptParserMixin.parseMaybeUnary (D:\Projetos\Mano calos projetos\VILA\Vila 2\node_modules\@babel\parser\lib\index.js:9860:18)
      at TypeScriptParserMixin.parseMaybeUnaryOrPrivate (D:\Projetos\Mano calos projetos\VILA\Vila 2\node_modules\@babel\parser\lib\index.js:10925:61)
      at TypeScriptParserMixin.parseExprOps (D:\Projetos\Mano calos projetos\VILA\Vila 2\node_modules\@babel\parser\lib\index.js:10930:23)
      at TypeScriptParserMixin.parseMaybeConditional (D:\Projetos\Mano calos projetos\VILA\Vila 2\node_modules\@babel\parser\lib\index.js:10907:23)
      at TypeScriptParserMixin.parseMaybeAssign (D:\Projetos\Mano calos projetos\VILA\Vila 2\node_modules\@babel\parser\lib\index.js:10857:21)
      at D:\Projetos\Mano calos projetos\VILA\Vila 2\node_modules\@babel\parser\lib\index.js:9798:39
      at TypeScriptParserMixin.tryParse (D:\Projetos\Mano calos projetos\VILA\Vila 2\node_modules\@babel\parser\lib\index.js:6930:20)
      at TypeScriptParserMixin.parseMaybeAssign (D:\Projetos\Mano calos projetos\VILA\Vila 2\node_modules\@babel\parser\lib\index.js:9798:18)
      at D:\Projetos\Mano calos projetos\VILA\Vila 2\node_modules\@babel\parser\lib\index.js:10826:39
      at TypeScriptParserMixin.allowInAnd (D:\Projetos\Mano calos projetos\VILA\Vila 2\node_modules\@babel\parser\lib\index.js:12460:12)
      at TypeScriptParserMixin.parseMaybeAssignAllowIn (D:\Projetos\Mano calos projetos\VILA\Vila 2\node_modules\@babel\parser\lib\index.js:10826:17)
      at TypeScriptParserMixin.parseMaybeAssignAllowInOrVoidPattern (D:\Projetos\Mano calos projetos\VILA\Vila 2\node_modules\@babel\parser\lib\index.js:12527:17)
      at TypeScriptParserMixin.parseParenAndDistinguishExpression (D:\Projetos\Mano calos projetos\VILA\Vila 2\node_modules\@babel\parser\lib\index.js:11706:28)
      at TypeScriptParserMixin.parseExprAtom (D:\Projetos\Mano calos projetos\VILA\Vila 2\node_modules\@babel\parser\lib\index.js:11362:23)
      at TypeScriptParserMixin.parseExprAtom (D:\Projetos\Mano calos projetos\VILA\Vila 2\node_modules\@babel\parser\lib\index.js:4782:20)
      at TypeScriptParserMixin.parseExprSubscripts (D:\Projetos\Mano calos projetos\VILA\Vila 2\node_modules\@babel\parser\lib\index.js:11107:23)
      at TypeScriptParserMixin.parseUpdate (D:\Projetos\Mano calos projetos\VILA\Vila 2\node_modules\@babel\parser\lib\index.js:11092:21)
      at TypeScriptParserMixin.parseMaybeUnary (D:\Projetos\Mano calos projetos\VILA\Vila 2\node_modules\@babel\parser\lib\index.js:11072:23)
      at TypeScriptParserMixin.parseMaybeUnary (D:\Projetos\Mano calos projetos\VILA\Vila 2\node_modules\@babel\parser\lib\index.js:9860:18)
      at TypeScriptParserMixin.parseMaybeUnaryOrPrivate (D:\Projetos\Mano calos projetos\VILA\Vila 2\node_modules\@babel\parser\lib\index.js:10925:61)
      at TypeScriptParserMixin.parseExprOps (D:\Projetos\Mano calos projetos\VILA\Vila 2\node_modules\@babel\parser\lib\index.js:10930:23)
      at TypeScriptParserMixin.parseMaybeConditional (D:\Projetos\Mano calos projetos\VILA\Vila 2\node_modules\@babel\parser\lib\index.js:10907:23)
      at TypeScriptParserMixin.parseMaybeAssign (D:\Projetos\Mano calos projetos\VILA\Vila 2\node_modules\@babel\parser\lib\index.js:10857:21)
      at TypeScriptParserMixin.parseMaybeAssign (D:\Projetos\Mano calos projetos\VILA\Vila 2\node_modules\@babel\parser\lib\index.js:9809:20)
      at TypeScriptParserMixin.parseExpressionBase (D:\Projetos\Mano calos projetos\VILA\Vila 2\node_modules\@babel\parser\lib\index.js:10810:23)
      at D:\Projetos\Mano calos projetos\VILA\Vila 2\node_modules\@babel\parser\lib\index.js:10806:39
      at TypeScriptParserMixin.allowInAnd (D:\Projetos\Mano calos projetos\VILA\Vila 2\node_modules\@babel\parser\lib\index.js:12455:16)
      at TypeScriptParserMixin.parseExpression (D:\Projetos\Mano calos projetos\VILA\Vila 2\node_modules\@babel\parser\lib\index.js:10806:17)
      at TypeScriptParserMixin.parseReturnStatement (D:\Projetos\Mano calos projetos\VILA\Vila 2\node_modules\@babel\parser\lib\index.js:13176:28)
      at TypeScriptParserMixin.parseStatementContent (D:\Projetos\Mano calos projetos\VILA\Vila 2\node_modules\@babel\parser\lib\index.js:12832:21)
      at TypeScriptParserMixin.parseStatementContent (D:\Projetos\Mano calos projetos\VILA\Vila 2\node_modules\@babel\parser\lib\index.js:9531:18)
      at TypeScriptParserMixin.parseStatementLike (D:\Projetos\Mano calos projetos\VILA\Vila 2\node_modules\@babel\parser\lib\index.js:12801:17)
      at TypeScriptParserMixin.parseStatementListItem (D:\Projetos\Mano calos projetos\VILA\Vila 2\node_modules\@babel\parser\lib\index.js:12781:17)
      at TypeScriptParserMixin.parseBlockOrModuleBlockBody (D:\Projetos\Mano calos projetos\VILA\Vila 2\node_modules\@babel\parser\lib\index.js:13350:61)
      at TypeScriptParserMixin.parseBlockBody (D:\Projetos\Mano calos projetos\VILA\Vila 2\node_modules\@babel\parser\lib\index.js:13343:10)
      at TypeScriptParserMixin.parseBlock (D:\Projetos\Mano calos projetos\VILA\Vila 2\node_modules\@babel\parser\lib\index.js:13331:10)
      at TypeScriptParserMixin.parseFunctionBody (D:\Projetos\Mano calos projetos\VILA\Vila 2\node_modules\@babel\parser\lib\index.js:12134:24)
      at TypeScriptParserMixin.parseArrowExpression (D:\Projetos\Mano calos projetos\VILA\Vila 2\node_modules\@babel\parser\lib\index.js:12109:10)
      at TypeScriptParserMixin.parseParenAndDistinguishExpression (D:\Projetos\Mano calos projetos\VILA\Vila 2\node_modules\@babel\parser\lib\index.js:11718:12)
      at TypeScriptParserMixin.parseExprAtom (D:\Projetos\Mano calos projetos\VILA\Vila 2\node_modules\@babel\parser\lib\index.js:11362:23)
      at TypeScriptParserMixin.parseExprAtom (D:\Projetos\Mano calos projetos\VILA\Vila 2\node_modules\@babel\parser\lib\index.js:4782:20)
[2m04:25:08[22m [31m[1m[vite][22m[39m [31m[2m(client)[22m[39m Pre-transform error: D:\Projetos\Mano calos projetos\VILA\Vila 2\src\components\AboutVilaView.tsx: Expected corresponding JSX closing tag for <div>. (636:6)

[0m [90m 634 |[39m           [33m<[39m[33m/[39m[33mdiv[39m[33m>[39m
 [90m 635 |[39m         [33m<[39m[33m/[39m[33mdiv[39m[33m>[39m
[31m[1m>[22m[39m[90m 636 |[39m       [33m<[39m[33m/[39m[33mmain[39m[33m>[39m
 [90m     |[39m       [31m[1m^[22m[39m
 [90m 637 |[39m
 [90m 638 |[39m       {[90m/* MODAL 1: Linha do Tempo Completa */[39m}
 [90m 639 |[39m       {isTimelineModalOpen [33m&&[39m ([0m
  Plugin: [35mvite:react-babel[39m
  File: [36mD:/Projetos/Mano calos projetos/VILA/Vila 2/src/components/AboutVilaView.tsx[39m:636:6
[33m  634|            </div>
  635|          </div>
  636|        </main>
     |        ^
  637|  
  638|        {/* MODAL 1: Linha do Tempo Completa */}[39m
[2m04:25:08[22m [31m[1m[vite][22m[39m [31mInternal server error: D:\Projetos\Mano calos projetos\VILA\Vila 2\src\components\AboutVilaView.tsx: Expected corresponding JSX closing tag for <div>. (636:6)

[0m [90m 634 |[31m           [33m<[31m[33m/[31m[33mdiv[31m[33m>[31m
 [90m 635 |[31m         [33m<[31m[33m/[31m[33mdiv[31m[33m>[31m
[31m[1m>[22m[31m[90m 636 |[31m       [33m<[31m[33m/[31m[33mmain[31m[33m>[31m
 [90m     |[31m       [31m[1m^[22m[31m
 [90m 637 |[31m
 [90m 638 |[31m       {[90m/* MODAL 1: Linha do Tempo Completa */[31m}
 [90m 639 |[31m       {isTimelineModalOpen [33m&&[31m ([0m[39m
  Plugin: [35mvite:react-babel[39m
  File: [36mD:/Projetos/Mano calos projetos/VILA/Vila 2/src/components/AboutVilaView.tsx[39m:636:6
[33m  634|            </div>
  635|          </div>
  636|        </main>
     |        ^
  637|  
  638|        {/* MODAL 1: Linha do Tempo Completa */}[39m
      at constructor (D:\Projetos\Mano calos projetos\VILA\Vila 2\node_modules\@babel\parser\lib\index.js:369:19)
      at TypeScriptParserMixin.raise (D:\Projetos\Mano calos projetos\VILA\Vila 2\node_modules\@babel\parser\lib\index.js:6622:19)
      at TypeScriptParserMixin.jsxParseElementAt (D:\Projetos\Mano calos projetos\VILA\Vila 2\node_modules\@babel\parser\lib\index.js:4745:16)
      at TypeScriptParserMixin.jsxParseElementAt (D:\Projetos\Mano calos projetos\VILA\Vila 2\node_modules\@babel\parser\lib\index.js:4716:32)
      at TypeScriptParserMixin.jsxParseElementAt (D:\Projetos\Mano calos projetos\VILA\Vila 2\node_modules\@babel\parser\lib\index.js:4716:32)
      at TypeScriptParserMixin.jsxParseElement (D:\Projetos\Mano calos projetos\VILA\Vila 2\node_modules\@babel\parser\lib\index.js:4767:17)
      at TypeScriptParserMixin.parseExprAtom (D:\Projetos\Mano calos projetos\VILA\Vila 2\node_modules\@babel\parser\lib\index.js:4777:19)
      at TypeScriptParserMixin.parseExprSubscripts (D:\Projetos\Mano calos projetos\VILA\Vila 2\node_modules\@babel\parser\lib\index.js:11107:23)
      at TypeScriptParserMixin.parseUpdate (D:\Projetos\Mano calos projetos\VILA\Vila 2\node_modules\@babel\parser\lib\index.js:11092:21)
      at TypeScriptParserMixin.parseMaybeUnary (D:\Projetos\Mano calos projetos\VILA\Vila 2\node_modules\@babel\parser\lib\index.js:11072:23)
      at TypeScriptParserMixin.parseMaybeUnary (D:\Projetos\Mano calos projetos\VILA\Vila 2\node_modules\@babel\parser\lib\index.js:9860:18)
      at TypeScriptParserMixin.parseMaybeUnaryOrPrivate (D:\Projetos\Mano calos projetos\VILA\Vila 2\node_modules\@babel\parser\lib\index.js:10925:61)
      at TypeScriptParserMixin.parseExprOps (D:\Projetos\Mano calos projetos\VILA\Vila 2\node_modules\@babel\parser\lib\index.js:10930:23)
      at TypeScriptParserMixin.parseMaybeConditional (D:\Projetos\Mano calos projetos\VILA\Vila 2\node_modules\@babel\parser\lib\index.js:10907:23)
      at TypeScriptParserMixin.parseMaybeAssign (D:\Projetos\Mano calos projetos\VILA\Vila 2\node_modules\@babel\parser\lib\index.js:10857:21)
      at D:\Projetos\Mano calos projetos\VILA\Vila 2\node_modules\@babel\parser\lib\index.js:9798:39
      at TypeScriptParserMixin.tryParse (D:\Projetos\Mano calos projetos\VILA\Vila 2\node_modules\@babel\parser\lib\index.js:6930:20)
      at TypeScriptParserMixin.parseMaybeAssign (D:\Projetos\Mano calos projetos\VILA\Vila 2\node_modules\@babel\parser\lib\index.js:9798:18)
      at D:\Projetos\Mano calos projetos\VILA\Vila 2\node_modules\@babel\parser\lib\index.js:10826:39
      at TypeScriptParserMixin.allowInAnd (D:\Projetos\Mano calos projetos\VILA\Vila 2\node_modules\@babel\parser\lib\index.js:12460:12)
      at TypeScriptParserMixin.parseMaybeAssignAllowIn (D:\Projetos\Mano calos projetos\VILA\Vila 2\node_modules\@babel\parser\lib\index.js:10826:17)
      at TypeScriptParserMixin.parseMaybeAssignAllowInOrVoidPattern (D:\Projetos\Mano calos projetos\VILA\Vila 2\node_modules\@babel\parser\lib\index.js:12527:17)
      at TypeScriptParserMixin.parseParenAndDistinguishExpression (D:\Projetos\Mano calos projetos\VILA\Vila 2\node_modules\@babel\parser\lib\index.js:11706:28)
      at TypeScriptParserMixin.parseExprAtom (D:\Projetos\Mano calos projetos\VILA\Vila 2\node_modules\@babel\parser\lib\index.js:11362:23)
      at TypeScriptParserMixin.parseExprAtom (D:\Projetos\Mano calos projetos\VILA\Vila 2\node_modules\@babel\parser\lib\index.js:4782:20)
      at TypeScriptParserMixin.parseExprSubscripts (D:\Projetos\Mano calos projetos\VILA\Vila 2\node_modules\@babel\parser\lib\index.js:11107:23)
      at TypeScriptParserMixin.parseUpdate (D:\Projetos\Mano calos projetos\VILA\Vila 2\node_modules\@babel\parser\lib\index.js:11092:21)
      at TypeScriptParserMixin.parseMaybeUnary (D:\Projetos\Mano calos projetos\VILA\Vila 2\node_modules\@babel\parser\lib\index.js:11072:23)
      at TypeScriptParserMixin.parseMaybeUnary (D:\Projetos\Mano calos projetos\VILA\Vila 2\node_modules\@babel\parser\lib\index.js:9860:18)
      at TypeScriptParserMixin.parseMaybeUnaryOrPrivate (D:\Projetos\Mano calos projetos\VILA\Vila 2\node_modules\@babel\parser\lib\index.js:10925:61)
      at TypeScriptParserMixin.parseExprOps (D:\Projetos\Mano calos projetos\VILA\Vila 2\node_modules\@babel\parser\lib\index.js:10930:23)
      at TypeScriptParserMixin.parseMaybeConditional (D:\Projetos\Mano calos projetos\VILA\Vila 2\node_modules\@babel\parser\lib\index.js:10907:23)
      at TypeScriptParserMixin.parseMaybeAssign (D:\Projetos\Mano calos projetos\VILA\Vila 2\node_modules\@babel\parser\lib\index.js:10857:21)
      at TypeScriptParserMixin.parseMaybeAssign (D:\Projetos\Mano calos projetos\VILA\Vila 2\node_modules\@babel\parser\lib\index.js:9809:20)
      at TypeScriptParserMixin.parseExpressionBase (D:\Projetos\Mano calos projetos\VILA\Vila 2\node_modules\@babel\parser\lib\index.js:10810:23)
      at D:\Projetos\Mano calos projetos\VILA\Vila 2\node_modules\@babel\parser\lib\index.js:10806:39
      at TypeScriptParserMixin.allowInAnd (D:\Projetos\Mano calos projetos\VILA\Vila 2\node_modules\@babel\parser\lib\index.js:12455:16)
      at TypeScriptParserMixin.parseExpression (D:\Projetos\Mano calos projetos\VILA\Vila 2\node_modules\@babel\parser\lib\index.js:10806:17)
      at TypeScriptParserMixin.parseReturnStatement (D:\Projetos\Mano calos projetos\VILA\Vila 2\node_modules\@babel\parser\lib\index.js:13176:28)
      at TypeScriptParserMixin.parseStatementContent (D:\Projetos\Mano calos projetos\VILA\Vila 2\node_modules\@babel\parser\lib\index.js:12832:21)
      at TypeScriptParserMixin.parseStatementContent (D:\Projetos\Mano calos projetos\VILA\Vila 2\node_modules\@babel\parser\lib\index.js:9531:18)
      at TypeScriptParserMixin.parseStatementLike (D:\Projetos\Mano calos projetos\VILA\Vila 2\node_modules\@babel\parser\lib\index.js:12801:17)
      at TypeScriptParserMixin.parseStatementListItem (D:\Projetos\Mano calos projetos\VILA\Vila 2\node_modules\@babel\parser\lib\index.js:12781:17)
      at TypeScriptParserMixin.parseBlockOrModuleBlockBody (D:\Projetos\Mano calos projetos\VILA\Vila 2\node_modules\@babel\parser\lib\index.js:13350:61)
      at TypeScriptParserMixin.parseBlockBody (D:\Projetos\Mano calos projetos\VILA\Vila 2\node_modules\@babel\parser\lib\index.js:13343:10)
      at TypeScriptParserMixin.parseBlock (D:\Projetos\Mano calos projetos\VILA\Vila 2\node_modules\@babel\parser\lib\index.js:13331:10)
      at TypeScriptParserMixin.parseFunctionBody (D:\Projetos\Mano calos projetos\VILA\Vila 2\node_modules\@babel\parser\lib\index.js:12134:24)
      at TypeScriptParserMixin.parseArrowExpression (D:\Projetos\Mano calos projetos\VILA\Vila 2\node_modules\@babel\parser\lib\index.js:12109:10)
      at TypeScriptParserMixin.parseParenAndDistinguishExpression (D:\Projetos\Mano calos projetos\VILA\Vila 2\node_modules\@babel\parser\lib\index.js:11718:12)
      at TypeScriptParserMixin.parseExprAtom (D:\Projetos\Mano calos projetos\VILA\Vila 2\node_modules\@babel\parser\lib\index.js:11362:23)
[2m04:25:09[22m [31m[1m[vite][22m[39m [31mInternal server error: D:\Projetos\Mano calos projetos\VILA\Vila 2\src\components\AboutVilaView.tsx: Expected corresponding JSX closing tag for <div>. (636:6)

[0m [90m 634 |[31m           [33m<[31m[33m/[31m[33mdiv[31m[33m>[31m
 [90m 635 |[31m         [33m<[31m[33m/[31m[33mdiv[31m[33m>[31m
[31m[1m>[22m[31m[90m 636 |[31m       [33m<[31m[33m/[31m[33mmain[31m[33m>[31m
 [90m     |[31m       [31m[1m^[22m[31m
 [90m 637 |[31m
 [90m 638 |[31m       {[90m/* MODAL 1: Linha do Tempo Completa */[31m}
 [90m 639 |[31m       {isTimelineModalOpen [33m&&[31m ([0m[39m
  Plugin: [35mvite:react-babel[39m
  File: [36mD:/Projetos/Mano calos projetos/VILA/Vila 2/src/components/AboutVilaView.tsx[39m:636:6
[33m  634|            </div>
  635|          </div>
  636|        </main>
     |        ^
  637|  
  638|        {/* MODAL 1: Linha do Tempo Completa */}[39m
      at constructor (D:\Projetos\Mano calos projetos\VILA\Vila 2\node_modules\@babel\parser\lib\index.js:369:19)
      at TypeScriptParserMixin.raise (D:\Projetos\Mano calos projetos\VILA\Vila 2\node_modules\@babel\parser\lib\index.js:6622:19)
      at TypeScriptParserMixin.jsxParseElementAt (D:\Projetos\Mano calos projetos\VILA\Vila 2\node_modules\@babel\parser\lib\index.js:4745:16)
      at TypeScriptParserMixin.jsxParseElementAt (D:\Projetos\Mano calos projetos\VILA\Vila 2\node_modules\@babel\parser\lib\index.js:4716:32)
      at TypeScriptParserMixin.jsxParseElementAt (D:\Projetos\Mano calos projetos\VILA\Vila 2\node_modules\@babel\parser\lib\index.js:4716:32)
      at TypeScriptParserMixin.jsxParseElement (D:\Projetos\Mano calos projetos\VILA\Vila 2\node_modules\@babel\parser\lib\index.js:4767:17)
      at TypeScriptParserMixin.parseExprAtom (D:\Projetos\Mano calos projetos\VILA\Vila 2\node_modules\@babel\parser\lib\index.js:4777:19)
      at TypeScriptParserMixin.parseExprSubscripts (D:\Projetos\Mano calos projetos\VILA\Vila 2\node_modules\@babel\parser\lib\index.js:11107:23)
      at TypeScriptParserMixin.parseUpdate (D:\Projetos\Mano calos projetos\VILA\Vila 2\node_modules\@babel\parser\lib\index.js:11092:21)
      at TypeScriptParserMixin.parseMaybeUnary (D:\Projetos\Mano calos projetos\VILA\Vila 2\node_modules\@babel\parser\lib\index.js:11072:23)
      at TypeScriptParserMixin.parseMaybeUnary (D:\Projetos\Mano calos projetos\VILA\Vila 2\node_modules\@babel\parser\lib\index.js:9860:18)
      at TypeScriptParserMixin.parseMaybeUnaryOrPrivate (D:\Projetos\Mano calos projetos\VILA\Vila 2\node_modules\@babel\parser\lib\index.js:10925:61)
      at TypeScriptParserMixin.parseExprOps (D:\Projetos\Mano calos projetos\VILA\Vila 2\node_modules\@babel\parser\lib\index.js:10930:23)
      at TypeScriptParserMixin.parseMaybeConditional (D:\Projetos\Mano calos projetos\VILA\Vila 2\node_modules\@babel\parser\lib\index.js:10907:23)
      at TypeScriptParserMixin.parseMaybeAssign (D:\Projetos\Mano calos projetos\VILA\Vila 2\node_modules\@babel\parser\lib\index.js:10857:21)
      at D:\Projetos\Mano calos projetos\VILA\Vila 2\node_modules\@babel\parser\lib\index.js:9798:39
      at TypeScriptParserMixin.tryParse (D:\Projetos\Mano calos projetos\VILA\Vila 2\node_modules\@babel\parser\lib\index.js:6930:20)
      at TypeScriptParserMixin.parseMaybeAssign (D:\Projetos\Mano calos projetos\VILA\Vila 2\node_modules\@babel\parser\lib\index.js:9798:18)
      at D:\Projetos\Mano calos projetos\VILA\Vila 2\node_modules\@babel\parser\lib\index.js:10826:39
      at TypeScriptParserMixin.allowInAnd (D:\Projetos\Mano calos projetos\VILA\Vila 2\node_modules\@babel\parser\lib\index.js:12460:12)
      at TypeScriptParserMixin.parseMaybeAssignAllowIn (D:\Projetos\Mano calos projetos\VILA\Vila 2\node_modules\@babel\parser\lib\index.js:10826:17)
      at TypeScriptParserMixin.parseMaybeAssignAllowInOrVoidPattern (D:\Projetos\Mano calos projetos\VILA\Vila 2\node_modules\@babel\parser\lib\index.js:12527:17)
      at TypeScriptParserMixin.parseParenAndDistinguishExpression (D:\Projetos\Mano calos projetos\VILA\Vila 2\node_modules\@babel\parser\lib\index.js:11706:28)
      at TypeScriptParserMixin.parseExprAtom (D:\Projetos\Mano calos projetos\VILA\Vila 2\node_modules\@babel\parser\lib\index.js:11362:23)
      at TypeScriptParserMixin.parseExprAtom (D:\Projetos\Mano calos projetos\VILA\Vila 2\node_modules\@babel\parser\lib\index.js:4782:20)
      at TypeScriptParserMixin.parseExprSubscripts (D:\Projetos\Mano calos projetos\VILA\Vila 2\node_modules\@babel\parser\lib\index.js:11107:23)
      at TypeScriptParserMixin.parseUpdate (D:\Projetos\Mano calos projetos\VILA\Vila 2\node_modules\@babel\parser\lib\index.js:11092:21)
      at TypeScriptParserMixin.parseMaybeUnary (D:\Projetos\Mano calos projetos\VILA\Vila 2\node_modules\@babel\parser\lib\index.js:11072:23)
      at TypeScriptParserMixin.parseMaybeUnary (D:\Projetos\Mano calos projetos\VILA\Vila 2\node_modules\@babel\parser\lib\index.js:9860:18)
      at TypeScriptParserMixin.parseMaybeUnaryOrPrivate (D:\Projetos\Mano calos projetos\VILA\Vila 2\node_modules\@babel\parser\lib\index.js:10925:61)
      at TypeScriptParserMixin.parseExprOps (D:\Projetos\Mano calos projetos\VILA\Vila 2\node_modules\@babel\parser\lib\index.js:10930:23)
      at TypeScriptParserMixin.parseMaybeConditional (D:\Projetos\Mano calos projetos\VILA\Vila 2\node_modules\@babel\parser\lib\index.js:10907:23)
      at TypeScriptParserMixin.parseMaybeAssign (D:\Projetos\Mano calos projetos\VILA\Vila 2\node_modules\@babel\parser\lib\index.js:10857:21)
      at TypeScriptParserMixin.parseMaybeAssign (D:\Projetos\Mano calos projetos\VILA\Vila 2\node_modules\@babel\parser\lib\index.js:9809:20)
      at TypeScriptParserMixin.parseExpressionBase (D:\Projetos\Mano calos projetos\VILA\Vila 2\node_modules\@babel\parser\lib\index.js:10810:23)
      at D:\Projetos\Mano calos projetos\VILA\Vila 2\node_modules\@babel\parser\lib\index.js:10806:39
      at TypeScriptParserMixin.allowInAnd (D:\Projetos\Mano calos projetos\VILA\Vila 2\node_modules\@babel\parser\lib\index.js:12455:16)
      at TypeScriptParserMixin.parseExpression (D:\Projetos\Mano calos projetos\VILA\Vila 2\node_modules\@babel\parser\lib\index.js:10806:17)
      at TypeScriptParserMixin.parseReturnStatement (D:\Projetos\Mano calos projetos\VILA\Vila 2\node_modules\@babel\parser\lib\index.js:13176:28)
      at TypeScriptParserMixin.parseStatementContent (D:\Projetos\Mano calos projetos\VILA\Vila 2\node_modules\@babel\parser\lib\index.js:12832:21)
      at TypeScriptParserMixin.parseStatementContent (D:\Projetos\Mano calos projetos\VILA\Vila 2\node_modules\@babel\parser\lib\index.js:9531:18)
      at TypeScriptParserMixin.parseStatementLike (D:\Projetos\Mano calos projetos\VILA\Vila 2\node_modules\@babel\parser\lib\index.js:12801:17)
      at TypeScriptParserMixin.parseStatementListItem (D:\Projetos\Mano calos projetos\VILA\Vila 2\node_modules\@babel\parser\lib\index.js:12781:17)
      at TypeScriptParserMixin.parseBlockOrModuleBlockBody (D:\Projetos\Mano calos projetos\VILA\Vila 2\node_modules\@babel\parser\lib\index.js:13350:61)
      at TypeScriptParserMixin.parseBlockBody (D:\Projetos\Mano calos projetos\VILA\Vila 2\node_modules\@babel\parser\lib\index.js:13343:10)
      at TypeScriptParserMixin.parseBlock (D:\Projetos\Mano calos projetos\VILA\Vila 2\node_modules\@babel\parser\lib\index.js:13331:10)
      at TypeScriptParserMixin.parseFunctionBody (D:\Projetos\Mano calos projetos\VILA\Vila 2\node_modules\@babel\parser\lib\index.js:12134:24)
      at TypeScriptParserMixin.parseArrowExpression (D:\Projetos\Mano calos projetos\VILA\Vila 2\node_modules\@babel\parser\lib\index.js:12109:10)
      at TypeScriptParserMixin.parseParenAndDistinguishExpression (D:\Projetos\Mano calos projetos\VILA\Vila 2\node_modules\@babel\parser\lib\index.js:11718:12)
      at TypeScriptParserMixin.parseExprAtom (D:\Projetos\Mano calos projetos\VILA\Vila 2\node_modules\@babel\parser\lib\index.js:11362:23)
[2m04:25:09[22m [31m[1m[vite][22m[39m [31mInternal server error: D:\Projetos\Mano calos projetos\VILA\Vila 2\src\components\AboutVilaView.tsx: Expected corresponding JSX closing tag for <div>. (636:6)

[0m [90m 634 |[31m           [33m<[31m[33m/[31m[33mdiv[31m[33m>[31m
 [90m 635 |[31m         [33m<[31m[33m/[31m[33mdiv[31m[33m>[31m
[31m[1m>[22m[31m[90m 636 |[31m       [33m<[31m[33m/[31m[33mmain[31m[33m>[31m
 [90m     |[31m       [31m[1m^[22m[31m
 [90m 637 |[31m
 [90m 638 |[31m       {[90m/* MODAL 1: Linha do Tempo Completa */[31m}
 [90m 639 |[31m       {isTimelineModalOpen [33m&&[31m ([0m[39m
  Plugin: [35mvite:react-babel[39m
  File: [36mD:/Projetos/Mano calos projetos/VILA/Vila 2/src/components/AboutVilaView.tsx[39m:636:6
[33m  634|            </div>
  635|          </div>
  636|        </main>
     |        ^
  637|  
  638|        {/* MODAL 1: Linha do Tempo Completa */}[39m
      at constructor (D:\Projetos\Mano calos projetos\VILA\Vila 2\node_modules\@babel\parser\lib\index.js:369:19)
      at TypeScriptParserMixin.raise (D:\Projetos\Mano calos projetos\VILA\Vila 2\node_modules\@babel\parser\lib\index.js:6622:19)
      at TypeScriptParserMixin.jsxParseElementAt (D:\Projetos\Mano calos projetos\VILA\Vila 2\node_modules\@babel\parser\lib\index.js:4745:16)
      at TypeScriptParserMixin.jsxParseElementAt (D:\Projetos\Mano calos projetos\VILA\Vila 2\node_modules\@babel\parser\lib\index.js:4716:32)
      at TypeScriptParserMixin.jsxParseElementAt (D:\Projetos\Mano calos projetos\VILA\Vila 2\node_modules\@babel\parser\lib\index.js:4716:32)
      at TypeScriptParserMixin.jsxParseElement (D:\Projetos\Mano calos projetos\VILA\Vila 2\node_modules\@babel\parser\lib\index.js:4767:17)
      at TypeScriptParserMixin.parseExprAtom (D:\Projetos\Mano calos projetos\VILA\Vila 2\node_modules\@babel\parser\lib\index.js:4777:19)
      at TypeScriptParserMixin.parseExprSubscripts (D:\Projetos\Mano calos projetos\VILA\Vila 2\node_modules\@babel\parser\lib\index.js:11107:23)
      at TypeScriptParserMixin.parseUpdate (D:\Projetos\Mano calos projetos\VILA\Vila 2\node_modules\@babel\parser\lib\index.js:11092:21)
      at TypeScriptParserMixin.parseMaybeUnary (D:\Projetos\Mano calos projetos\VILA\Vila 2\node_modules\@babel\parser\lib\index.js:11072:23)
      at TypeScriptParserMixin.parseMaybeUnary (D:\Projetos\Mano calos projetos\VILA\Vila 2\node_modules\@babel\parser\lib\index.js:9860:18)
      at TypeScriptParserMixin.parseMaybeUnaryOrPrivate (D:\Projetos\Mano calos projetos\VILA\Vila 2\node_modules\@babel\parser\lib\index.js:10925:61)
      at TypeScriptParserMixin.parseExprOps (D:\Projetos\Mano calos projetos\VILA\Vila 2\node_modules\@babel\parser\lib\index.js:10930:23)
      at TypeScriptParserMixin.parseMaybeConditional (D:\Projetos\Mano calos projetos\VILA\Vila 2\node_modules\@babel\parser\lib\index.js:10907:23)
      at TypeScriptParserMixin.parseMaybeAssign (D:\Projetos\Mano calos projetos\VILA\Vila 2\node_modules\@babel\parser\lib\index.js:10857:21)
      at D:\Projetos\Mano calos projetos\VILA\Vila 2\node_modules\@babel\parser\lib\index.js:9798:39
      at TypeScriptParserMixin.tryParse (D:\Projetos\Mano calos projetos\VILA\Vila 2\node_modules\@babel\parser\lib\index.js:6930:20)
      at TypeScriptParserMixin.parseMaybeAssign (D:\Projetos\Mano calos projetos\VILA\Vila 2\node_modules\@babel\parser\lib\index.js:9798:18)
      at D:\Projetos\Mano calos projetos\VILA\Vila 2\node_modules\@babel\parser\lib\index.js:10826:39
      at TypeScriptParserMixin.allowInAnd (D:\Projetos\Mano calos projetos\VILA\Vila 2\node_modules\@babel\parser\lib\index.js:12460:12)
      at TypeScriptParserMixin.parseMaybeAssignAllowIn (D:\Projetos\Mano calos projetos\VILA\Vila 2\node_modules\@babel\parser\lib\index.js:10826:17)
      at TypeScriptParserMixin.parseMaybeAssignAllowInOrVoidPattern (D:\Projetos\Mano calos projetos\VILA\Vila 2\node_modules\@babel\parser\lib\index.js:12527:17)
      at TypeScriptParserMixin.parseParenAndDistinguishExpression (D:\Projetos\Mano calos projetos\VILA\Vila 2\node_modules\@babel\parser\lib\index.js:11706:28)
      at TypeScriptParserMixin.parseExprAtom (D:\Projetos\Mano calos projetos\VILA\Vila 2\node_modules\@babel\parser\lib\index.js:11362:23)
      at TypeScriptParserMixin.parseExprAtom (D:\Projetos\Mano calos projetos\VILA\Vila 2\node_modules\@babel\parser\lib\index.js:4782:20)
      at TypeScriptParserMixin.parseExprSubscripts (D:\Projetos\Mano calos projetos\VILA\Vila 2\node_modules\@babel\parser\lib\index.js:11107:23)
      at TypeScriptParserMixin.parseUpdate (D:\Projetos\Mano calos projetos\VILA\Vila 2\node_modules\@babel\parser\lib\index.js:11092:21)
      at TypeScriptParserMixin.parseMaybeUnary (D:\Projetos\Mano calos projetos\VILA\Vila 2\node_modules\@babel\parser\lib\index.js:11072:23)
      at TypeScriptParserMixin.parseMaybeUnary (D:\Projetos\Mano calos projetos\VILA\Vila 2\node_modules\@babel\parser\lib\index.js:9860:18)
      at TypeScriptParserMixin.parseMaybeUnaryOrPrivate (D:\Projetos\Mano calos projetos\VILA\Vila 2\node_modules\@babel\parser\lib\index.js:10925:61)
      at TypeScriptParserMixin.parseExprOps (D:\Projetos\Mano calos projetos\VILA\Vila 2\node_modules\@babel\parser\lib\index.js:10930:23)
      at TypeScriptParserMixin.parseMaybeConditional (D:\Projetos\Mano calos projetos\VILA\Vila 2\node_modules\@babel\parser\lib\index.js:10907:23)
      at TypeScriptParserMixin.parseMaybeAssign (D:\Projetos\Mano calos projetos\VILA\Vila 2\node_modules\@babel\parser\lib\index.js:10857:21)
      at TypeScriptParserMixin.parseMaybeAssign (D:\Projetos\Mano calos projetos\VILA\Vila 2\node_modules\@babel\parser\lib\index.js:9809:20)
      at TypeScriptParserMixin.parseExpressionBase (D:\Projetos\Mano calos projetos\VILA\Vila 2\node_modules\@babel\parser\lib\index.js:10810:23)
      at D:\Projetos\Mano calos projetos\VILA\Vila 2\node_modules\@babel\parser\lib\index.js:10806:39
      at TypeScriptParserMixin.allowInAnd (D:\Projetos\Mano calos projetos\VILA\Vila 2\node_modules\@babel\parser\lib\index.js:12455:16)
      at TypeScriptParserMixin.parseExpression (D:\Projetos\Mano calos projetos\VILA\Vila 2\node_modules\@babel\parser\lib\index.js:10806:17)
      at TypeScriptParserMixin.parseReturnStatement (D:\Projetos\Mano calos projetos\VILA\Vila 2\node_modules\@babel\parser\lib\index.js:13176:28)
      at TypeScriptParserMixin.parseStatementContent (D:\Projetos\Mano calos projetos\VILA\Vila 2\node_modules\@babel\parser\lib\index.js:12832:21)
      at TypeScriptParserMixin.parseStatementContent (D:\Projetos\Mano calos projetos\VILA\Vila 2\node_modules\@babel\parser\lib\index.js:9531:18)
      at TypeScriptParserMixin.parseStatementLike (D:\Projetos\Mano calos projetos\VILA\Vila 2\node_modules\@babel\parser\lib\index.js:12801:17)
      at TypeScriptParserMixin.parseStatementListItem (D:\Projetos\Mano calos projetos\VILA\Vila 2\node_modules\@babel\parser\lib\index.js:12781:17)
      at TypeScriptParserMixin.parseBlockOrModuleBlockBody (D:\Projetos\Mano calos projetos\VILA\Vila 2\node_modules\@babel\parser\lib\index.js:13350:61)
      at TypeScriptParserMixin.parseBlockBody (D:\Projetos\Mano calos projetos\VILA\Vila 2\node_modules\@babel\parser\lib\index.js:13343:10)
      at TypeScriptParserMixin.parseBlock (D:\Projetos\Mano calos projetos\VILA\Vila 2\node_modules\@babel\parser\lib\index.js:13331:10)
      at TypeScriptParserMixin.parseFunctionBody (D:\Projetos\Mano calos projetos\VILA\Vila 2\node_modules\@babel\parser\lib\index.js:12134:24)
      at TypeScriptParserMixin.parseArrowExpression (D:\Projetos\Mano calos projetos\VILA\Vila 2\node_modules\@babel\parser\lib\index.js:12109:10)
      at TypeScriptParserMixin.parseParenAndDistinguishExpression (D:\Projetos\Mano calos projetos\VILA\Vila 2\node_modules\@babel\parser\lib\index.js:11718:12)
      at TypeScriptParserMixin.parseExprAtom (D:\Projetos\Mano calos projetos\VILA\Vila 2\node_modules\@babel\parser\lib\index.js:11362:23)
[2m04:37:03[22m [31m[1m[vite][22m[39m [31mInternal server error: D:\Projetos\Mano calos projetos\VILA\Vila 2\src\components\AdminSidebar.tsx: Expected corresponding JSX closing tag for <div>. (590:6)

[0m [90m 588 |[31m           [33m<[31m[33m/[31m[33mbutton[31m[33m>[31m
 [90m 589 |[31m         [33m<[31m[33m/[31m[33mdiv[31m[33m>[31m
[31m[1m>[22m[31m[90m 590 |[31m       [33m<[31m[33m/[31m[33maside[31m[33m>[31m
 [90m     |[31m       [31m[1m^[22m[31m
 [90m 591 |[31m     [33m<[31m[33m/[31m[33m>[31m
 [90m 592 |[31m   )[33m;[31m
 [90m 593 |[31m }[33m;[31m[0m[39m
  Plugin: [35mvite:react-babel[39m
  File: [36mD:/Projetos/Mano calos projetos/VILA/Vila 2/src/components/AdminSidebar.tsx[39m:590:6
[33m  588|            </button>
  589|          </div>
  590|        </aside>
     |        ^
  591|      </>
  592|    );[39m
      at constructor (D:\Projetos\Mano calos projetos\VILA\Vila 2\node_modules\@babel\parser\lib\index.js:369:19)
      at TypeScriptParserMixin.raise (D:\Projetos\Mano calos projetos\VILA\Vila 2\node_modules\@babel\parser\lib\index.js:6622:19)
      at TypeScriptParserMixin.jsxParseElementAt (D:\Projetos\Mano calos projetos\VILA\Vila 2\node_modules\@babel\parser\lib\index.js:4745:16)
      at TypeScriptParserMixin.jsxParseElementAt (D:\Projetos\Mano calos projetos\VILA\Vila 2\node_modules\@babel\parser\lib\index.js:4716:32)
      at TypeScriptParserMixin.jsxParseElementAt (D:\Projetos\Mano calos projetos\VILA\Vila 2\node_modules\@babel\parser\lib\index.js:4716:32)
      at TypeScriptParserMixin.jsxParseElement (D:\Projetos\Mano calos projetos\VILA\Vila 2\node_modules\@babel\parser\lib\index.js:4767:17)
      at TypeScriptParserMixin.parseExprAtom (D:\Projetos\Mano calos projetos\VILA\Vila 2\node_modules\@babel\parser\lib\index.js:4777:19)
      at TypeScriptParserMixin.parseExprSubscripts (D:\Projetos\Mano calos projetos\VILA\Vila 2\node_modules\@babel\parser\lib\index.js:11107:23)
      at TypeScriptParserMixin.parseUpdate (D:\Projetos\Mano calos projetos\VILA\Vila 2\node_modules\@babel\parser\lib\index.js:11092:21)
      at TypeScriptParserMixin.parseMaybeUnary (D:\Projetos\Mano calos projetos\VILA\Vila 2\node_modules\@babel\parser\lib\index.js:11072:23)
      at TypeScriptParserMixin.parseMaybeUnary (D:\Projetos\Mano calos projetos\VILA\Vila 2\node_modules\@babel\parser\lib\index.js:9860:18)
      at TypeScriptParserMixin.parseMaybeUnaryOrPrivate (D:\Projetos\Mano calos projetos\VILA\Vila 2\node_modules\@babel\parser\lib\index.js:10925:61)
      at TypeScriptParserMixin.parseExprOps (D:\Projetos\Mano calos projetos\VILA\Vila 2\node_modules\@babel\parser\lib\index.js:10930:23)
      at TypeScriptParserMixin.parseMaybeConditional (D:\Projetos\Mano calos projetos\VILA\Vila 2\node_modules\@babel\parser\lib\index.js:10907:23)
      at TypeScriptParserMixin.parseMaybeAssign (D:\Projetos\Mano calos projetos\VILA\Vila 2\node_modules\@babel\parser\lib\index.js:10857:21)
      at D:\Projetos\Mano calos projetos\VILA\Vila 2\node_modules\@babel\parser\lib\index.js:9798:39
      at TypeScriptParserMixin.tryParse (D:\Projetos\Mano calos projetos\VILA\Vila 2\node_modules\@babel\parser\lib\index.js:6930:20)
      at TypeScriptParserMixin.parseMaybeAssign (D:\Projetos\Mano calos projetos\VILA\Vila 2\node_modules\@babel\parser\lib\index.js:9798:18)
      at D:\Projetos\Mano calos projetos\VILA\Vila 2\node_modules\@babel\parser\lib\index.js:10826:39
      at TypeScriptParserMixin.allowInAnd (D:\Projetos\Mano calos projetos\VILA\Vila 2\node_modules\@babel\parser\lib\index.js:12460:12)
      at TypeScriptParserMixin.parseMaybeAssignAllowIn (D:\Projetos\Mano calos projetos\VILA\Vila 2\node_modules\@babel\parser\lib\index.js:10826:17)
      at TypeScriptParserMixin.parseMaybeAssignAllowInOrVoidPattern (D:\Projetos\Mano calos projetos\VILA\Vila 2\node_modules\@babel\parser\lib\index.js:12527:17)
      at TypeScriptParserMixin.parseParenAndDistinguishExpression (D:\Projetos\Mano calos projetos\VILA\Vila 2\node_modules\@babel\parser\lib\index.js:11706:28)
      at TypeScriptParserMixin.parseExprAtom (D:\Projetos\Mano calos projetos\VILA\Vila 2\node_modules\@babel\parser\lib\index.js:11362:23)
      at TypeScriptParserMixin.parseExprAtom (D:\Projetos\Mano calos projetos\VILA\Vila 2\node_modules\@babel\parser\lib\index.js:4782:20)
      at TypeScriptParserMixin.parseExprSubscripts (D:\Projetos\Mano calos projetos\VILA\Vila 2\node_modules\@babel\parser\lib\index.js:11107:23)
      at TypeScriptParserMixin.parseUpdate (D:\Projetos\Mano calos projetos\VILA\Vila 2\node_modules\@babel\parser\lib\index.js:11092:21)
      at TypeScriptParserMixin.parseMaybeUnary (D:\Projetos\Mano calos projetos\VILA\Vila 2\node_modules\@babel\parser\lib\index.js:11072:23)
      at TypeScriptParserMixin.parseMaybeUnary (D:\Projetos\Mano calos projetos\VILA\Vila 2\node_modules\@babel\parser\lib\index.js:9860:18)
      at TypeScriptParserMixin.parseMaybeUnaryOrPrivate (D:\Projetos\Mano calos projetos\VILA\Vila 2\node_modules\@babel\parser\lib\index.js:10925:61)
      at TypeScriptParserMixin.parseExprOps (D:\Projetos\Mano calos projetos\VILA\Vila 2\node_modules\@babel\parser\lib\index.js:10930:23)
      at TypeScriptParserMixin.parseMaybeConditional (D:\Projetos\Mano calos projetos\VILA\Vila 2\node_modules\@babel\parser\lib\index.js:10907:23)
      at TypeScriptParserMixin.parseMaybeAssign (D:\Projetos\Mano calos projetos\VILA\Vila 2\node_modules\@babel\parser\lib\index.js:10857:21)
      at TypeScriptParserMixin.parseMaybeAssign (D:\Projetos\Mano calos projetos\VILA\Vila 2\node_modules\@babel\parser\lib\index.js:9809:20)
      at TypeScriptParserMixin.parseExpressionBase (D:\Projetos\Mano calos projetos\VILA\Vila 2\node_modules\@babel\parser\lib\index.js:10810:23)
      at D:\Projetos\Mano calos projetos\VILA\Vila 2\node_modules\@babel\parser\lib\index.js:10806:39
      at TypeScriptParserMixin.allowInAnd (D:\Projetos\Mano calos projetos\VILA\Vila 2\node_modules\@babel\parser\lib\index.js:12455:16)
      at TypeScriptParserMixin.parseExpression (D:\Projetos\Mano calos projetos\VILA\Vila 2\node_modules\@babel\parser\lib\index.js:10806:17)
      at TypeScriptParserMixin.parseReturnStatement (D:\Projetos\Mano calos projetos\VILA\Vila 2\node_modules\@babel\parser\lib\index.js:13176:28)
      at TypeScriptParserMixin.parseStatementContent (D:\Projetos\Mano calos projetos\VILA\Vila 2\node_modules\@babel\parser\lib\index.js:12832:21)
      at TypeScriptParserMixin.parseStatementContent (D:\Projetos\Mano calos projetos\VILA\Vila 2\node_modules\@babel\parser\lib\index.js:9531:18)
      at TypeScriptParserMixin.parseStatementLike (D:\Projetos\Mano calos projetos\VILA\Vila 2\node_modules\@babel\parser\lib\index.js:12801:17)
      at TypeScriptParserMixin.parseStatementListItem (D:\Projetos\Mano calos projetos\VILA\Vila 2\node_modules\@babel\parser\lib\index.js:12781:17)
      at TypeScriptParserMixin.parseBlockOrModuleBlockBody (D:\Projetos\Mano calos projetos\VILA\Vila 2\node_modules\@babel\parser\lib\index.js:13350:61)
      at TypeScriptParserMixin.parseBlockBody (D:\Projetos\Mano calos projetos\VILA\Vila 2\node_modules\@babel\parser\lib\index.js:13343:10)
      at TypeScriptParserMixin.parseBlock (D:\Projetos\Mano calos projetos\VILA\Vila 2\node_modules\@babel\parser\lib\index.js:13331:10)
      at TypeScriptParserMixin.parseFunctionBody (D:\Projetos\Mano calos projetos\VILA\Vila 2\node_modules\@babel\parser\lib\index.js:12134:24)
      at TypeScriptParserMixin.parseArrowExpression (D:\Projetos\Mano calos projetos\VILA\Vila 2\node_modules\@babel\parser\lib\index.js:12109:10)
      at TypeScriptParserMixin.parseParenAndDistinguishExpression (D:\Projetos\Mano calos projetos\VILA\Vila 2\node_modules\@babel\parser\lib\index.js:11718:12)
      at TypeScriptParserMixin.parseExprAtom (D:\Projetos\Mano calos projetos\VILA\Vila 2\node_modules\@babel\parser\lib\index.js:11362:23)
[2m04:37:04[22m [31m[1m[vite][22m[39m [31mInternal server error: D:\Projetos\Mano calos projetos\VILA\Vila 2\src\components\AdminSidebar.tsx: Expected corresponding JSX closing tag for <div>. (590:6)

[0m [90m 588 |[31m           [33m<[31m[33m/[31m[33mbutton[31m[33m>[31m
 [90m 589 |[31m         [33m<[31m[33m/[31m[33mdiv[31m[33m>[31m
[31m[1m>[22m[31m[90m 590 |[31m       [33m<[31m[33m/[31m[33maside[31m[33m>[31m
 [90m     |[31m       [31m[1m^[22m[31m
 [90m 591 |[31m     [33m<[31m[33m/[31m[33m>[31m
 [90m 592 |[31m   )[33m;[31m
 [90m 593 |[31m }[33m;[31m[0m[39m
  Plugin: [35mvite:react-babel[39m
  File: [36mD:/Projetos/Mano calos projetos/VILA/Vila 2/src/components/AdminSidebar.tsx[39m:590:6
[33m  588|            </button>
  589|          </div>
  590|        </aside>
     |        ^
  591|      </>
  592|    );[39m
      at constructor (D:\Projetos\Mano calos projetos\VILA\Vila 2\node_modules\@babel\parser\lib\index.js:369:19)
      at TypeScriptParserMixin.raise (D:\Projetos\Mano calos projetos\VILA\Vila 2\node_modules\@babel\parser\lib\index.js:6622:19)
      at TypeScriptParserMixin.jsxParseElementAt (D:\Projetos\Mano calos projetos\VILA\Vila 2\node_modules\@babel\parser\lib\index.js:4745:16)
      at TypeScriptParserMixin.jsxParseElementAt (D:\Projetos\Mano calos projetos\VILA\Vila 2\node_modules\@babel\parser\lib\index.js:4716:32)
      at TypeScriptParserMixin.jsxParseElementAt (D:\Projetos\Mano calos projetos\VILA\Vila 2\node_modules\@babel\parser\lib\index.js:4716:32)
      at TypeScriptParserMixin.jsxParseElement (D:\Projetos\Mano calos projetos\VILA\Vila 2\node_modules\@babel\parser\lib\index.js:4767:17)
      at TypeScriptParserMixin.parseExprAtom (D:\Projetos\Mano calos projetos\VILA\Vila 2\node_modules\@babel\parser\lib\index.js:4777:19)
      at TypeScriptParserMixin.parseExprSubscripts (D:\Projetos\Mano calos projetos\VILA\Vila 2\node_modules\@babel\parser\lib\index.js:11107:23)
      at TypeScriptParserMixin.parseUpdate (D:\Projetos\Mano calos projetos\VILA\Vila 2\node_modules\@babel\parser\lib\index.js:11092:21)
      at TypeScriptParserMixin.parseMaybeUnary (D:\Projetos\Mano calos projetos\VILA\Vila 2\node_modules\@babel\parser\lib\index.js:11072:23)
      at TypeScriptParserMixin.parseMaybeUnary (D:\Projetos\Mano calos projetos\VILA\Vila 2\node_modules\@babel\parser\lib\index.js:9860:18)
      at TypeScriptParserMixin.parseMaybeUnaryOrPrivate (D:\Projetos\Mano calos projetos\VILA\Vila 2\node_modules\@babel\parser\lib\index.js:10925:61)
      at TypeScriptParserMixin.parseExprOps (D:\Projetos\Mano calos projetos\VILA\Vila 2\node_modules\@babel\parser\lib\index.js:10930:23)
      at TypeScriptParserMixin.parseMaybeConditional (D:\Projetos\Mano calos projetos\VILA\Vila 2\node_modules\@babel\parser\lib\index.js:10907:23)
      at TypeScriptParserMixin.parseMaybeAssign (D:\Projetos\Mano calos projetos\VILA\Vila 2\node_modules\@babel\parser\lib\index.js:10857:21)
      at D:\Projetos\Mano calos projetos\VILA\Vila 2\node_modules\@babel\parser\lib\index.js:9798:39
      at TypeScriptParserMixin.tryParse (D:\Projetos\Mano calos projetos\VILA\Vila 2\node_modules\@babel\parser\lib\index.js:6930:20)
      at TypeScriptParserMixin.parseMaybeAssign (D:\Projetos\Mano calos projetos\VILA\Vila 2\node_modules\@babel\parser\lib\index.js:9798:18)
      at D:\Projetos\Mano calos projetos\VILA\Vila 2\node_modules\@babel\parser\lib\index.js:10826:39
      at TypeScriptParserMixin.allowInAnd (D:\Projetos\Mano calos projetos\VILA\Vila 2\node_modules\@babel\parser\lib\index.js:12460:12)
      at TypeScriptParserMixin.parseMaybeAssignAllowIn (D:\Projetos\Mano calos projetos\VILA\Vila 2\node_modules\@babel\parser\lib\index.js:10826:17)
      at TypeScriptParserMixin.parseMaybeAssignAllowInOrVoidPattern (D:\Projetos\Mano calos projetos\VILA\Vila 2\node_modules\@babel\parser\lib\index.js:12527:17)
      at TypeScriptParserMixin.parseParenAndDistinguishExpression (D:\Projetos\Mano calos projetos\VILA\Vila 2\node_modules\@babel\parser\lib\index.js:11706:28)
      at TypeScriptParserMixin.parseExprAtom (D:\Projetos\Mano calos projetos\VILA\Vila 2\node_modules\@babel\parser\lib\index.js:11362:23)
      at TypeScriptParserMixin.parseExprAtom (D:\Projetos\Mano calos projetos\VILA\Vila 2\node_modules\@babel\parser\lib\index.js:4782:20)
      at TypeScriptParserMixin.parseExprSubscripts (D:\Projetos\Mano calos projetos\VILA\Vila 2\node_modules\@babel\parser\lib\index.js:11107:23)
      at TypeScriptParserMixin.parseUpdate (D:\Projetos\Mano calos projetos\VILA\Vila 2\node_modules\@babel\parser\lib\index.js:11092:21)
      at TypeScriptParserMixin.parseMaybeUnary (D:\Projetos\Mano calos projetos\VILA\Vila 2\node_modules\@babel\parser\lib\index.js:11072:23)
      at TypeScriptParserMixin.parseMaybeUnary (D:\Projetos\Mano calos projetos\VILA\Vila 2\node_modules\@babel\parser\lib\index.js:9860:18)
      at TypeScriptParserMixin.parseMaybeUnaryOrPrivate (D:\Projetos\Mano calos projetos\VILA\Vila 2\node_modules\@babel\parser\lib\index.js:10925:61)
      at TypeScriptParserMixin.parseExprOps (D:\Projetos\Mano calos projetos\VILA\Vila 2\node_modules\@babel\parser\lib\index.js:10930:23)
      at TypeScriptParserMixin.parseMaybeConditional (D:\Projetos\Mano calos projetos\VILA\Vila 2\node_modules\@babel\parser\lib\index.js:10907:23)
      at TypeScriptParserMixin.parseMaybeAssign (D:\Projetos\Mano calos projetos\VILA\Vila 2\node_modules\@babel\parser\lib\index.js:10857:21)
      at TypeScriptParserMixin.parseMaybeAssign (D:\Projetos\Mano calos projetos\VILA\Vila 2\node_modules\@babel\parser\lib\index.js:9809:20)
      at TypeScriptParserMixin.parseExpressionBase (D:\Projetos\Mano calos projetos\VILA\Vila 2\node_modules\@babel\parser\lib\index.js:10810:23)
      at D:\Projetos\Mano calos projetos\VILA\Vila 2\node_modules\@babel\parser\lib\index.js:10806:39
      at TypeScriptParserMixin.allowInAnd (D:\Projetos\Mano calos projetos\VILA\Vila 2\node_modules\@babel\parser\lib\index.js:12455:16)
      at TypeScriptParserMixin.parseExpression (D:\Projetos\Mano calos projetos\VILA\Vila 2\node_modules\@babel\parser\lib\index.js:10806:17)
      at TypeScriptParserMixin.parseReturnStatement (D:\Projetos\Mano calos projetos\VILA\Vila 2\node_modules\@babel\parser\lib\index.js:13176:28)
      at TypeScriptParserMixin.parseStatementContent (D:\Projetos\Mano calos projetos\VILA\Vila 2\node_modules\@babel\parser\lib\index.js:12832:21)
      at TypeScriptParserMixin.parseStatementContent (D:\Projetos\Mano calos projetos\VILA\Vila 2\node_modules\@babel\parser\lib\index.js:9531:18)
      at TypeScriptParserMixin.parseStatementLike (D:\Projetos\Mano calos projetos\VILA\Vila 2\node_modules\@babel\parser\lib\index.js:12801:17)
      at TypeScriptParserMixin.parseStatementListItem (D:\Projetos\Mano calos projetos\VILA\Vila 2\node_modules\@babel\parser\lib\index.js:12781:17)
      at TypeScriptParserMixin.parseBlockOrModuleBlockBody (D:\Projetos\Mano calos projetos\VILA\Vila 2\node_modules\@babel\parser\lib\index.js:13350:61)
      at TypeScriptParserMixin.parseBlockBody (D:\Projetos\Mano calos projetos\VILA\Vila 2\node_modules\@babel\parser\lib\index.js:13343:10)
      at TypeScriptParserMixin.parseBlock (D:\Projetos\Mano calos projetos\VILA\Vila 2\node_modules\@babel\parser\lib\index.js:13331:10)
      at TypeScriptParserMixin.parseFunctionBody (D:\Projetos\Mano calos projetos\VILA\Vila 2\node_modules\@babel\parser\lib\index.js:12134:24)
      at TypeScriptParserMixin.parseArrowExpression (D:\Projetos\Mano calos projetos\VILA\Vila 2\node_modules\@babel\parser\lib\index.js:12109:10)
      at TypeScriptParserMixin.parseParenAndDistinguishExpression (D:\Projetos\Mano calos projetos\VILA\Vila 2\node_modules\@babel\parser\lib\index.js:11718:12)
      at TypeScriptParserMixin.parseExprAtom (D:\Projetos\Mano calos projetos\VILA\Vila 2\node_modules\@babel\parser\lib\index.js:11362:23)
[2m04:37:05[22m [31m[1m[vite][22m[39m [31m[2m(client)[22m[39m Pre-transform error: D:\Projetos\Mano calos projetos\VILA\Vila 2\src\components\AdminSidebar.tsx: Expected corresponding JSX closing tag for <div>. (590:6)

[0m [90m 588 |[39m           [33m<[39m[33m/[39m[33mbutton[39m[33m>[39m
 [90m 589 |[39m         [33m<[39m[33m/[39m[33mdiv[39m[33m>[39m
[31m[1m>[22m[39m[90m 590 |[39m       [33m<[39m[33m/[39m[33maside[39m[33m>[39m
 [90m     |[39m       [31m[1m^[22m[39m
 [90m 591 |[39m     [33m<[39m[33m/[39m[33m>[39m
 [90m 592 |[39m   )[33m;[39m
 [90m 593 |[39m }[33m;[39m[0m
  Plugin: [35mvite:react-babel[39m
  File: [36mD:/Projetos/Mano calos projetos/VILA/Vila 2/src/components/AdminSidebar.tsx[39m:590:6
[33m  588|            </button>
  589|          </div>
  590|        </aside>
     |        ^
  591|      </>
  592|    );[39m
[2m04:37:05[22m [31m[1m[vite][22m[39m [31m[2m(client)[22m[39m Pre-transform error: D:\Projetos\Mano calos projetos\VILA\Vila 2\src\components\AdminSidebar.tsx: Expected corresponding JSX closing tag for <div>. (590:6)

[0m [90m 588 |[39m           [33m<[39m[33m/[39m[33mbutton[39m[33m>[39m
 [90m 589 |[39m         [33m<[39m[33m/[39m[33mdiv[39m[33m>[39m
[31m[1m>[22m[39m[90m 590 |[39m       [33m<[39m[33m/[39m[33maside[39m[33m>[39m
 [90m     |[39m       [31m[1m^[22m[39m
 [90m 591 |[39m     [33m<[39m[33m/[39m[33m>[39m
 [90m 592 |[39m   )[33m;[39m
 [90m 593 |[39m }[33m;[39m[0m
  Plugin: [35mvite:react-babel[39m
  File: [36mD:/Projetos/Mano calos projetos/VILA/Vila 2/src/components/AdminSidebar.tsx[39m:590:6
[33m  588|            </button>
  589|          </div>
  590|        </aside>
     |        ^
  591|      </>
  592|    );[39m
[2m04:37:06[22m [31m[1m[vite][22m[39m [31mInternal server error: D:\Projetos\Mano calos projetos\VILA\Vila 2\src\components\AdminSidebar.tsx: Expected corresponding JSX closing tag for <div>. (590:6)

[0m [90m 588 |[31m           [33m<[31m[33m/[31m[33mbutton[31m[33m>[31m
 [90m 589 |[31m         [33m<[31m[33m/[31m[33mdiv[31m[33m>[31m
[31m[1m>[22m[31m[90m 590 |[31m       [33m<[31m[33m/[31m[33maside[31m[33m>[31m
 [90m     |[31m       [31m[1m^[22m[31m
 [90m 591 |[31m     [33m<[31m[33m/[31m[33m>[31m
 [90m 592 |[31m   )[33m;[31m
 [90m 593 |[31m }[33m;[31m[0m[39m
  Plugin: [35mvite:react-babel[39m
  File: [36mD:/Projetos/Mano calos projetos/VILA/Vila 2/src/components/AdminSidebar.tsx[39m:590:6
[33m  588|            </button>
  589|          </div>
  590|        </aside>
     |        ^
  591|      </>
  592|    );[39m
      at constructor (D:\Projetos\Mano calos projetos\VILA\Vila 2\node_modules\@babel\parser\lib\index.js:369:19)
      at TypeScriptParserMixin.raise (D:\Projetos\Mano calos projetos\VILA\Vila 2\node_modules\@babel\parser\lib\index.js:6622:19)
      at TypeScriptParserMixin.jsxParseElementAt (D:\Projetos\Mano calos projetos\VILA\Vila 2\node_modules\@babel\parser\lib\index.js:4745:16)
      at TypeScriptParserMixin.jsxParseElementAt (D:\Projetos\Mano calos projetos\VILA\Vila 2\node_modules\@babel\parser\lib\index.js:4716:32)
      at TypeScriptParserMixin.jsxParseElementAt (D:\Projetos\Mano calos projetos\VILA\Vila 2\node_modules\@babel\parser\lib\index.js:4716:32)
      at TypeScriptParserMixin.jsxParseElement (D:\Projetos\Mano calos projetos\VILA\Vila 2\node_modules\@babel\parser\lib\index.js:4767:17)
      at TypeScriptParserMixin.parseExprAtom (D:\Projetos\Mano calos projetos\VILA\Vila 2\node_modules\@babel\parser\lib\index.js:4777:19)
      at TypeScriptParserMixin.parseExprSubscripts (D:\Projetos\Mano calos projetos\VILA\Vila 2\node_modules\@babel\parser\lib\index.js:11107:23)
      at TypeScriptParserMixin.parseUpdate (D:\Projetos\Mano calos projetos\VILA\Vila 2\node_modules\@babel\parser\lib\index.js:11092:21)
      at TypeScriptParserMixin.parseMaybeUnary (D:\Projetos\Mano calos projetos\VILA\Vila 2\node_modules\@babel\parser\lib\index.js:11072:23)
      at TypeScriptParserMixin.parseMaybeUnary (D:\Projetos\Mano calos projetos\VILA\Vila 2\node_modules\@babel\parser\lib\index.js:9860:18)
      at TypeScriptParserMixin.parseMaybeUnaryOrPrivate (D:\Projetos\Mano calos projetos\VILA\Vila 2\node_modules\@babel\parser\lib\index.js:10925:61)
      at TypeScriptParserMixin.parseExprOps (D:\Projetos\Mano calos projetos\VILA\Vila 2\node_modules\@babel\parser\lib\index.js:10930:23)
      at TypeScriptParserMixin.parseMaybeConditional (D:\Projetos\Mano calos projetos\VILA\Vila 2\node_modules\@babel\parser\lib\index.js:10907:23)
      at TypeScriptParserMixin.parseMaybeAssign (D:\Projetos\Mano calos projetos\VILA\Vila 2\node_modules\@babel\parser\lib\index.js:10857:21)
      at D:\Projetos\Mano calos projetos\VILA\Vila 2\node_modules\@babel\parser\lib\index.js:9798:39
      at TypeScriptParserMixin.tryParse (D:\Projetos\Mano calos projetos\VILA\Vila 2\node_modules\@babel\parser\lib\index.js:6930:20)
      at TypeScriptParserMixin.parseMaybeAssign (D:\Projetos\Mano calos projetos\VILA\Vila 2\node_modules\@babel\parser\lib\index.js:9798:18)
      at D:\Projetos\Mano calos projetos\VILA\Vila 2\node_modules\@babel\parser\lib\index.js:10826:39
      at TypeScriptParserMixin.allowInAnd (D:\Projetos\Mano calos projetos\VILA\Vila 2\node_modules\@babel\parser\lib\index.js:12460:12)
      at TypeScriptParserMixin.parseMaybeAssignAllowIn (D:\Projetos\Mano calos projetos\VILA\Vila 2\node_modules\@babel\parser\lib\index.js:10826:17)
      at TypeScriptParserMixin.parseMaybeAssignAllowInOrVoidPattern (D:\Projetos\Mano calos projetos\VILA\Vila 2\node_modules\@babel\parser\lib\index.js:12527:17)
      at TypeScriptParserMixin.parseParenAndDistinguishExpression (D:\Projetos\Mano calos projetos\VILA\Vila 2\node_modules\@babel\parser\lib\index.js:11706:28)
      at TypeScriptParserMixin.parseExprAtom (D:\Projetos\Mano calos projetos\VILA\Vila 2\node_modules\@babel\parser\lib\index.js:11362:23)
      at TypeScriptParserMixin.parseExprAtom (D:\Projetos\Mano calos projetos\VILA\Vila 2\node_modules\@babel\parser\lib\index.js:4782:20)
      at TypeScriptParserMixin.parseExprSubscripts (D:\Projetos\Mano calos projetos\VILA\Vila 2\node_modules\@babel\parser\lib\index.js:11107:23)
      at TypeScriptParserMixin.parseUpdate (D:\Projetos\Mano calos projetos\VILA\Vila 2\node_modules\@babel\parser\lib\index.js:11092:21)
      at TypeScriptParserMixin.parseMaybeUnary (D:\Projetos\Mano calos projetos\VILA\Vila 2\node_modules\@babel\parser\lib\index.js:11072:23)
      at TypeScriptParserMixin.parseMaybeUnary (D:\Projetos\Mano calos projetos\VILA\Vila 2\node_modules\@babel\parser\lib\index.js:9860:18)
      at TypeScriptParserMixin.parseMaybeUnaryOrPrivate (D:\Projetos\Mano calos projetos\VILA\Vila 2\node_modules\@babel\parser\lib\index.js:10925:61)
      at TypeScriptParserMixin.parseExprOps (D:\Projetos\Mano calos projetos\VILA\Vila 2\node_modules\@babel\parser\lib\index.js:10930:23)
      at TypeScriptParserMixin.parseMaybeConditional (D:\Projetos\Mano calos projetos\VILA\Vila 2\node_modules\@babel\parser\lib\index.js:10907:23)
      at TypeScriptParserMixin.parseMaybeAssign (D:\Projetos\Mano calos projetos\VILA\Vila 2\node_modules\@babel\parser\lib\index.js:10857:21)
      at TypeScriptParserMixin.parseMaybeAssign (D:\Projetos\Mano calos projetos\VILA\Vila 2\node_modules\@babel\parser\lib\index.js:9809:20)
      at TypeScriptParserMixin.parseExpressionBase (D:\Projetos\Mano calos projetos\VILA\Vila 2\node_modules\@babel\parser\lib\index.js:10810:23)
      at D:\Projetos\Mano calos projetos\VILA\Vila 2\node_modules\@babel\parser\lib\index.js:10806:39
      at TypeScriptParserMixin.allowInAnd (D:\Projetos\Mano calos projetos\VILA\Vila 2\node_modules\@babel\parser\lib\index.js:12455:16)
      at TypeScriptParserMixin.parseExpression (D:\Projetos\Mano calos projetos\VILA\Vila 2\node_modules\@babel\parser\lib\index.js:10806:17)
      at TypeScriptParserMixin.parseReturnStatement (D:\Projetos\Mano calos projetos\VILA\Vila 2\node_modules\@babel\parser\lib\index.js:13176:28)
      at TypeScriptParserMixin.parseStatementContent (D:\Projetos\Mano calos projetos\VILA\Vila 2\node_modules\@babel\parser\lib\index.js:12832:21)
      at TypeScriptParserMixin.parseStatementContent (D:\Projetos\Mano calos projetos\VILA\Vila 2\node_modules\@babel\parser\lib\index.js:9531:18)
      at TypeScriptParserMixin.parseStatementLike (D:\Projetos\Mano calos projetos\VILA\Vila 2\node_modules\@babel\parser\lib\index.js:12801:17)
      at TypeScriptParserMixin.parseStatementListItem (D:\Projetos\Mano calos projetos\VILA\Vila 2\node_modules\@babel\parser\lib\index.js:12781:17)
      at TypeScriptParserMixin.parseBlockOrModuleBlockBody (D:\Projetos\Mano calos projetos\VILA\Vila 2\node_modules\@babel\parser\lib\index.js:13350:61)
      at TypeScriptParserMixin.parseBlockBody (D:\Projetos\Mano calos projetos\VILA\Vila 2\node_modules\@babel\parser\lib\index.js:13343:10)
      at TypeScriptParserMixin.parseBlock (D:\Projetos\Mano calos projetos\VILA\Vila 2\node_modules\@babel\parser\lib\index.js:13331:10)
      at TypeScriptParserMixin.parseFunctionBody (D:\Projetos\Mano calos projetos\VILA\Vila 2\node_modules\@babel\parser\lib\index.js:12134:24)
      at TypeScriptParserMixin.parseArrowExpression (D:\Projetos\Mano calos projetos\VILA\Vila 2\node_modules\@babel\parser\lib\index.js:12109:10)
      at TypeScriptParserMixin.parseParenAndDistinguishExpression (D:\Projetos\Mano calos projetos\VILA\Vila 2\node_modules\@babel\parser\lib\index.js:11718:12)
      at TypeScriptParserMixin.parseExprAtom (D:\Projetos\Mano calos projetos\VILA\Vila 2\node_modules\@babel\parser\lib\index.js:11362:23)
[2m04:37:06[22m [31m[1m[vite][22m[39m [31mInternal server error: D:\Projetos\Mano calos projetos\VILA\Vila 2\src\components\AdminSidebar.tsx: Expected corresponding JSX closing tag for <div>. (590:6)

[0m [90m 588 |[31m           [33m<[31m[33m/[31m[33mbutton[31m[33m>[31m
 [90m 589 |[31m         [33m<[31m[33m/[31m[33mdiv[31m[33m>[31m
[31m[1m>[22m[31m[90m 590 |[31m       [33m<[31m[33m/[31m[33maside[31m[33m>[31m
 [90m     |[31m       [31m[1m^[22m[31m
 [90m 591 |[31m     [33m<[31m[33m/[31m[33m>[31m
 [90m 592 |[31m   )[33m;[31m
 [90m 593 |[31m }[33m;[31m[0m[39m
  Plugin: [35mvite:react-babel[39m
  File: [36mD:/Projetos/Mano calos projetos/VILA/Vila 2/src/components/AdminSidebar.tsx[39m:590:6
[33m  588|            </button>
  589|          </div>
  590|        </aside>
     |        ^
  591|      </>
  592|    );[39m
      at constructor (D:\Projetos\Mano calos projetos\VILA\Vila 2\node_modules\@babel\parser\lib\index.js:369:19)
      at TypeScriptParserMixin.raise (D:\Projetos\Mano calos projetos\VILA\Vila 2\node_modules\@babel\parser\lib\index.js:6622:19)
      at TypeScriptParserMixin.jsxParseElementAt (D:\Projetos\Mano calos projetos\VILA\Vila 2\node_modules\@babel\parser\lib\index.js:4745:16)
      at TypeScriptParserMixin.jsxParseElementAt (D:\Projetos\Mano calos projetos\VILA\Vila 2\node_modules\@babel\parser\lib\index.js:4716:32)
      at TypeScriptParserMixin.jsxParseElementAt (D:\Projetos\Mano calos projetos\VILA\Vila 2\node_modules\@babel\parser\lib\index.js:4716:32)
      at TypeScriptParserMixin.jsxParseElement (D:\Projetos\Mano calos projetos\VILA\Vila 2\node_modules\@babel\parser\lib\index.js:4767:17)
      at TypeScriptParserMixin.parseExprAtom (D:\Projetos\Mano calos projetos\VILA\Vila 2\node_modules\@babel\parser\lib\index.js:4777:19)
      at TypeScriptParserMixin.parseExprSubscripts (D:\Projetos\Mano calos projetos\VILA\Vila 2\node_modules\@babel\parser\lib\index.js:11107:23)
      at TypeScriptParserMixin.parseUpdate (D:\Projetos\Mano calos projetos\VILA\Vila 2\node_modules\@babel\parser\lib\index.js:11092:21)
      at TypeScriptParserMixin.parseMaybeUnary (D:\Projetos\Mano calos projetos\VILA\Vila 2\node_modules\@babel\parser\lib\index.js:11072:23)
      at TypeScriptParserMixin.parseMaybeUnary (D:\Projetos\Mano calos projetos\VILA\Vila 2\node_modules\@babel\parser\lib\index.js:9860:18)
      at TypeScriptParserMixin.parseMaybeUnaryOrPrivate (D:\Projetos\Mano calos projetos\VILA\Vila 2\node_modules\@babel\parser\lib\index.js:10925:61)
      at TypeScriptParserMixin.parseExprOps (D:\Projetos\Mano calos projetos\VILA\Vila 2\node_modules\@babel\parser\lib\index.js:10930:23)
      at TypeScriptParserMixin.parseMaybeConditional (D:\Projetos\Mano calos projetos\VILA\Vila 2\node_modules\@babel\parser\lib\index.js:10907:23)
      at TypeScriptParserMixin.parseMaybeAssign (D:\Projetos\Mano calos projetos\VILA\Vila 2\node_modules\@babel\parser\lib\index.js:10857:21)
      at D:\Projetos\Mano calos projetos\VILA\Vila 2\node_modules\@babel\parser\lib\index.js:9798:39
      at TypeScriptParserMixin.tryParse (D:\Projetos\Mano calos projetos\VILA\Vila 2\node_modules\@babel\parser\lib\index.js:6930:20)
      at TypeScriptParserMixin.parseMaybeAssign (D:\Projetos\Mano calos projetos\VILA\Vila 2\node_modules\@babel\parser\lib\index.js:9798:18)
      at D:\Projetos\Mano calos projetos\VILA\Vila 2\node_modules\@babel\parser\lib\index.js:10826:39
      at TypeScriptParserMixin.allowInAnd (D:\Projetos\Mano calos projetos\VILA\Vila 2\node_modules\@babel\parser\lib\index.js:12460:12)
      at TypeScriptParserMixin.parseMaybeAssignAllowIn (D:\Projetos\Mano calos projetos\VILA\Vila 2\node_modules\@babel\parser\lib\index.js:10826:17)
      at TypeScriptParserMixin.parseMaybeAssignAllowInOrVoidPattern (D:\Projetos\Mano calos projetos\VILA\Vila 2\node_modules\@babel\parser\lib\index.js:12527:17)
      at TypeScriptParserMixin.parseParenAndDistinguishExpression (D:\Projetos\Mano calos projetos\VILA\Vila 2\node_modules\@babel\parser\lib\index.js:11706:28)
      at TypeScriptParserMixin.parseExprAtom (D:\Projetos\Mano calos projetos\VILA\Vila 2\node_modules\@babel\parser\lib\index.js:11362:23)
      at TypeScriptParserMixin.parseExprAtom (D:\Projetos\Mano calos projetos\VILA\Vila 2\node_modules\@babel\parser\lib\index.js:4782:20)
      at TypeScriptParserMixin.parseExprSubscripts (D:\Projetos\Mano calos projetos\VILA\Vila 2\node_modules\@babel\parser\lib\index.js:11107:23)
      at TypeScriptParserMixin.parseUpdate (D:\Projetos\Mano calos projetos\VILA\Vila 2\node_modules\@babel\parser\lib\index.js:11092:21)
      at TypeScriptParserMixin.parseMaybeUnary (D:\Projetos\Mano calos projetos\VILA\Vila 2\node_modules\@babel\parser\lib\index.js:11072:23)
      at TypeScriptParserMixin.parseMaybeUnary (D:\Projetos\Mano calos projetos\VILA\Vila 2\node_modules\@babel\parser\lib\index.js:9860:18)
      at TypeScriptParserMixin.parseMaybeUnaryOrPrivate (D:\Projetos\Mano calos projetos\VILA\Vila 2\node_modules\@babel\parser\lib\index.js:10925:61)
      at TypeScriptParserMixin.parseExprOps (D:\Projetos\Mano calos projetos\VILA\Vila 2\node_modules\@babel\parser\lib\index.js:10930:23)
      at TypeScriptParserMixin.parseMaybeConditional (D:\Projetos\Mano calos projetos\VILA\Vila 2\node_modules\@babel\parser\lib\index.js:10907:23)
      at TypeScriptParserMixin.parseMaybeAssign (D:\Projetos\Mano calos projetos\VILA\Vila 2\node_modules\@babel\parser\lib\index.js:10857:21)
      at TypeScriptParserMixin.parseMaybeAssign (D:\Projetos\Mano calos projetos\VILA\Vila 2\node_modules\@babel\parser\lib\index.js:9809:20)
      at TypeScriptParserMixin.parseExpressionBase (D:\Projetos\Mano calos projetos\VILA\Vila 2\node_modules\@babel\parser\lib\index.js:10810:23)
      at D:\Projetos\Mano calos projetos\VILA\Vila 2\node_modules\@babel\parser\lib\index.js:10806:39
      at TypeScriptParserMixin.allowInAnd (D:\Projetos\Mano calos projetos\VILA\Vila 2\node_modules\@babel\parser\lib\index.js:12455:16)
      at TypeScriptParserMixin.parseExpression (D:\Projetos\Mano calos projetos\VILA\Vila 2\node_modules\@babel\parser\lib\index.js:10806:17)
      at TypeScriptParserMixin.parseReturnStatement (D:\Projetos\Mano calos projetos\VILA\Vila 2\node_modules\@babel\parser\lib\index.js:13176:28)
      at TypeScriptParserMixin.parseStatementContent (D:\Projetos\Mano calos projetos\VILA\Vila 2\node_modules\@babel\parser\lib\index.js:12832:21)
      at TypeScriptParserMixin.parseStatementContent (D:\Projetos\Mano calos projetos\VILA\Vila 2\node_modules\@babel\parser\lib\index.js:9531:18)
      at TypeScriptParserMixin.parseStatementLike (D:\Projetos\Mano calos projetos\VILA\Vila 2\node_modules\@babel\parser\lib\index.js:12801:17)
      at TypeScriptParserMixin.parseStatementListItem (D:\Projetos\Mano calos projetos\VILA\Vila 2\node_modules\@babel\parser\lib\index.js:12781:17)
      at TypeScriptParserMixin.parseBlockOrModuleBlockBody (D:\Projetos\Mano calos projetos\VILA\Vila 2\node_modules\@babel\parser\lib\index.js:13350:61)
      at TypeScriptParserMixin.parseBlockBody (D:\Projetos\Mano calos projetos\VILA\Vila 2\node_modules\@babel\parser\lib\index.js:13343:10)
      at TypeScriptParserMixin.parseBlock (D:\Projetos\Mano calos projetos\VILA\Vila 2\node_modules\@babel\parser\lib\index.js:13331:10)
      at TypeScriptParserMixin.parseFunctionBody (D:\Projetos\Mano calos projetos\VILA\Vila 2\node_modules\@babel\parser\lib\index.js:12134:24)
      at TypeScriptParserMixin.parseArrowExpression (D:\Projetos\Mano calos projetos\VILA\Vila 2\node_modules\@babel\parser\lib\index.js:12109:10)
      at TypeScriptParserMixin.parseParenAndDistinguishExpression (D:\Projetos\Mano calos projetos\VILA\Vila 2\node_modules\@babel\parser\lib\index.js:11718:12)
      at TypeScriptParserMixin.parseExprAtom (D:\Projetos\Mano calos projetos\VILA\Vila 2\node_modules\@babel\parser\lib\index.js:11362:23)
[2m04:37:25[22m [31m[1m[vite][22m[39m [31mInternal server error: D:\Projetos\Mano calos projetos\VILA\Vila 2\src\components\AdminSidebar.tsx: Expected corresponding JSX closing tag for <div>. (590:6)

[0m [90m 588 |[31m           [33m<[31m[33m/[31m[33mbutton[31m[33m>[31m
 [90m 589 |[31m         [33m<[31m[33m/[31m[33mdiv[31m[33m>[31m
[31m[1m>[22m[31m[90m 590 |[31m       [33m<[31m[33m/[31m[33maside[31m[33m>[31m
 [90m     |[31m       [31m[1m^[22m[31m
 [90m 591 |[31m     [33m<[31m[33m/[31m[33m>[31m
 [90m 592 |[31m   )[33m;[31m
 [90m 593 |[31m }[33m;[31m[0m[39m
  Plugin: [35mvite:react-babel[39m
  File: [36mD:/Projetos/Mano calos projetos/VILA/Vila 2/src/components/AdminSidebar.tsx[39m:590:6
[33m  588|            </button>
  589|          </div>
  590|        </aside>
     |        ^
  591|      </>
  592|    );[39m
      at constructor (D:\Projetos\Mano calos projetos\VILA\Vila 2\node_modules\@babel\parser\lib\index.js:369:19)
      at TypeScriptParserMixin.raise (D:\Projetos\Mano calos projetos\VILA\Vila 2\node_modules\@babel\parser\lib\index.js:6622:19)
      at TypeScriptParserMixin.jsxParseElementAt (D:\Projetos\Mano calos projetos\VILA\Vila 2\node_modules\@babel\parser\lib\index.js:4745:16)
      at TypeScriptParserMixin.jsxParseElementAt (D:\Projetos\Mano calos projetos\VILA\Vila 2\node_modules\@babel\parser\lib\index.js:4716:32)
      at TypeScriptParserMixin.jsxParseElementAt (D:\Projetos\Mano calos projetos\VILA\Vila 2\node_modules\@babel\parser\lib\index.js:4716:32)
      at TypeScriptParserMixin.jsxParseElement (D:\Projetos\Mano calos projetos\VILA\Vila 2\node_modules\@babel\parser\lib\index.js:4767:17)
      at TypeScriptParserMixin.parseExprAtom (D:\Projetos\Mano calos projetos\VILA\Vila 2\node_modules\@babel\parser\lib\index.js:4777:19)
      at TypeScriptParserMixin.parseExprSubscripts (D:\Projetos\Mano calos projetos\VILA\Vila 2\node_modules\@babel\parser\lib\index.js:11107:23)
      at TypeScriptParserMixin.parseUpdate (D:\Projetos\Mano calos projetos\VILA\Vila 2\node_modules\@babel\parser\lib\index.js:11092:21)
      at TypeScriptParserMixin.parseMaybeUnary (D:\Projetos\Mano calos projetos\VILA\Vila 2\node_modules\@babel\parser\lib\index.js:11072:23)
      at TypeScriptParserMixin.parseMaybeUnary (D:\Projetos\Mano calos projetos\VILA\Vila 2\node_modules\@babel\parser\lib\index.js:9860:18)
      at TypeScriptParserMixin.parseMaybeUnaryOrPrivate (D:\Projetos\Mano calos projetos\VILA\Vila 2\node_modules\@babel\parser\lib\index.js:10925:61)
      at TypeScriptParserMixin.parseExprOps (D:\Projetos\Mano calos projetos\VILA\Vila 2\node_modules\@babel\parser\lib\index.js:10930:23)
      at TypeScriptParserMixin.parseMaybeConditional (D:\Projetos\Mano calos projetos\VILA\Vila 2\node_modules\@babel\parser\lib\index.js:10907:23)
      at TypeScriptParserMixin.parseMaybeAssign (D:\Projetos\Mano calos projetos\VILA\Vila 2\node_modules\@babel\parser\lib\index.js:10857:21)
      at D:\Projetos\Mano calos projetos\VILA\Vila 2\node_modules\@babel\parser\lib\index.js:9798:39
      at TypeScriptParserMixin.tryParse (D:\Projetos\Mano calos projetos\VILA\Vila 2\node_modules\@babel\parser\lib\index.js:6930:20)
      at TypeScriptParserMixin.parseMaybeAssign (D:\Projetos\Mano calos projetos\VILA\Vila 2\node_modules\@babel\parser\lib\index.js:9798:18)
      at D:\Projetos\Mano calos projetos\VILA\Vila 2\node_modules\@babel\parser\lib\index.js:10826:39
      at TypeScriptParserMixin.allowInAnd (D:\Projetos\Mano calos projetos\VILA\Vila 2\node_modules\@babel\parser\lib\index.js:12460:12)
      at TypeScriptParserMixin.parseMaybeAssignAllowIn (D:\Projetos\Mano calos projetos\VILA\Vila 2\node_modules\@babel\parser\lib\index.js:10826:17)
      at TypeScriptParserMixin.parseMaybeAssignAllowInOrVoidPattern (D:\Projetos\Mano calos projetos\VILA\Vila 2\node_modules\@babel\parser\lib\index.js:12527:17)
      at TypeScriptParserMixin.parseParenAndDistinguishExpression (D:\Projetos\Mano calos projetos\VILA\Vila 2\node_modules\@babel\parser\lib\index.js:11706:28)
      at TypeScriptParserMixin.parseExprAtom (D:\Projetos\Mano calos projetos\VILA\Vila 2\node_modules\@babel\parser\lib\index.js:11362:23)
      at TypeScriptParserMixin.parseExprAtom (D:\Projetos\Mano calos projetos\VILA\Vila 2\node_modules\@babel\parser\lib\index.js:4782:20)
      at TypeScriptParserMixin.parseExprSubscripts (D:\Projetos\Mano calos projetos\VILA\Vila 2\node_modules\@babel\parser\lib\index.js:11107:23)
      at TypeScriptParserMixin.parseUpdate (D:\Projetos\Mano calos projetos\VILA\Vila 2\node_modules\@babel\parser\lib\index.js:11092:21)
      at TypeScriptParserMixin.parseMaybeUnary (D:\Projetos\Mano calos projetos\VILA\Vila 2\node_modules\@babel\parser\lib\index.js:11072:23)
      at TypeScriptParserMixin.parseMaybeUnary (D:\Projetos\Mano calos projetos\VILA\Vila 2\node_modules\@babel\parser\lib\index.js:9860:18)
      at TypeScriptParserMixin.parseMaybeUnaryOrPrivate (D:\Projetos\Mano calos projetos\VILA\Vila 2\node_modules\@babel\parser\lib\index.js:10925:61)
      at TypeScriptParserMixin.parseExprOps (D:\Projetos\Mano calos projetos\VILA\Vila 2\node_modules\@babel\parser\lib\index.js:10930:23)
      at TypeScriptParserMixin.parseMaybeConditional (D:\Projetos\Mano calos projetos\VILA\Vila 2\node_modules\@babel\parser\lib\index.js:10907:23)
      at TypeScriptParserMixin.parseMaybeAssign (D:\Projetos\Mano calos projetos\VILA\Vila 2\node_modules\@babel\parser\lib\index.js:10857:21)
      at TypeScriptParserMixin.parseMaybeAssign (D:\Projetos\Mano calos projetos\VILA\Vila 2\node_modules\@babel\parser\lib\index.js:9809:20)
      at TypeScriptParserMixin.parseExpressionBase (D:\Projetos\Mano calos projetos\VILA\Vila 2\node_modules\@babel\parser\lib\index.js:10810:23)
      at D:\Projetos\Mano calos projetos\VILA\Vila 2\node_modules\@babel\parser\lib\index.js:10806:39
      at TypeScriptParserMixin.allowInAnd (D:\Projetos\Mano calos projetos\VILA\Vila 2\node_modules\@babel\parser\lib\index.js:12455:16)
      at TypeScriptParserMixin.parseExpression (D:\Projetos\Mano calos projetos\VILA\Vila 2\node_modules\@babel\parser\lib\index.js:10806:17)
      at TypeScriptParserMixin.parseReturnStatement (D:\Projetos\Mano calos projetos\VILA\Vila 2\node_modules\@babel\parser\lib\index.js:13176:28)
      at TypeScriptParserMixin.parseStatementContent (D:\Projetos\Mano calos projetos\VILA\Vila 2\node_modules\@babel\parser\lib\index.js:12832:21)
      at TypeScriptParserMixin.parseStatementContent (D:\Projetos\Mano calos projetos\VILA\Vila 2\node_modules\@babel\parser\lib\index.js:9531:18)
      at TypeScriptParserMixin.parseStatementLike (D:\Projetos\Mano calos projetos\VILA\Vila 2\node_modules\@babel\parser\lib\index.js:12801:17)
      at TypeScriptParserMixin.parseStatementListItem (D:\Projetos\Mano calos projetos\VILA\Vila 2\node_modules\@babel\parser\lib\index.js:12781:17)
      at TypeScriptParserMixin.parseBlockOrModuleBlockBody (D:\Projetos\Mano calos projetos\VILA\Vila 2\node_modules\@babel\parser\lib\index.js:13350:61)
      at TypeScriptParserMixin.parseBlockBody (D:\Projetos\Mano calos projetos\VILA\Vila 2\node_modules\@babel\parser\lib\index.js:13343:10)
      at TypeScriptParserMixin.parseBlock (D:\Projetos\Mano calos projetos\VILA\Vila 2\node_modules\@babel\parser\lib\index.js:13331:10)
      at TypeScriptParserMixin.parseFunctionBody (D:\Projetos\Mano calos projetos\VILA\Vila 2\node_modules\@babel\parser\lib\index.js:12134:24)
      at TypeScriptParserMixin.parseArrowExpression (D:\Projetos\Mano calos projetos\VILA\Vila 2\node_modules\@babel\parser\lib\index.js:12109:10)
      at TypeScriptParserMixin.parseParenAndDistinguishExpression (D:\Projetos\Mano calos projetos\VILA\Vila 2\node_modules\@babel\parser\lib\index.js:11718:12)
      at TypeScriptParserMixin.parseExprAtom (D:\Projetos\Mano calos projetos\VILA\Vila 2\node_modules\@babel\parser\lib\index.js:11362:23)
[2m04:46:33[22m [31m[1m[vite][22m[39m [31mInternal server error: D:\Projetos\Mano calos projetos\VILA\Vila 2\src\components\Sidebar.tsx: Expected corresponding JSX closing tag for <div>. (552:6)

[0m [90m 550 |[31m           )}
 [90m 551 |[31m         [33m<[31m[33m/[31m[33mdiv[31m[33m>[31m
[31m[1m>[22m[31m[90m 552 |[31m       [33m<[31m[33m/[31m[33maside[31m[33m>[31m
 [90m     |[31m       [31m[1m^[22m[31m
 [90m 553 |[31m     [33m<[31m[33m/[31m[33m>[31m
 [90m 554 |[31m   )[33m;[31m
 [90m 555 |[31m }[33m;[31m[0m[39m
  Plugin: [35mvite:react-babel[39m
  File: [36mD:/Projetos/Mano calos projetos/VILA/Vila 2/src/components/Sidebar.tsx[39m:552:6
[33m  550|            )}
  551|          </div>
  552|        </aside>
     |        ^
  553|      </>
  554|    );[39m
      at constructor (D:\Projetos\Mano calos projetos\VILA\Vila 2\node_modules\@babel\parser\lib\index.js:369:19)
      at TypeScriptParserMixin.raise (D:\Projetos\Mano calos projetos\VILA\Vila 2\node_modules\@babel\parser\lib\index.js:6622:19)
      at TypeScriptParserMixin.jsxParseElementAt (D:\Projetos\Mano calos projetos\VILA\Vila 2\node_modules\@babel\parser\lib\index.js:4745:16)
      at TypeScriptParserMixin.jsxParseElementAt (D:\Projetos\Mano calos projetos\VILA\Vila 2\node_modules\@babel\parser\lib\index.js:4716:32)
      at TypeScriptParserMixin.jsxParseElementAt (D:\Projetos\Mano calos projetos\VILA\Vila 2\node_modules\@babel\parser\lib\index.js:4716:32)
      at TypeScriptParserMixin.jsxParseElement (D:\Projetos\Mano calos projetos\VILA\Vila 2\node_modules\@babel\parser\lib\index.js:4767:17)
      at TypeScriptParserMixin.parseExprAtom (D:\Projetos\Mano calos projetos\VILA\Vila 2\node_modules\@babel\parser\lib\index.js:4777:19)
      at TypeScriptParserMixin.parseExprSubscripts (D:\Projetos\Mano calos projetos\VILA\Vila 2\node_modules\@babel\parser\lib\index.js:11107:23)
      at TypeScriptParserMixin.parseUpdate (D:\Projetos\Mano calos projetos\VILA\Vila 2\node_modules\@babel\parser\lib\index.js:11092:21)
      at TypeScriptParserMixin.parseMaybeUnary (D:\Projetos\Mano calos projetos\VILA\Vila 2\node_modules\@babel\parser\lib\index.js:11072:23)
      at TypeScriptParserMixin.parseMaybeUnary (D:\Projetos\Mano calos projetos\VILA\Vila 2\node_modules\@babel\parser\lib\index.js:9860:18)
      at TypeScriptParserMixin.parseMaybeUnaryOrPrivate (D:\Projetos\Mano calos projetos\VILA\Vila 2\node_modules\@babel\parser\lib\index.js:10925:61)
      at TypeScriptParserMixin.parseExprOps (D:\Projetos\Mano calos projetos\VILA\Vila 2\node_modules\@babel\parser\lib\index.js:10930:23)
      at TypeScriptParserMixin.parseMaybeConditional (D:\Projetos\Mano calos projetos\VILA\Vila 2\node_modules\@babel\parser\lib\index.js:10907:23)
      at TypeScriptParserMixin.parseMaybeAssign (D:\Projetos\Mano calos projetos\VILA\Vila 2\node_modules\@babel\parser\lib\index.js:10857:21)
      at D:\Projetos\Mano calos projetos\VILA\Vila 2\node_modules\@babel\parser\lib\index.js:9798:39
      at TypeScriptParserMixin.tryParse (D:\Projetos\Mano calos projetos\VILA\Vila 2\node_modules\@babel\parser\lib\index.js:6930:20)
      at TypeScriptParserMixin.parseMaybeAssign (D:\Projetos\Mano calos projetos\VILA\Vila 2\node_modules\@babel\parser\lib\index.js:9798:18)
      at D:\Projetos\Mano calos projetos\VILA\Vila 2\node_modules\@babel\parser\lib\index.js:10826:39
      at TypeScriptParserMixin.allowInAnd (D:\Projetos\Mano calos projetos\VILA\Vila 2\node_modules\@babel\parser\lib\index.js:12460:12)
      at TypeScriptParserMixin.parseMaybeAssignAllowIn (D:\Projetos\Mano calos projetos\VILA\Vila 2\node_modules\@babel\parser\lib\index.js:10826:17)
      at TypeScriptParserMixin.parseMaybeAssignAllowInOrVoidPattern (D:\Projetos\Mano calos projetos\VILA\Vila 2\node_modules\@babel\parser\lib\index.js:12527:17)
      at TypeScriptParserMixin.parseParenAndDistinguishExpression (D:\Projetos\Mano calos projetos\VILA\Vila 2\node_modules\@babel\parser\lib\index.js:11706:28)
      at TypeScriptParserMixin.parseExprAtom (D:\Projetos\Mano calos projetos\VILA\Vila 2\node_modules\@babel\parser\lib\index.js:11362:23)
      at TypeScriptParserMixin.parseExprAtom (D:\Projetos\Mano calos projetos\VILA\Vila 2\node_modules\@babel\parser\lib\index.js:4782:20)
      at TypeScriptParserMixin.parseExprSubscripts (D:\Projetos\Mano calos projetos\VILA\Vila 2\node_modules\@babel\parser\lib\index.js:11107:23)
      at TypeScriptParserMixin.parseUpdate (D:\Projetos\Mano calos projetos\VILA\Vila 2\node_modules\@babel\parser\lib\index.js:11092:21)
      at TypeScriptParserMixin.parseMaybeUnary (D:\Projetos\Mano calos projetos\VILA\Vila 2\node_modules\@babel\parser\lib\index.js:11072:23)
      at TypeScriptParserMixin.parseMaybeUnary (D:\Projetos\Mano calos projetos\VILA\Vila 2\node_modules\@babel\parser\lib\index.js:9860:18)
      at TypeScriptParserMixin.parseMaybeUnaryOrPrivate (D:\Projetos\Mano calos projetos\VILA\Vila 2\node_modules\@babel\parser\lib\index.js:10925:61)
      at TypeScriptParserMixin.parseExprOps (D:\Projetos\Mano calos projetos\VILA\Vila 2\node_modules\@babel\parser\lib\index.js:10930:23)
      at TypeScriptParserMixin.parseMaybeConditional (D:\Projetos\Mano calos projetos\VILA\Vila 2\node_modules\@babel\parser\lib\index.js:10907:23)
      at TypeScriptParserMixin.parseMaybeAssign (D:\Projetos\Mano calos projetos\VILA\Vila 2\node_modules\@babel\parser\lib\index.js:10857:21)
      at TypeScriptParserMixin.parseMaybeAssign (D:\Projetos\Mano calos projetos\VILA\Vila 2\node_modules\@babel\parser\lib\index.js:9809:20)
      at TypeScriptParserMixin.parseExpressionBase (D:\Projetos\Mano calos projetos\VILA\Vila 2\node_modules\@babel\parser\lib\index.js:10810:23)
      at D:\Projetos\Mano calos projetos\VILA\Vila 2\node_modules\@babel\parser\lib\index.js:10806:39
      at TypeScriptParserMixin.allowInAnd (D:\Projetos\Mano calos projetos\VILA\Vila 2\node_modules\@babel\parser\lib\index.js:12455:16)
      at TypeScriptParserMixin.parseExpression (D:\Projetos\Mano calos projetos\VILA\Vila 2\node_modules\@babel\parser\lib\index.js:10806:17)
      at TypeScriptParserMixin.parseReturnStatement (D:\Projetos\Mano calos projetos\VILA\Vila 2\node_modules\@babel\parser\lib\index.js:13176:28)
      at TypeScriptParserMixin.parseStatementContent (D:\Projetos\Mano calos projetos\VILA\Vila 2\node_modules\@babel\parser\lib\index.js:12832:21)
      at TypeScriptParserMixin.parseStatementContent (D:\Projetos\Mano calos projetos\VILA\Vila 2\node_modules\@babel\parser\lib\index.js:9531:18)
      at TypeScriptParserMixin.parseStatementLike (D:\Projetos\Mano calos projetos\VILA\Vila 2\node_modules\@babel\parser\lib\index.js:12801:17)
      at TypeScriptParserMixin.parseStatementListItem (D:\Projetos\Mano calos projetos\VILA\Vila 2\node_modules\@babel\parser\lib\index.js:12781:17)
      at TypeScriptParserMixin.parseBlockOrModuleBlockBody (D:\Projetos\Mano calos projetos\VILA\Vila 2\node_modules\@babel\parser\lib\index.js:13350:61)
      at TypeScriptParserMixin.parseBlockBody (D:\Projetos\Mano calos projetos\VILA\Vila 2\node_modules\@babel\parser\lib\index.js:13343:10)
      at TypeScriptParserMixin.parseBlock (D:\Projetos\Mano calos projetos\VILA\Vila 2\node_modules\@babel\parser\lib\index.js:13331:10)
      at TypeScriptParserMixin.parseFunctionBody (D:\Projetos\Mano calos projetos\VILA\Vila 2\node_modules\@babel\parser\lib\index.js:12134:24)
      at TypeScriptParserMixin.parseArrowExpression (D:\Projetos\Mano calos projetos\VILA\Vila 2\node_modules\@babel\parser\lib\index.js:12109:10)
      at TypeScriptParserMixin.parseParenAndDistinguishExpression (D:\Projetos\Mano calos projetos\VILA\Vila 2\node_modules\@babel\parser\lib\index.js:11718:12)
      at TypeScriptParserMixin.parseExprAtom (D:\Projetos\Mano calos projetos\VILA\Vila 2\node_modules\@babel\parser\lib\index.js:11362:23)
[2m04:46:34[22m [31m[1m[vite][22m[39m [31mInternal server error: D:\Projetos\Mano calos projetos\VILA\Vila 2\src\components\Sidebar.tsx: Expected corresponding JSX closing tag for <div>. (552:6)

[0m [90m 550 |[31m           )}
 [90m 551 |[31m         [33m<[31m[33m/[31m[33mdiv[31m[33m>[31m
[31m[1m>[22m[31m[90m 552 |[31m       [33m<[31m[33m/[31m[33maside[31m[33m>[31m
 [90m     |[31m       [31m[1m^[22m[31m
 [90m 553 |[31m     [33m<[31m[33m/[31m[33m>[31m
 [90m 554 |[31m   )[33m;[31m
 [90m 555 |[31m }[33m;[31m[0m[39m
  Plugin: [35mvite:react-babel[39m
  File: [36mD:/Projetos/Mano calos projetos/VILA/Vila 2/src/components/Sidebar.tsx[39m:552:6
[33m  550|            )}
  551|          </div>
  552|        </aside>
     |        ^
  553|      </>
  554|    );[39m
      at constructor (D:\Projetos\Mano calos projetos\VILA\Vila 2\node_modules\@babel\parser\lib\index.js:369:19)
      at TypeScriptParserMixin.raise (D:\Projetos\Mano calos projetos\VILA\Vila 2\node_modules\@babel\parser\lib\index.js:6622:19)
      at TypeScriptParserMixin.jsxParseElementAt (D:\Projetos\Mano calos projetos\VILA\Vila 2\node_modules\@babel\parser\lib\index.js:4745:16)
      at TypeScriptParserMixin.jsxParseElementAt (D:\Projetos\Mano calos projetos\VILA\Vila 2\node_modules\@babel\parser\lib\index.js:4716:32)
      at TypeScriptParserMixin.jsxParseElementAt (D:\Projetos\Mano calos projetos\VILA\Vila 2\node_modules\@babel\parser\lib\index.js:4716:32)
      at TypeScriptParserMixin.jsxParseElement (D:\Projetos\Mano calos projetos\VILA\Vila 2\node_modules\@babel\parser\lib\index.js:4767:17)
      at TypeScriptParserMixin.parseExprAtom (D:\Projetos\Mano calos projetos\VILA\Vila 2\node_modules\@babel\parser\lib\index.js:4777:19)
      at TypeScriptParserMixin.parseExprSubscripts (D:\Projetos\Mano calos projetos\VILA\Vila 2\node_modules\@babel\parser\lib\index.js:11107:23)
      at TypeScriptParserMixin.parseUpdate (D:\Projetos\Mano calos projetos\VILA\Vila 2\node_modules\@babel\parser\lib\index.js:11092:21)
      at TypeScriptParserMixin.parseMaybeUnary (D:\Projetos\Mano calos projetos\VILA\Vila 2\node_modules\@babel\parser\lib\index.js:11072:23)
      at TypeScriptParserMixin.parseMaybeUnary (D:\Projetos\Mano calos projetos\VILA\Vila 2\node_modules\@babel\parser\lib\index.js:9860:18)
      at TypeScriptParserMixin.parseMaybeUnaryOrPrivate (D:\Projetos\Mano calos projetos\VILA\Vila 2\node_modules\@babel\parser\lib\index.js:10925:61)
      at TypeScriptParserMixin.parseExprOps (D:\Projetos\Mano calos projetos\VILA\Vila 2\node_modules\@babel\parser\lib\index.js:10930:23)
      at TypeScriptParserMixin.parseMaybeConditional (D:\Projetos\Mano calos projetos\VILA\Vila 2\node_modules\@babel\parser\lib\index.js:10907:23)
      at TypeScriptParserMixin.parseMaybeAssign (D:\Projetos\Mano calos projetos\VILA\Vila 2\node_modules\@babel\parser\lib\index.js:10857:21)
      at D:\Projetos\Mano calos projetos\VILA\Vila 2\node_modules\@babel\parser\lib\index.js:9798:39
      at TypeScriptParserMixin.tryParse (D:\Projetos\Mano calos projetos\VILA\Vila 2\node_modules\@babel\parser\lib\index.js:6930:20)
      at TypeScriptParserMixin.parseMaybeAssign (D:\Projetos\Mano calos projetos\VILA\Vila 2\node_modules\@babel\parser\lib\index.js:9798:18)
      at D:\Projetos\Mano calos projetos\VILA\Vila 2\node_modules\@babel\parser\lib\index.js:10826:39
      at TypeScriptParserMixin.allowInAnd (D:\Projetos\Mano calos projetos\VILA\Vila 2\node_modules\@babel\parser\lib\index.js:12460:12)
      at TypeScriptParserMixin.parseMaybeAssignAllowIn (D:\Projetos\Mano calos projetos\VILA\Vila 2\node_modules\@babel\parser\lib\index.js:10826:17)
      at TypeScriptParserMixin.parseMaybeAssignAllowInOrVoidPattern (D:\Projetos\Mano calos projetos\VILA\Vila 2\node_modules\@babel\parser\lib\index.js:12527:17)
      at TypeScriptParserMixin.parseParenAndDistinguishExpression (D:\Projetos\Mano calos projetos\VILA\Vila 2\node_modules\@babel\parser\lib\index.js:11706:28)
      at TypeScriptParserMixin.parseExprAtom (D:\Projetos\Mano calos projetos\VILA\Vila 2\node_modules\@babel\parser\lib\index.js:11362:23)
      at TypeScriptParserMixin.parseExprAtom (D:\Projetos\Mano calos projetos\VILA\Vila 2\node_modules\@babel\parser\lib\index.js:4782:20)
      at TypeScriptParserMixin.parseExprSubscripts (D:\Projetos\Mano calos projetos\VILA\Vila 2\node_modules\@babel\parser\lib\index.js:11107:23)
      at TypeScriptParserMixin.parseUpdate (D:\Projetos\Mano calos projetos\VILA\Vila 2\node_modules\@babel\parser\lib\index.js:11092:21)
      at TypeScriptParserMixin.parseMaybeUnary (D:\Projetos\Mano calos projetos\VILA\Vila 2\node_modules\@babel\parser\lib\index.js:11072:23)
      at TypeScriptParserMixin.parseMaybeUnary (D:\Projetos\Mano calos projetos\VILA\Vila 2\node_modules\@babel\parser\lib\index.js:9860:18)
      at TypeScriptParserMixin.parseMaybeUnaryOrPrivate (D:\Projetos\Mano calos projetos\VILA\Vila 2\node_modules\@babel\parser\lib\index.js:10925:61)
      at TypeScriptParserMixin.parseExprOps (D:\Projetos\Mano calos projetos\VILA\Vila 2\node_modules\@babel\parser\lib\index.js:10930:23)
      at TypeScriptParserMixin.parseMaybeConditional (D:\Projetos\Mano calos projetos\VILA\Vila 2\node_modules\@babel\parser\lib\index.js:10907:23)
      at TypeScriptParserMixin.parseMaybeAssign (D:\Projetos\Mano calos projetos\VILA\Vila 2\node_modules\@babel\parser\lib\index.js:10857:21)
      at TypeScriptParserMixin.parseMaybeAssign (D:\Projetos\Mano calos projetos\VILA\Vila 2\node_modules\@babel\parser\lib\index.js:9809:20)
      at TypeScriptParserMixin.parseExpressionBase (D:\Projetos\Mano calos projetos\VILA\Vila 2\node_modules\@babel\parser\lib\index.js:10810:23)
      at D:\Projetos\Mano calos projetos\VILA\Vila 2\node_modules\@babel\parser\lib\index.js:10806:39
      at TypeScriptParserMixin.allowInAnd (D:\Projetos\Mano calos projetos\VILA\Vila 2\node_modules\@babel\parser\lib\index.js:12455:16)
      at TypeScriptParserMixin.parseExpression (D:\Projetos\Mano calos projetos\VILA\Vila 2\node_modules\@babel\parser\lib\index.js:10806:17)
      at TypeScriptParserMixin.parseReturnStatement (D:\Projetos\Mano calos projetos\VILA\Vila 2\node_modules\@babel\parser\lib\index.js:13176:28)
      at TypeScriptParserMixin.parseStatementContent (D:\Projetos\Mano calos projetos\VILA\Vila 2\node_modules\@babel\parser\lib\index.js:12832:21)
      at TypeScriptParserMixin.parseStatementContent (D:\Projetos\Mano calos projetos\VILA\Vila 2\node_modules\@babel\parser\lib\index.js:9531:18)
      at TypeScriptParserMixin.parseStatementLike (D:\Projetos\Mano calos projetos\VILA\Vila 2\node_modules\@babel\parser\lib\index.js:12801:17)
      at TypeScriptParserMixin.parseStatementListItem (D:\Projetos\Mano calos projetos\VILA\Vila 2\node_modules\@babel\parser\lib\index.js:12781:17)
      at TypeScriptParserMixin.parseBlockOrModuleBlockBody (D:\Projetos\Mano calos projetos\VILA\Vila 2\node_modules\@babel\parser\lib\index.js:13350:61)
      at TypeScriptParserMixin.parseBlockBody (D:\Projetos\Mano calos projetos\VILA\Vila 2\node_modules\@babel\parser\lib\index.js:13343:10)
      at TypeScriptParserMixin.parseBlock (D:\Projetos\Mano calos projetos\VILA\Vila 2\node_modules\@babel\parser\lib\index.js:13331:10)
      at TypeScriptParserMixin.parseFunctionBody (D:\Projetos\Mano calos projetos\VILA\Vila 2\node_modules\@babel\parser\lib\index.js:12134:24)
      at TypeScriptParserMixin.parseArrowExpression (D:\Projetos\Mano calos projetos\VILA\Vila 2\node_modules\@babel\parser\lib\index.js:12109:10)
      at TypeScriptParserMixin.parseParenAndDistinguishExpression (D:\Projetos\Mano calos projetos\VILA\Vila 2\node_modules\@babel\parser\lib\index.js:11718:12)
      at TypeScriptParserMixin.parseExprAtom (D:\Projetos\Mano calos projetos\VILA\Vila 2\node_modules\@babel\parser\lib\index.js:11362:23)
[2m04:46:35[22m [31m[1m[vite][22m[39m [31m[2m(client)[22m[39m Pre-transform error: D:\Projetos\Mano calos projetos\VILA\Vila 2\src\components\Sidebar.tsx: Expected corresponding JSX closing tag for <div>. (552:6)

[0m [90m 550 |[39m           )}
 [90m 551 |[39m         [33m<[39m[33m/[39m[33mdiv[39m[33m>[39m
[31m[1m>[22m[39m[90m 552 |[39m       [33m<[39m[33m/[39m[33maside[39m[33m>[39m
 [90m     |[39m       [31m[1m^[22m[39m
 [90m 553 |[39m     [33m<[39m[33m/[39m[33m>[39m
 [90m 554 |[39m   )[33m;[39m
 [90m 555 |[39m }[33m;[39m[0m
  Plugin: [35mvite:react-babel[39m
  File: [36mD:/Projetos/Mano calos projetos/VILA/Vila 2/src/components/Sidebar.tsx[39m:552:6
[33m  550|            )}
  551|          </div>
  552|        </aside>
     |        ^
  553|      </>
  554|    );[39m
[2m04:46:37[22m [31m[1m[vite][22m[39m [31mInternal server error: D:\Projetos\Mano calos projetos\VILA\Vila 2\src\components\Sidebar.tsx: Expected corresponding JSX closing tag for <div>. (552:6)

[0m [90m 550 |[31m           )}
 [90m 551 |[31m         [33m<[31m[33m/[31m[33mdiv[31m[33m>[31m
[31m[1m>[22m[31m[90m 552 |[31m       [33m<[31m[33m/[31m[33maside[31m[33m>[31m
 [90m     |[31m       [31m[1m^[22m[31m
 [90m 553 |[31m     [33m<[31m[33m/[31m[33m>[31m
 [90m 554 |[31m   )[33m;[31m
 [90m 555 |[31m }[33m;[31m[0m[39m
  Plugin: [35mvite:react-babel[39m
  File: [36mD:/Projetos/Mano calos projetos/VILA/Vila 2/src/components/Sidebar.tsx[39m:552:6
[33m  550|            )}
  551|          </div>
  552|        </aside>
     |        ^
  553|      </>
  554|    );[39m
      at constructor (D:\Projetos\Mano calos projetos\VILA\Vila 2\node_modules\@babel\parser\lib\index.js:369:19)
      at TypeScriptParserMixin.raise (D:\Projetos\Mano calos projetos\VILA\Vila 2\node_modules\@babel\parser\lib\index.js:6622:19)
      at TypeScriptParserMixin.jsxParseElementAt (D:\Projetos\Mano calos projetos\VILA\Vila 2\node_modules\@babel\parser\lib\index.js:4745:16)
      at TypeScriptParserMixin.jsxParseElementAt (D:\Projetos\Mano calos projetos\VILA\Vila 2\node_modules\@babel\parser\lib\index.js:4716:32)
      at TypeScriptParserMixin.jsxParseElementAt (D:\Projetos\Mano calos projetos\VILA\Vila 2\node_modules\@babel\parser\lib\index.js:4716:32)
      at TypeScriptParserMixin.jsxParseElement (D:\Projetos\Mano calos projetos\VILA\Vila 2\node_modules\@babel\parser\lib\index.js:4767:17)
      at TypeScriptParserMixin.parseExprAtom (D:\Projetos\Mano calos projetos\VILA\Vila 2\node_modules\@babel\parser\lib\index.js:4777:19)
      at TypeScriptParserMixin.parseExprSubscripts (D:\Projetos\Mano calos projetos\VILA\Vila 2\node_modules\@babel\parser\lib\index.js:11107:23)
      at TypeScriptParserMixin.parseUpdate (D:\Projetos\Mano calos projetos\VILA\Vila 2\node_modules\@babel\parser\lib\index.js:11092:21)
      at TypeScriptParserMixin.parseMaybeUnary (D:\Projetos\Mano calos projetos\VILA\Vila 2\node_modules\@babel\parser\lib\index.js:11072:23)
      at TypeScriptParserMixin.parseMaybeUnary (D:\Projetos\Mano calos projetos\VILA\Vila 2\node_modules\@babel\parser\lib\index.js:9860:18)
      at TypeScriptParserMixin.parseMaybeUnaryOrPrivate (D:\Projetos\Mano calos projetos\VILA\Vila 2\node_modules\@babel\parser\lib\index.js:10925:61)
      at TypeScriptParserMixin.parseExprOps (D:\Projetos\Mano calos projetos\VILA\Vila 2\node_modules\@babel\parser\lib\index.js:10930:23)
      at TypeScriptParserMixin.parseMaybeConditional (D:\Projetos\Mano calos projetos\VILA\Vila 2\node_modules\@babel\parser\lib\index.js:10907:23)
      at TypeScriptParserMixin.parseMaybeAssign (D:\Projetos\Mano calos projetos\VILA\Vila 2\node_modules\@babel\parser\lib\index.js:10857:21)
      at D:\Projetos\Mano calos projetos\VILA\Vila 2\node_modules\@babel\parser\lib\index.js:9798:39
      at TypeScriptParserMixin.tryParse (D:\Projetos\Mano calos projetos\VILA\Vila 2\node_modules\@babel\parser\lib\index.js:6930:20)
      at TypeScriptParserMixin.parseMaybeAssign (D:\Projetos\Mano calos projetos\VILA\Vila 2\node_modules\@babel\parser\lib\index.js:9798:18)
      at D:\Projetos\Mano calos projetos\VILA\Vila 2\node_modules\@babel\parser\lib\index.js:10826:39
      at TypeScriptParserMixin.allowInAnd (D:\Projetos\Mano calos projetos\VILA\Vila 2\node_modules\@babel\parser\lib\index.js:12460:12)
      at TypeScriptParserMixin.parseMaybeAssignAllowIn (D:\Projetos\Mano calos projetos\VILA\Vila 2\node_modules\@babel\parser\lib\index.js:10826:17)
      at TypeScriptParserMixin.parseMaybeAssignAllowInOrVoidPattern (D:\Projetos\Mano calos projetos\VILA\Vila 2\node_modules\@babel\parser\lib\index.js:12527:17)
      at TypeScriptParserMixin.parseParenAndDistinguishExpression (D:\Projetos\Mano calos projetos\VILA\Vila 2\node_modules\@babel\parser\lib\index.js:11706:28)
      at TypeScriptParserMixin.parseExprAtom (D:\Projetos\Mano calos projetos\VILA\Vila 2\node_modules\@babel\parser\lib\index.js:11362:23)
      at TypeScriptParserMixin.parseExprAtom (D:\Projetos\Mano calos projetos\VILA\Vila 2\node_modules\@babel\parser\lib\index.js:4782:20)
      at TypeScriptParserMixin.parseExprSubscripts (D:\Projetos\Mano calos projetos\VILA\Vila 2\node_modules\@babel\parser\lib\index.js:11107:23)
      at TypeScriptParserMixin.parseUpdate (D:\Projetos\Mano calos projetos\VILA\Vila 2\node_modules\@babel\parser\lib\index.js:11092:21)
      at TypeScriptParserMixin.parseMaybeUnary (D:\Projetos\Mano calos projetos\VILA\Vila 2\node_modules\@babel\parser\lib\index.js:11072:23)
      at TypeScriptParserMixin.parseMaybeUnary (D:\Projetos\Mano calos projetos\VILA\Vila 2\node_modules\@babel\parser\lib\index.js:9860:18)
      at TypeScriptParserMixin.parseMaybeUnaryOrPrivate (D:\Projetos\Mano calos projetos\VILA\Vila 2\node_modules\@babel\parser\lib\index.js:10925:61)
      at TypeScriptParserMixin.parseExprOps (D:\Projetos\Mano calos projetos\VILA\Vila 2\node_modules\@babel\parser\lib\index.js:10930:23)
      at TypeScriptParserMixin.parseMaybeConditional (D:\Projetos\Mano calos projetos\VILA\Vila 2\node_modules\@babel\parser\lib\index.js:10907:23)
      at TypeScriptParserMixin.parseMaybeAssign (D:\Projetos\Mano calos projetos\VILA\Vila 2\node_modules\@babel\parser\lib\index.js:10857:21)
      at TypeScriptParserMixin.parseMaybeAssign (D:\Projetos\Mano calos projetos\VILA\Vila 2\node_modules\@babel\parser\lib\index.js:9809:20)
      at TypeScriptParserMixin.parseExpressionBase (D:\Projetos\Mano calos projetos\VILA\Vila 2\node_modules\@babel\parser\lib\index.js:10810:23)
      at D:\Projetos\Mano calos projetos\VILA\Vila 2\node_modules\@babel\parser\lib\index.js:10806:39
      at TypeScriptParserMixin.allowInAnd (D:\Projetos\Mano calos projetos\VILA\Vila 2\node_modules\@babel\parser\lib\index.js:12455:16)
      at TypeScriptParserMixin.parseExpression (D:\Projetos\Mano calos projetos\VILA\Vila 2\node_modules\@babel\parser\lib\index.js:10806:17)
      at TypeScriptParserMixin.parseReturnStatement (D:\Projetos\Mano calos projetos\VILA\Vila 2\node_modules\@babel\parser\lib\index.js:13176:28)
      at TypeScriptParserMixin.parseStatementContent (D:\Projetos\Mano calos projetos\VILA\Vila 2\node_modules\@babel\parser\lib\index.js:12832:21)
      at TypeScriptParserMixin.parseStatementContent (D:\Projetos\Mano calos projetos\VILA\Vila 2\node_modules\@babel\parser\lib\index.js:9531:18)
      at TypeScriptParserMixin.parseStatementLike (D:\Projetos\Mano calos projetos\VILA\Vila 2\node_modules\@babel\parser\lib\index.js:12801:17)
      at TypeScriptParserMixin.parseStatementListItem (D:\Projetos\Mano calos projetos\VILA\Vila 2\node_modules\@babel\parser\lib\index.js:12781:17)
      at TypeScriptParserMixin.parseBlockOrModuleBlockBody (D:\Projetos\Mano calos projetos\VILA\Vila 2\node_modules\@babel\parser\lib\index.js:13350:61)
      at TypeScriptParserMixin.parseBlockBody (D:\Projetos\Mano calos projetos\VILA\Vila 2\node_modules\@babel\parser\lib\index.js:13343:10)
      at TypeScriptParserMixin.parseBlock (D:\Projetos\Mano calos projetos\VILA\Vila 2\node_modules\@babel\parser\lib\index.js:13331:10)
      at TypeScriptParserMixin.parseFunctionBody (D:\Projetos\Mano calos projetos\VILA\Vila 2\node_modules\@babel\parser\lib\index.js:12134:24)
      at TypeScriptParserMixin.parseArrowExpression (D:\Projetos\Mano calos projetos\VILA\Vila 2\node_modules\@babel\parser\lib\index.js:12109:10)
      at TypeScriptParserMixin.parseParenAndDistinguishExpression (D:\Projetos\Mano calos projetos\VILA\Vila 2\node_modules\@babel\parser\lib\index.js:11718:12)
      at TypeScriptParserMixin.parseExprAtom (D:\Projetos\Mano calos projetos\VILA\Vila 2\node_modules\@babel\parser\lib\index.js:11362:23)
[2m04:46:42[22m [31m[1m[vite][22m[39m [31mInternal server error: D:\Projetos\Mano calos projetos\VILA\Vila 2\src\components\Sidebar.tsx: Expected corresponding JSX closing tag for <div>. (552:6)

[0m [90m 550 |[31m           )}
 [90m 551 |[31m         [33m<[31m[33m/[31m[33mdiv[31m[33m>[31m
[31m[1m>[22m[31m[90m 552 |[31m       [33m<[31m[33m/[31m[33maside[31m[33m>[31m
 [90m     |[31m       [31m[1m^[22m[31m
 [90m 553 |[31m     [33m<[31m[33m/[31m[33m>[31m
 [90m 554 |[31m   )[33m;[31m
 [90m 555 |[31m }[33m;[31m[0m[39m
  Plugin: [35mvite:react-babel[39m
  File: [36mD:/Projetos/Mano calos projetos/VILA/Vila 2/src/components/Sidebar.tsx[39m:552:6
[33m  550|            )}
  551|          </div>
  552|        </aside>
     |        ^
  553|      </>
  554|    );[39m
      at constructor (D:\Projetos\Mano calos projetos\VILA\Vila 2\node_modules\@babel\parser\lib\index.js:369:19)
      at TypeScriptParserMixin.raise (D:\Projetos\Mano calos projetos\VILA\Vila 2\node_modules\@babel\parser\lib\index.js:6622:19)
      at TypeScriptParserMixin.jsxParseElementAt (D:\Projetos\Mano calos projetos\VILA\Vila 2\node_modules\@babel\parser\lib\index.js:4745:16)
      at TypeScriptParserMixin.jsxParseElementAt (D:\Projetos\Mano calos projetos\VILA\Vila 2\node_modules\@babel\parser\lib\index.js:4716:32)
      at TypeScriptParserMixin.jsxParseElementAt (D:\Projetos\Mano calos projetos\VILA\Vila 2\node_modules\@babel\parser\lib\index.js:4716:32)
      at TypeScriptParserMixin.jsxParseElement (D:\Projetos\Mano calos projetos\VILA\Vila 2\node_modules\@babel\parser\lib\index.js:4767:17)
      at TypeScriptParserMixin.parseExprAtom (D:\Projetos\Mano calos projetos\VILA\Vila 2\node_modules\@babel\parser\lib\index.js:4777:19)
      at TypeScriptParserMixin.parseExprSubscripts (D:\Projetos\Mano calos projetos\VILA\Vila 2\node_modules\@babel\parser\lib\index.js:11107:23)
      at TypeScriptParserMixin.parseUpdate (D:\Projetos\Mano calos projetos\VILA\Vila 2\node_modules\@babel\parser\lib\index.js:11092:21)
      at TypeScriptParserMixin.parseMaybeUnary (D:\Projetos\Mano calos projetos\VILA\Vila 2\node_modules\@babel\parser\lib\index.js:11072:23)
      at TypeScriptParserMixin.parseMaybeUnary (D:\Projetos\Mano calos projetos\VILA\Vila 2\node_modules\@babel\parser\lib\index.js:9860:18)
      at TypeScriptParserMixin.parseMaybeUnaryOrPrivate (D:\Projetos\Mano calos projetos\VILA\Vila 2\node_modules\@babel\parser\lib\index.js:10925:61)
      at TypeScriptParserMixin.parseExprOps (D:\Projetos\Mano calos projetos\VILA\Vila 2\node_modules\@babel\parser\lib\index.js:10930:23)
      at TypeScriptParserMixin.parseMaybeConditional (D:\Projetos\Mano calos projetos\VILA\Vila 2\node_modules\@babel\parser\lib\index.js:10907:23)
      at TypeScriptParserMixin.parseMaybeAssign (D:\Projetos\Mano calos projetos\VILA\Vila 2\node_modules\@babel\parser\lib\index.js:10857:21)
      at D:\Projetos\Mano calos projetos\VILA\Vila 2\node_modules\@babel\parser\lib\index.js:9798:39
      at TypeScriptParserMixin.tryParse (D:\Projetos\Mano calos projetos\VILA\Vila 2\node_modules\@babel\parser\lib\index.js:6930:20)
      at TypeScriptParserMixin.parseMaybeAssign (D:\Projetos\Mano calos projetos\VILA\Vila 2\node_modules\@babel\parser\lib\index.js:9798:18)
      at D:\Projetos\Mano calos projetos\VILA\Vila 2\node_modules\@babel\parser\lib\index.js:10826:39
      at TypeScriptParserMixin.allowInAnd (D:\Projetos\Mano calos projetos\VILA\Vila 2\node_modules\@babel\parser\lib\index.js:12460:12)
      at TypeScriptParserMixin.parseMaybeAssignAllowIn (D:\Projetos\Mano calos projetos\VILA\Vila 2\node_modules\@babel\parser\lib\index.js:10826:17)
      at TypeScriptParserMixin.parseMaybeAssignAllowInOrVoidPattern (D:\Projetos\Mano calos projetos\VILA\Vila 2\node_modules\@babel\parser\lib\index.js:12527:17)
      at TypeScriptParserMixin.parseParenAndDistinguishExpression (D:\Projetos\Mano calos projetos\VILA\Vila 2\node_modules\@babel\parser\lib\index.js:11706:28)
      at TypeScriptParserMixin.parseExprAtom (D:\Projetos\Mano calos projetos\VILA\Vila 2\node_modules\@babel\parser\lib\index.js:11362:23)
      at TypeScriptParserMixin.parseExprAtom (D:\Projetos\Mano calos projetos\VILA\Vila 2\node_modules\@babel\parser\lib\index.js:4782:20)
      at TypeScriptParserMixin.parseExprSubscripts (D:\Projetos\Mano calos projetos\VILA\Vila 2\node_modules\@babel\parser\lib\index.js:11107:23)
      at TypeScriptParserMixin.parseUpdate (D:\Projetos\Mano calos projetos\VILA\Vila 2\node_modules\@babel\parser\lib\index.js:11092:21)
      at TypeScriptParserMixin.parseMaybeUnary (D:\Projetos\Mano calos projetos\VILA\Vila 2\node_modules\@babel\parser\lib\index.js:11072:23)
      at TypeScriptParserMixin.parseMaybeUnary (D:\Projetos\Mano calos projetos\VILA\Vila 2\node_modules\@babel\parser\lib\index.js:9860:18)
      at TypeScriptParserMixin.parseMaybeUnaryOrPrivate (D:\Projetos\Mano calos projetos\VILA\Vila 2\node_modules\@babel\parser\lib\index.js:10925:61)
      at TypeScriptParserMixin.parseExprOps (D:\Projetos\Mano calos projetos\VILA\Vila 2\node_modules\@babel\parser\lib\index.js:10930:23)
      at TypeScriptParserMixin.parseMaybeConditional (D:\Projetos\Mano calos projetos\VILA\Vila 2\node_modules\@babel\parser\lib\index.js:10907:23)
      at TypeScriptParserMixin.parseMaybeAssign (D:\Projetos\Mano calos projetos\VILA\Vila 2\node_modules\@babel\parser\lib\index.js:10857:21)
      at TypeScriptParserMixin.parseMaybeAssign (D:\Projetos\Mano calos projetos\VILA\Vila 2\node_modules\@babel\parser\lib\index.js:9809:20)
      at TypeScriptParserMixin.parseExpressionBase (D:\Projetos\Mano calos projetos\VILA\Vila 2\node_modules\@babel\parser\lib\index.js:10810:23)
      at D:\Projetos\Mano calos projetos\VILA\Vila 2\node_modules\@babel\parser\lib\index.js:10806:39
      at TypeScriptParserMixin.allowInAnd (D:\Projetos\Mano calos projetos\VILA\Vila 2\node_modules\@babel\parser\lib\index.js:12455:16)
      at TypeScriptParserMixin.parseExpression (D:\Projetos\Mano calos projetos\VILA\Vila 2\node_modules\@babel\parser\lib\index.js:10806:17)
      at TypeScriptParserMixin.parseReturnStatement (D:\Projetos\Mano calos projetos\VILA\Vila 2\node_modules\@babel\parser\lib\index.js:13176:28)
      at TypeScriptParserMixin.parseStatementContent (D:\Projetos\Mano calos projetos\VILA\Vila 2\node_modules\@babel\parser\lib\index.js:12832:21)
      at TypeScriptParserMixin.parseStatementContent (D:\Projetos\Mano calos projetos\VILA\Vila 2\node_modules\@babel\parser\lib\index.js:9531:18)
      at TypeScriptParserMixin.parseStatementLike (D:\Projetos\Mano calos projetos\VILA\Vila 2\node_modules\@babel\parser\lib\index.js:12801:17)
      at TypeScriptParserMixin.parseStatementListItem (D:\Projetos\Mano calos projetos\VILA\Vila 2\node_modules\@babel\parser\lib\index.js:12781:17)
      at TypeScriptParserMixin.parseBlockOrModuleBlockBody (D:\Projetos\Mano calos projetos\VILA\Vila 2\node_modules\@babel\parser\lib\index.js:13350:61)
      at TypeScriptParserMixin.parseBlockBody (D:\Projetos\Mano calos projetos\VILA\Vila 2\node_modules\@babel\parser\lib\index.js:13343:10)
      at TypeScriptParserMixin.parseBlock (D:\Projetos\Mano calos projetos\VILA\Vila 2\node_modules\@babel\parser\lib\index.js:13331:10)
      at TypeScriptParserMixin.parseFunctionBody (D:\Projetos\Mano calos projetos\VILA\Vila 2\node_modules\@babel\parser\lib\index.js:12134:24)
      at TypeScriptParserMixin.parseArrowExpression (D:\Projetos\Mano calos projetos\VILA\Vila 2\node_modules\@babel\parser\lib\index.js:12109:10)
      at TypeScriptParserMixin.parseParenAndDistinguishExpression (D:\Projetos\Mano calos projetos\VILA\Vila 2\node_modules\@babel\parser\lib\index.js:11718:12)
      at TypeScriptParserMixin.parseExprAtom (D:\Projetos\Mano calos projetos\VILA\Vila 2\node_modules\@babel\parser\lib\index.js:11362:23)
